
> gungnir-back@0.2.0 start:dev
> nest start --watch

[2J[3J[H[[90m2:09:34 p. m.[0m] Starting compilation in watch mode...

[[90m2:09:43 p. m.[0m] Found 0 errors. Watching for file changes.

[14:09:51.637] [32mINFO[39m (16748): [36mStarting Nest application...[39m
    [35mcontext[39m: "NestFactory"
[14:09:51.637] [32mINFO[39m (16748): [36mQueueModule dependencies initialized[39m
    [35mcontext[39m: "InstanceLoader"
[14:09:51.637] [32mINFO[39m (16748): [36mRolesModule dependencies initialized[39m
    [35mcontext[39m: "InstanceLoader"
[14:09:51.637] [32mINFO[39m (16748): [36mOrganizationsModule dependencies initialized[39m
    [35mcontext[39m: "InstanceLoader"
[14:09:51.637] [32mINFO[39m (16748): [36mUnitsModule dependencies initialized[39m
    [35mcontext[39m: "InstanceLoader"
[14:09:51.637] [32mINFO[39m (16748): [36mEventEmitterModule dependencies initialized[39m
    [35mcontext[39m: "InstanceLoader"
[14:09:51.638] [32mINFO[39m (16748): [36mTaskingModule dependencies initialized[39m
    [35mcontext[39m: "InstanceLoader"
[14:09:51.638] [32mINFO[39m (16748): [36mIncidentsModule dependencies initialized[39m
    [35mcontext[39m: "InstanceLoader"
[14:09:51.638] [32mINFO[39m (16748): [36mFireIntelModule dependencies initialized[39m
    [35mcontext[39m: "InstanceLoader"
[14:09:51.638] [32mINFO[39m (16748): [36mAirTrafficModule dependencies initialized[39m
    [35mcontext[39m: "InstanceLoader"
[14:09:51.638] [32mINFO[39m (16748): [36mNotamsModule dependencies initialized[39m
    [35mcontext[39m: "InstanceLoader"
[14:09:51.638] [32mINFO[39m (16748): [36mWeatherModule dependencies initialized[39m
    [35mcontext[39m: "InstanceLoader"
[14:09:51.638] [32mINFO[39m (16748): [36mGuardianModule dependencies initialized[39m
    [35mcontext[39m: "InstanceLoader"
[14:09:51.638] [32mINFO[39m (16748): [36mMavlinkModule dependencies initialized[39m
    [35mcontext[39m: "InstanceLoader"
[14:09:51.638] [32mINFO[39m (16748): [36mAtakModule dependencies initialized[39m
    [35mcontext[39m: "InstanceLoader"
[14:09:51.638] [32mINFO[39m (16748): [36mCotModule dependencies initialized[39m
    [35mcontext[39m: "InstanceLoader"
[14:09:51.638] [32mINFO[39m (16748): [36mRealtimeModule dependencies initialized[39m
    [35mcontext[39m: "InstanceLoader"
[14:09:51.638] [32mINFO[39m (16748): [36mConfigHostModule dependencies initialized[39m
    [35mcontext[39m: "InstanceLoader"
[14:09:51.638] [32mINFO[39m (16748): [36mJwtModule dependencies initialized[39m
    [35mcontext[39m: "InstanceLoader"
[14:09:51.638] [32mINFO[39m (16748): [36mThrottlerModule dependencies initialized[39m
    [35mcontext[39m: "InstanceLoader"
[14:09:51.638] [32mINFO[39m (16748): [36mSystemHealthModule dependencies initialized[39m
    [35mcontext[39m: "InstanceLoader"
[14:09:51.638] [32mINFO[39m (16748): [36mDiscoveryModule dependencies initialized[39m
    [35mcontext[39m: "InstanceLoader"
[14:09:51.638] [32mINFO[39m (16748): [36mConfigModule dependencies initialized[39m
    [35mcontext[39m: "InstanceLoader"
[14:09:51.638] [32mINFO[39m (16748): [36mConfigModule dependencies initialized[39m
    [35mcontext[39m: "InstanceLoader"
[14:09:51.638] [32mINFO[39m (16748): [36mEventEmitterModule dependencies initialized[39m
    [35mcontext[39m: "InstanceLoader"
[14:09:51.638] [32mINFO[39m (16748): [36mLoggerModule dependencies initialized[39m
    [35mcontext[39m: "InstanceLoader"
[14:09:51.638] [32mINFO[39m (16748): [36mBullModule dependencies initialized[39m
    [35mcontext[39m: "InstanceLoader"
[14:09:51.638] [32mINFO[39m (16748): [36mMqttModule dependencies initialized[39m
    [35mcontext[39m: "InstanceLoader"
[14:09:51.638] [32mINFO[39m (16748): [36mBullModule dependencies initialized[39m
    [35mcontext[39m: "InstanceLoader"
[14:09:51.638] [32mINFO[39m (16748): [36mDatabaseModule dependencies initialized[39m
    [35mcontext[39m: "InstanceLoader"
[14:09:51.638] [32mINFO[39m (16748): [36mAppModule dependencies initialized[39m
    [35mcontext[39m: "InstanceLoader"
[14:09:51.638] [32mINFO[39m (16748): [36mAuditModule dependencies initialized[39m
    [35mcontext[39m: "InstanceLoader"
[14:09:51.638] [32mINFO[39m (16748): [36mUsersModule dependencies initialized[39m
    [35mcontext[39m: "InstanceLoader"
[14:09:51.638] [32mINFO[39m (16748): [36mAssetsModule dependencies initialized[39m
    [35mcontext[39m: "InstanceLoader"
[14:09:51.638] [32mINFO[39m (16748): [36mBullModule dependencies initialized[39m
    [35mcontext[39m: "InstanceLoader"
[14:09:51.638] [32mINFO[39m (16748): [36mCopModule dependencies initialized[39m
    [35mcontext[39m: "InstanceLoader"
[14:09:51.638] [32mINFO[39m (16748): [36mDevicesModule dependencies initialized[39m
    [35mcontext[39m: "InstanceLoader"
[14:09:51.638] [32mINFO[39m (16748): [36mTrackingModule dependencies initialized[39m
    [35mcontext[39m: "InstanceLoader"
[14:09:51.638] [32mINFO[39m (16748): [36mGeofencesModule dependencies initialized[39m
    [35mcontext[39m: "InstanceLoader"
[14:09:51.638] [32mINFO[39m (16748): [36mTelemetryModule dependencies initialized[39m
    [35mcontext[39m: "InstanceLoader"
[14:09:51.638] [32mINFO[39m (16748): [36mCommandsModule dependencies initialized[39m
    [35mcontext[39m: "InstanceLoader"
[14:09:51.638] [32mINFO[39m (16748): [36mMissionsModule dependencies initialized[39m
    [35mcontext[39m: "InstanceLoader"
[14:09:51.638] [32mINFO[39m (16748): [36mAlertsModule dependencies initialized[39m
    [35mcontext[39m: "InstanceLoader"
[14:09:51.638] [32mINFO[39m (16748): [36mMapLayersModule dependencies initialized[39m
    [35mcontext[39m: "InstanceLoader"
[14:09:51.638] [32mINFO[39m (16748): [36mExternalSourcesModule dependencies initialized[39m
    [35mcontext[39m: "InstanceLoader"
[14:09:51.638] [32mINFO[39m (16748): [36mAuthModule dependencies initialized[39m
    [35mcontext[39m: "InstanceLoader"
[14:09:51.638] [33mWARN[39m (16748): [36mUnsupported route path: "/api/*". In previous versions, the symbols ?, *, and + were used to denote optional or repeating path parameters. The latest version of "path-to-regexp" now requires the use of named parameters. For example, instead of using a route like /users/* to capture all routes starting with "/users", you should use /users/*path. For more details, refer to the migration guide. Attempting to auto-convert...[39m
    [35mcontext[39m: "LegacyRouteConverter"
[14:09:51.638] [33mWARN[39m (16748): [36mUnsupported route path: "/api/*". In previous versions, the symbols ?, *, and + were used to denote optional or repeating path parameters. The latest version of "path-to-regexp" now requires the use of named parameters. For example, instead of using a route like /users/* to capture all routes starting with "/users", you should use /users/*path. For more details, refer to the migration guide. Attempting to auto-convert...[39m
    [35mcontext[39m: "LegacyRouteConverter"
[14:09:51.638] [32mINFO[39m (16748): [36mAuthController {/api/auth}:[39m
    [35mcontext[39m: "RoutesResolver"
[14:09:51.638] [32mINFO[39m (16748): [36mMapped {/api/auth/login, POST} route[39m
    [35mcontext[39m: "RouterExplorer"
[14:09:51.638] [32mINFO[39m (16748): [36mMapped {/api/auth/refresh, POST} route[39m
    [35mcontext[39m: "RouterExplorer"
[14:09:51.638] [32mINFO[39m (16748): [36mMapped {/api/auth/logout, POST} route[39m
    [35mcontext[39m: "RouterExplorer"
[14:09:51.638] [32mINFO[39m (16748): [36mMapped {/api/auth/me, GET} route[39m
    [35mcontext[39m: "RouterExplorer"
[14:09:51.638] [32mINFO[39m (16748): [36mDevicesController {/api/devices}:[39m
    [35mcontext[39m: "RoutesResolver"
[14:09:51.638] [32mINFO[39m (16748): [36mMapped {/api/devices, GET} route[39m
    [35mcontext[39m: "RouterExplorer"
[14:09:51.638] [32mINFO[39m (16748): [36mMapped {/api/devices/:id, GET} route[39m
    [35mcontext[39m: "RouterExplorer"
[14:09:51.638] [32mINFO[39m (16748): [36mMapped {/api/devices, POST} route[39m
    [35mcontext[39m: "RouterExplorer"
[14:09:51.638] [32mINFO[39m (16748): [36mMapped {/api/devices/:id, PATCH} route[39m
    [35mcontext[39m: "RouterExplorer"
[14:09:51.638] [32mINFO[39m (16748): [36mMapped {/api/devices/:id/current-state, GET} route[39m
    [35mcontext[39m: "RouterExplorer"
[14:09:51.638] [32mINFO[39m (16748): [36mMapped {/api/devices/:id/telemetry, GET} route[39m
    [35mcontext[39m: "RouterExplorer"
[14:09:51.638] [32mINFO[39m (16748): [36mMapped {/api/devices/:id/commands, GET} route[39m
    [35mcontext[39m: "RouterExplorer"
[14:09:51.638] [32mINFO[39m (16748): [36mTrackingController {/api/tracks}:[39m
    [35mcontext[39m: "RoutesResolver"
[14:09:51.638] [32mINFO[39m (16748): [36mMapped {/api/tracks/current, GET} route[39m
    [35mcontext[39m: "RouterExplorer"
[14:09:51.638] [32mINFO[39m (16748): [36mMapped {/api/tracks/history, GET} route[39m
    [35mcontext[39m: "RouterExplorer"
[14:09:51.638] [32mINFO[39m (16748): [36mMapped {/api/tracks/bbox, GET} route[39m
    [35mcontext[39m: "RouterExplorer"
[14:09:51.638] [32mINFO[39m (16748): [36mMapped {/api/tracks/:id, GET} route[39m
    [35mcontext[39m: "RouterExplorer"
[14:09:51.638] [32mINFO[39m (16748): [36mTelemetryController {/api/telemetry}:[39m
    [35mcontext[39m: "RoutesResolver"
[14:09:51.638] [32mINFO[39m (16748): [36mMapped {/api/telemetry/ingest, POST} route[39m
    [35mcontext[39m: "RouterExplorer"
[14:09:51.638] [32mINFO[39m (16748): [36mMapped {/api/telemetry, GET} route[39m
    [35mcontext[39m: "RouterExplorer"
[14:09:51.638] [32mINFO[39m (16748): [36mMapped {/api/telemetry/:deviceId, GET} route[39m
    [35mcontext[39m: "RouterExplorer"
[14:09:51.638] [32mINFO[39m (16748): [36mCommandsController {/api/commands}:[39m
    [35mcontext[39m: "RoutesResolver"
[14:09:51.638] [32mINFO[39m (16748): [36mMapped {/api/commands, POST} route[39m
    [35mcontext[39m: "RouterExplorer"
[14:09:51.638] [32mINFO[39m (16748): [36mMapped {/api/commands, GET} route[39m
    [35mcontext[39m: "RouterExplorer"
[14:09:51.638] [32mINFO[39m (16748): [36mMapped {/api/commands/:id, GET} route[39m
    [35mcontext[39m: "RouterExplorer"
[14:09:51.638] [32mINFO[39m (16748): [36mMapped {/api/commands/:id/cancel, POST} route[39m
    [35mcontext[39m: "RouterExplorer"
[14:09:51.638] [32mINFO[39m (16748): [36mCopController {/api/v1}:[39m
    [35mcontext[39m: "RoutesResolver"
[14:09:51.638] [32mINFO[39m (16748): [36mMapped {/api/v1/operations/bootstrap, GET} route[39m
    [35mcontext[39m: "RouterExplorer"
[14:09:51.638] [32mINFO[39m (16748): [36mMapped {/api/v1/operations/snapshot, GET} route[39m
    [35mcontext[39m: "RouterExplorer"
[14:09:51.638] [32mINFO[39m (16748): [36mMapped {/api/v1/assets, GET} route[39m
    [35mcontext[39m: "RouterExplorer"
[14:09:51.638] [32mINFO[39m (16748): [36mMapped {/api/v1/assets/:id, GET} route[39m
    [35mcontext[39m: "RouterExplorer"
[14:09:51.638] [32mINFO[39m (16748): [36mMapped {/api/v1/alerts, GET} route[39m
    [35mcontext[39m: "RouterExplorer"
[14:09:51.638] [32mINFO[39m (16748): [36mMapped {/api/v1/alerts/:id, GET} route[39m
    [35mcontext[39m: "RouterExplorer"
[14:09:51.638] [32mINFO[39m (16748): [36mMapped {/api/v1/incidents, GET} route[39m
    [35mcontext[39m: "RouterExplorer"
[14:09:51.638] [32mINFO[39m (16748): [36mMapped {/api/v1/incidents/:id, GET} route[39m
    [35mcontext[39m: "RouterExplorer"
[14:09:51.638] [32mINFO[39m (16748): [36mMapped {/api/v1/layers, GET} route[39m
    [35mcontext[39m: "RouterExplorer"
[14:09:51.638] [32mINFO[39m (16748): [36mMapped {/api/v1/layers/:id, GET} route[39m
    [35mcontext[39m: "RouterExplorer"
[14:09:51.638] [32mINFO[39m (16748): [36mMapped {/api/v1/timeline, GET} route[39m
    [35mcontext[39m: "RouterExplorer"
[14:09:51.638] [32mINFO[39m (16748): [36mMapped {/api/v1/timeline/:id, GET} route[39m
    [35mcontext[39m: "RouterExplorer"
[14:09:51.638] [32mINFO[39m (16748): [36mMapped {/api/v1/geospatial/fire-hotspots, GET} route[39m
    [35mcontext[39m: "RouterExplorer"
[14:09:51.638] [32mINFO[39m (16748): [36mMissionsController {/api/missions}:[39m
    [35mcontext[39m: "RoutesResolver"
[14:09:51.638] [32mINFO[39m (16748): [36mMapped {/api/missions, GET} route[39m
    [35mcontext[39m: "RouterExplorer"
[14:09:51.638] [32mINFO[39m (16748): [36mMapped {/api/missions, POST} route[39m
    [35mcontext[39m: "RouterExplorer"
[14:09:51.638] [32mINFO[39m (16748): [36mMapped {/api/missions/:id, GET} route[39m
    [35mcontext[39m: "RouterExplorer"
[14:09:51.638] [32mINFO[39m (16748): [36mMapped {/api/missions/:id, PATCH} route[39m
    [35mcontext[39m: "RouterExplorer"
[14:09:51.638] [32mINFO[39m (16748): [36mMapped {/api/missions/:id, DELETE} route[39m
    [35mcontext[39m: "RouterExplorer"
[14:09:51.638] [32mINFO[39m (16748): [36mAlertsController {/api/alerts}:[39m
    [35mcontext[39m: "RoutesResolver"
[14:09:51.638] [32mINFO[39m (16748): [36mMapped {/api/alerts, GET} route[39m
    [35mcontext[39m: "RouterExplorer"
[14:09:51.638] [32mINFO[39m (16748): [36mMapped {/api/alerts/:id/ack, POST} route[39m
    [35mcontext[39m: "RouterExplorer"
[14:09:51.638] [32mINFO[39m (16748): [36mMapped {/api/alerts/:id/resolve, POST} route[39m
    [35mcontext[39m: "RouterExplorer"
[14:09:51.638] [32mINFO[39m (16748): [36mGeofencesController {/api/geofences}:[39m
    [35mcontext[39m: "RoutesResolver"
[14:09:51.638] [32mINFO[39m (16748): [36mMapped {/api/geofences, GET} route[39m
    [35mcontext[39m: "RouterExplorer"
[14:09:51.638] [32mINFO[39m (16748): [36mMapped {/api/geofences, POST} route[39m
    [35mcontext[39m: "RouterExplorer"
[14:09:51.638] [32mINFO[39m (16748): [36mMapped {/api/geofences/:id, GET} route[39m
    [35mcontext[39m: "RouterExplorer"
[14:09:51.638] [32mINFO[39m (16748): [36mMapped {/api/geofences/:id, PATCH} route[39m
    [35mcontext[39m: "RouterExplorer"
[14:09:51.638] [32mINFO[39m (16748): [36mMapped {/api/geofences/:id, DELETE} route[39m
    [35mcontext[39m: "RouterExplorer"
[14:09:51.638] [32mINFO[39m (16748): [36mMapLayersController {/api/map-layers}:[39m
    [35mcontext[39m: "RoutesResolver"
[14:09:51.638] [32mINFO[39m (16748): [36mMapped {/api/map-layers, GET} route[39m
    [35mcontext[39m: "RouterExplorer"
[14:09:51.638] [32mINFO[39m (16748): [36mMapped {/api/map-layers/:id, GET} route[39m
    [35mcontext[39m: "RouterExplorer"
[14:09:51.638] [32mINFO[39m (16748): [36mMapped {/api/map-layers/:id/features, GET} route[39m
    [35mcontext[39m: "RouterExplorer"
[14:09:51.638] [32mINFO[39m (16748): [36mMapped {/api/map-layers/:id/geojson, GET} route[39m
    [35mcontext[39m: "RouterExplorer"
[14:09:51.638] [32mINFO[39m (16748): [36mMapped {/api/map-layers/:id, PATCH} route[39m
    [35mcontext[39m: "RouterExplorer"
[14:09:51.638] [32mINFO[39m (16748): [36mExternalSourcesController {/api/external-sources}:[39m
    [35mcontext[39m: "RoutesResolver"
[14:09:51.638] [32mINFO[39m (16748): [36mMapped {/api/external-sources, GET} route[39m
    [35mcontext[39m: "RouterExplorer"
[14:09:51.638] [32mINFO[39m (16748): [36mMapped {/api/external-sources/:id/sync, POST} route[39m
    [35mcontext[39m: "RouterExplorer"
[14:09:51.638] [32mINFO[39m (16748): [36mSystemHealthController {/api}:[39m
    [35mcontext[39m: "RoutesResolver"
[14:09:51.638] [32mINFO[39m (16748): [36mMapped {/api/health, GET} route[39m
    [35mcontext[39m: "RouterExplorer"
[14:09:51.638] [32mINFO[39m (16748): [36mMapped {/api/metrics, GET} route[39m
    [35mcontext[39m: "RouterExplorer"
[14:09:51.638] [32mINFO[39m (16748): [36mNest application successfully started[39m
    [35mcontext[39m: "NestApplication"
[14:09:51.639] [32mINFO[39m (16748): [36mGungnir backend listening on http://127.0.0.1:4000[39m
[14:09:51.773] [32mINFO[39m (16748): [36mConnected to MQTT broker mqtt://localhost:1883[39m
    [35mcontext[39m: "MqttService"
[14:09:51.881] [32mINFO[39m (16748): [36mrequest completed[39m
    [35mreq[39m: {
      "id": 1,
      "method": "POST",
      "url": "/api/auth/login",
      "query": {},
      "params": {
        "path": [
          "auth",
          "login"
        ]
      },
      "headers": {
        "user-agent": "Mozilla/5.0 (Windows NT; Windows NT 10.0; es-CL) WindowsPowerShell/5.1.26100.8457",
        "content-type": "application/json",
        "host": "127.0.0.1:4000",
        "content-length": "55",
        "connection": "Keep-Alive"
      },
      "remoteAddress": "127.0.0.1",
      "remotePort": 53125
    }
    [35mres[39m: {
      "statusCode": 201,
      "headers": {
        "content-security-policy": "default-src 'self';base-uri 'self';font-src 'self' https: data:;form-action 'self';frame-ancestors 'self';img-src 'self' data:;object-src 'none';script-src 'self';script-src-attr 'none';style-src 'self' https: 'unsafe-inline';upgrade-insecure-requests",
        "cross-origin-opener-policy": "same-origin",
        "cross-origin-resource-policy": "same-origin",
        "origin-agent-cluster": "?1",
        "referrer-policy": "no-referrer",
        "strict-transport-security": "max-age=31536000; includeSubDomains",
        "x-content-type-options": "nosniff",
        "x-dns-prefetch-control": "off",
        "x-download-options": "noopen",
        "x-frame-options": "SAMEORIGIN",
        "x-permitted-cross-domain-policies": "none",
        "x-xss-protection": "0",
        "vary": "Origin",
        "access-control-allow-credentials": "true",
        "x-ratelimit-limit": "120",
        "x-ratelimit-remaining": "119",
        "x-ratelimit-reset": "60",
        "x-correlation-id": "7c13afde-d108-49b9-b378-3739ec6f4d48",
        "content-type": "application/json; charset=utf-8",
        "content-length": "569",
        "etag": "W/\"239-QPPBe7+7pCsk0Rm6XbYePk84w0Q\""
      }
    }
    [35mresponseTime[39m: 115
[14:09:51.953] [32mINFO[39m (16748): [36mrequest completed[39m
    [35mreq[39m: {
      "id": 2,
      "method": "GET",
      "url": "/api/devices",
      "query": {},
      "params": {
        "path": [
          "devices"
        ]
      },
      "headers": {
        "authorization": "Bearer eyJhbGciOiJIUzI1NiIsInR5cCI6IkpXVCJ9.eyJzdWIiOiJ1c2VyLWFkbWluIiwiZW1haWwiOiJhZG1pbkBndW5nbmlyLmxvY2FsIiwicm9sZXMiOlsiYWRtaW4iXSwiaWF0IjoxNzc5MTI3NzkxLCJleHAiOjE3NzkxMjg2OTF9.dAkhcIU8HrPmRzf4CvkEHz4nbYLEjdcMqv5KSqBYbgw",
        "user-agent": "Mozilla/5.0 (Windows NT; Windows NT 10.0; es-CL) WindowsPowerShell/5.1.26100.8457",
        "host": "127.0.0.1:4000"
      },
      "remoteAddress": "127.0.0.1",
      "remotePort": 53125
    }
    [35mres[39m: {
      "statusCode": 200,
      "headers": {
        "content-security-policy": "default-src 'self';base-uri 'self';font-src 'self' https: data:;form-action 'self';frame-ancestors 'self';img-src 'self' data:;object-src 'none';script-src 'self';script-src-attr 'none';style-src 'self' https: 'unsafe-inline';upgrade-insecure-requests",
        "cross-origin-opener-policy": "same-origin",
        "cross-origin-resource-policy": "same-origin",
        "origin-agent-cluster": "?1",
        "referrer-policy": "no-referrer",
        "strict-transport-security": "max-age=31536000; includeSubDomains",
        "x-content-type-options": "nosniff",
        "x-dns-prefetch-control": "off",
        "x-download-options": "noopen",
        "x-frame-options": "SAMEORIGIN",
        "x-permitted-cross-domain-policies": "none",
        "x-xss-protection": "0",
        "vary": "Origin",
        "access-control-allow-credentials": "true",
        "x-ratelimit-limit": "120",
        "x-ratelimit-remaining": "119",
        "x-ratelimit-reset": "60",
        "x-correlation-id": "8ab4445c-9e95-48c9-8121-39e5226ee370",
        "content-type": "application/json; charset=utf-8",
        "content-length": "391",
        "etag": "W/\"187-wFixndeDMExMbypLdc/dp5I7KtI\""
      }
    }
    [35mresponseTime[39m: 6
[14:10:07.455] [32mINFO[39m (16748): [36mrequest completed[39m
    [35mreq[39m: {
      "id": 3,
      "method": "GET",
      "url": "/api/health",
      "query": {},
      "params": {
        "path": [
          "health"
        ]
      },
      "headers": {
        "user-agent": "Mozilla/5.0 (Windows NT; Windows NT 10.0; es-CL) WindowsPowerShell/5.1.26100.8457",
        "host": "127.0.0.1:4000",
        "connection": "Keep-Alive"
      },
      "remoteAddress": "127.0.0.1",
      "remotePort": 53146
    }
    [35mres[39m: {
      "statusCode": 200,
      "headers": {
        "content-security-policy": "default-src 'self';base-uri 'self';font-src 'self' https: data:;form-action 'self';frame-ancestors 'self';img-src 'self' data:;object-src 'none';script-src 'self';script-src-attr 'none';style-src 'self' https: 'unsafe-inline';upgrade-insecure-requests",
        "cross-origin-opener-policy": "same-origin",
        "cross-origin-resource-policy": "same-origin",
        "origin-agent-cluster": "?1",
        "referrer-policy": "no-referrer",
        "strict-transport-security": "max-age=31536000; includeSubDomains",
        "x-content-type-options": "nosniff",
        "x-dns-prefetch-control": "off",
        "x-download-options": "noopen",
        "x-frame-options": "SAMEORIGIN",
        "x-permitted-cross-domain-policies": "none",
        "x-xss-protection": "0",
        "vary": "Origin",
        "access-control-allow-credentials": "true",
        "x-ratelimit-limit": "120",
        "x-ratelimit-remaining": "119",
        "x-ratelimit-reset": "60",
        "x-correlation-id": "64b80575-83e9-4e97-b22f-bf7e1800d79f",
        "content-type": "application/json; charset=utf-8",
        "content-length": "79",
        "etag": "W/\"4f-z+lk9UuqWfsNMBnHBisMEsTi894\""
      }
    }
    [35mresponseTime[39m: 2
[14:10:07.697] [32mINFO[39m (16748): [36mrequest completed[39m
    [35mreq[39m: {
      "id": 4,
      "method": "POST",
      "url": "/api/auth/login",
      "query": {},
      "params": {
        "path": [
          "auth",
          "login"
        ]
      },
      "headers": {
        "user-agent": "Mozilla/5.0 (Windows NT; Windows NT 10.0; es-CL) WindowsPowerShell/5.1.26100.8457",
        "content-type": "application/json",
        "host": "127.0.0.1:4000",
        "content-length": "55",
        "expect": "100-continue",
        "connection": "Keep-Alive"
      },
      "remoteAddress": "127.0.0.1",
      "remotePort": 53148
    }
    [35mres[39m: {
      "statusCode": 201,
      "headers": {
        "content-security-policy": "default-src 'self';base-uri 'self';font-src 'self' https: data:;form-action 'self';frame-ancestors 'self';img-src 'self' data:;object-src 'none';script-src 'self';script-src-attr 'none';style-src 'self' https: 'unsafe-inline';upgrade-insecure-requests",
        "cross-origin-opener-policy": "same-origin",
        "cross-origin-resource-policy": "same-origin",
        "origin-agent-cluster": "?1",
        "referrer-policy": "no-referrer",
        "strict-transport-security": "max-age=31536000; includeSubDomains",
        "x-content-type-options": "nosniff",
        "x-dns-prefetch-control": "off",
        "x-download-options": "noopen",
        "x-frame-options": "SAMEORIGIN",
        "x-permitted-cross-domain-policies": "none",
        "x-xss-protection": "0",
        "vary": "Origin",
        "access-control-allow-credentials": "true",
        "x-ratelimit-limit": "120",
        "x-ratelimit-remaining": "118",
        "x-ratelimit-reset": "45",
        "x-correlation-id": "86e0970b-cc1c-44cf-bdd9-0b3befe8d851",
        "content-type": "application/json; charset=utf-8",
        "content-length": "569",
        "etag": "W/\"239-rKzmTTVs65dkQoUjCSu6nMdPu1Y\""
      }
    }
    [35mresponseTime[39m: 58
[14:10:07.757] [32mINFO[39m (16748): [36mrequest completed[39m
    [35mreq[39m: {
      "id": 5,
      "method": "GET",
      "url": "/api/devices",
      "query": {},
      "params": {
        "path": [
          "devices"
        ]
      },
      "headers": {
        "authorization": "Bearer eyJhbGciOiJIUzI1NiIsInR5cCI6IkpXVCJ9.eyJzdWIiOiJ1c2VyLWFkbWluIiwiZW1haWwiOiJhZG1pbkBndW5nbmlyLmxvY2FsIiwicm9sZXMiOlsiYWRtaW4iXSwiaWF0IjoxNzc5MTI3ODA3LCJleHAiOjE3NzkxMjg3MDd9.tCjMI04V0JKMq3F8B9gP-XR52hW6pPHh9aEBqZTQY1Q",
        "user-agent": "Mozilla/5.0 (Windows NT; Windows NT 10.0; es-CL) WindowsPowerShell/5.1.26100.8457",
        "host": "127.0.0.1:4000"
      },
      "remoteAddress": "127.0.0.1",
      "remotePort": 53148
    }
    [35mres[39m: {
      "statusCode": 200,
      "headers": {
        "content-security-policy": "default-src 'self';base-uri 'self';font-src 'self' https: data:;form-action 'self';frame-ancestors 'self';img-src 'self' data:;object-src 'none';script-src 'self';script-src-attr 'none';style-src 'self' https: 'unsafe-inline';upgrade-insecure-requests",
        "cross-origin-opener-policy": "same-origin",
        "cross-origin-resource-policy": "same-origin",
        "origin-agent-cluster": "?1",
        "referrer-policy": "no-referrer",
        "strict-transport-security": "max-age=31536000; includeSubDomains",
        "x-content-type-options": "nosniff",
        "x-dns-prefetch-control": "off",
        "x-download-options": "noopen",
        "x-frame-options": "SAMEORIGIN",
        "x-permitted-cross-domain-policies": "none",
        "x-xss-protection": "0",
        "vary": "Origin",
        "access-control-allow-credentials": "true",
        "x-ratelimit-limit": "120",
        "x-ratelimit-remaining": "118",
        "x-ratelimit-reset": "45",
        "x-correlation-id": "ff2186ae-067f-497c-a915-859583a9ec17",
        "content-type": "application/json; charset=utf-8",
        "content-length": "391",
        "etag": "W/\"187-wFixndeDMExMbypLdc/dp5I7KtI\""
      }
    }
    [35mresponseTime[39m: 3
[14:10:14.980] [32mINFO[39m (16748): [36mrequest completed[39m
    [35mreq[39m: {
      "id": 6,
      "method": "GET",
      "url": "/api/v1/operations/bootstrap",
      "query": {},
      "params": {
        "path": [
          "v1",
          "operations",
          "bootstrap"
        ]
      },
      "headers": {
        "user-agent": "Mozilla/5.0 (Windows NT; Windows NT 10.0; es-CL) WindowsPowerShell/5.1.26100.8457",
        "host": "127.0.0.1:4000",
        "connection": "Keep-Alive"
      },
      "remoteAddress": "127.0.0.1",
      "remotePort": 55077
    }
    [35mres[39m: {
      "statusCode": 200,
      "headers": {
        "content-security-policy": "default-src 'self';base-uri 'self';font-src 'self' https: data:;form-action 'self';frame-ancestors 'self';img-src 'self' data:;object-src 'none';script-src 'self';script-src-attr 'none';style-src 'self' https: 'unsafe-inline';upgrade-insecure-requests",
        "cross-origin-opener-policy": "same-origin",
        "cross-origin-resource-policy": "same-origin",
        "origin-agent-cluster": "?1",
        "referrer-policy": "no-referrer",
        "strict-transport-security": "max-age=31536000; includeSubDomains",
        "x-content-type-options": "nosniff",
        "x-dns-prefetch-control": "off",
        "x-download-options": "noopen",
        "x-frame-options": "SAMEORIGIN",
        "x-permitted-cross-domain-policies": "none",
        "x-xss-protection": "0",
        "vary": "Origin",
        "access-control-allow-credentials": "true",
        "x-ratelimit-limit": "120",
        "x-ratelimit-remaining": "119",
        "x-ratelimit-reset": "60",
        "x-correlation-id": "24810495-b1b8-4001-a2d6-02d9acf2517a",
        "content-type": "application/json; charset=utf-8",
        "content-length": "1660",
        "etag": "W/\"67c-yGZCGpOPtlw+pXBh6npm8oulUZs\""
      }
    }
    [35mresponseTime[39m: 53
[14:10:42.857] [32mINFO[39m (16748): [36mrequest completed[39m
    [35mreq[39m: {
      "id": 7,
      "method": "GET",
      "url": "/api/auth/me",
      "query": {},
      "params": {
        "path": [
          "auth",
          "me"
        ]
      },
      "headers": {
        "host": "localhost:4000",
        "connection": "keep-alive",
        "accept": "*/*",
        "accept-language": "*",
        "sec-fetch-mode": "cors",
        "user-agent": "node",
        "pragma": "no-cache",
        "cache-control": "no-cache",
        "accept-encoding": "gzip, deflate"
      },
      "remoteAddress": "127.0.0.1",
      "remotePort": 59948
    }
    [35mres[39m: {
      "statusCode": 401,
      "headers": {
        "content-security-policy": "default-src 'self';base-uri 'self';font-src 'self' https: data:;form-action 'self';frame-ancestors 'self';img-src 'self' data:;object-src 'none';script-src 'self';script-src-attr 'none';style-src 'self' https: 'unsafe-inline';upgrade-insecure-requests",
        "cross-origin-opener-policy": "same-origin",
        "cross-origin-resource-policy": "same-origin",
        "origin-agent-cluster": "?1",
        "referrer-policy": "no-referrer",
        "strict-transport-security": "max-age=31536000; includeSubDomains",
        "x-content-type-options": "nosniff",
        "x-dns-prefetch-control": "off",
        "x-download-options": "noopen",
        "x-frame-options": "SAMEORIGIN",
        "x-permitted-cross-domain-policies": "none",
        "x-xss-protection": "0",
        "vary": "Origin",
        "access-control-allow-credentials": "true",
        "x-ratelimit-limit": "120",
        "x-ratelimit-remaining": "119",
        "x-ratelimit-reset": "60",
        "content-type": "application/json; charset=utf-8",
        "content-length": "163",
        "etag": "W/\"a3-YUStxvsUVjOIc3E9CK/K8IJ2tkU\""
      }
    }
    [35mresponseTime[39m: 1
[14:10:46.388] [32mINFO[39m (16748): [36mrequest completed[39m
    [35mreq[39m: {
      "id": 8,
      "method": "GET",
      "url": "/api/auth/me",
      "query": {},
      "params": {
        "path": [
          "auth",
          "me"
        ]
      },
      "headers": {
        "host": "localhost:4000",
        "connection": "keep-alive",
        "accept": "*/*",
        "accept-language": "*",
        "sec-fetch-mode": "cors",
        "user-agent": "node",
        "pragma": "no-cache",
        "cache-control": "no-cache",
        "accept-encoding": "gzip, deflate"
      },
      "remoteAddress": "127.0.0.1",
      "remotePort": 50535
    }
    [35mres[39m: {
      "statusCode": 401,
      "headers": {
        "content-security-policy": "default-src 'self';base-uri 'self';font-src 'self' https: data:;form-action 'self';frame-ancestors 'self';img-src 'self' data:;object-src 'none';script-src 'self';script-src-attr 'none';style-src 'self' https: 'unsafe-inline';upgrade-insecure-requests",
        "cross-origin-opener-policy": "same-origin",
        "cross-origin-resource-policy": "same-origin",
        "origin-agent-cluster": "?1",
        "referrer-policy": "no-referrer",
        "strict-transport-security": "max-age=31536000; includeSubDomains",
        "x-content-type-options": "nosniff",
        "x-dns-prefetch-control": "off",
        "x-download-options": "noopen",
        "x-frame-options": "SAMEORIGIN",
        "x-permitted-cross-domain-policies": "none",
        "x-xss-protection": "0",
        "vary": "Origin",
        "access-control-allow-credentials": "true",
        "x-ratelimit-limit": "120",
        "x-ratelimit-remaining": "118",
        "x-ratelimit-reset": "57",
        "content-type": "application/json; charset=utf-8",
        "content-length": "163",
        "etag": "W/\"a3-Cqfup3MwEbcWloHXuQnm2W/07go\""
      }
    }
    [35mresponseTime[39m: 1
[14:10:52.042] [32mINFO[39m (16748): [36mrequest completed[39m
    [35mreq[39m: {
      "id": 9,
      "method": "POST",
      "url": "/api/auth/login",
      "query": {},
      "params": {
        "path": [
          "auth",
          "login"
        ]
      },
      "headers": {
        "host": "localhost:4000",
        "connection": "keep-alive",
        "content-type": "application/json",
        "accept": "*/*",
        "accept-language": "*",
        "sec-fetch-mode": "cors",
        "user-agent": "node",
        "pragma": "no-cache",
        "cache-control": "no-cache",
        "accept-encoding": "gzip, deflate",
        "content-length": "55"
      },
      "remoteAddress": "127.0.0.1",
      "remotePort": 55629
    }
    [35mres[39m: {
      "statusCode": 201,
      "headers": {
        "content-security-policy": "default-src 'self';base-uri 'self';font-src 'self' https: data:;form-action 'self';frame-ancestors 'self';img-src 'self' data:;object-src 'none';script-src 'self';script-src-attr 'none';style-src 'self' https: 'unsafe-inline';upgrade-insecure-requests",
        "cross-origin-opener-policy": "same-origin",
        "cross-origin-resource-policy": "same-origin",
        "origin-agent-cluster": "?1",
        "referrer-policy": "no-referrer",
        "strict-transport-security": "max-age=31536000; includeSubDomains",
        "x-content-type-options": "nosniff",
        "x-dns-prefetch-control": "off",
        "x-download-options": "noopen",
        "x-frame-options": "SAMEORIGIN",
        "x-permitted-cross-domain-policies": "none",
        "x-xss-protection": "0",
        "vary": "Origin",
        "access-control-allow-credentials": "true",
        "x-ratelimit-limit": "120",
        "x-ratelimit-remaining": "118",
        "x-ratelimit-reset": "60",
        "x-correlation-id": "534b8f75-e512-4438-9fcc-4d8d6ad94c21",
        "content-type": "application/json; charset=utf-8",
        "content-length": "569",
        "etag": "W/\"239-hnHRgGHz2DJ2dz207ZLVm8JDoV0\""
      }
    }
    [35mresponseTime[39m: 57
[14:10:52.052] [32mINFO[39m (16748): [36mrequest completed[39m
    [35mreq[39m: {
      "id": 10,
      "method": "GET",
      "url": "/api/auth/me",
      "query": {},
      "params": {
        "path": [
          "auth",
          "me"
        ]
      },
      "headers": {
        "host": "localhost:4000",
        "connection": "keep-alive",
        "authorization": "Bearer eyJhbGciOiJIUzI1NiIsInR5cCI6IkpXVCJ9.eyJzdWIiOiJ1c2VyLWFkbWluIiwiZW1haWwiOiJhZG1pbkBndW5nbmlyLmxvY2FsIiwicm9sZXMiOlsiYWRtaW4iXSwiaWF0IjoxNzc5MTI3ODUyLCJleHAiOjE3NzkxMjg3NTJ9.Y9SQHLJLtvfaJeValbCE-gC__xFDJSQxJCfzyOh7Rb0",
        "accept": "*/*",
        "accept-language": "*",
        "sec-fetch-mode": "cors",
        "user-agent": "node",
        "pragma": "no-cache",
        "cache-control": "no-cache",
        "accept-encoding": "gzip, deflate"
      },
      "remoteAddress": "127.0.0.1",
      "remotePort": 55631
    }
    [35mres[39m: {
      "statusCode": 200,
      "headers": {
        "content-security-policy": "default-src 'self';base-uri 'self';font-src 'self' https: data:;form-action 'self';frame-ancestors 'self';img-src 'self' data:;object-src 'none';script-src 'self';script-src-attr 'none';style-src 'self' https: 'unsafe-inline';upgrade-insecure-requests",
        "cross-origin-opener-policy": "same-origin",
        "cross-origin-resource-policy": "same-origin",
        "origin-agent-cluster": "?1",
        "referrer-policy": "no-referrer",
        "strict-transport-security": "max-age=31536000; includeSubDomains",
        "x-content-type-options": "nosniff",
        "x-dns-prefetch-control": "off",
        "x-download-options": "noopen",
        "x-frame-options": "SAMEORIGIN",
        "x-permitted-cross-domain-policies": "none",
        "x-xss-protection": "0",
        "vary": "Origin",
        "access-control-allow-credentials": "true",
        "x-ratelimit-limit": "120",
        "x-ratelimit-remaining": "117",
        "x-ratelimit-reset": "51",
        "x-correlation-id": "2a525e1f-54ab-4c9a-aecc-7ec4ae9c8c4c",
        "content-type": "application/json; charset=utf-8",
        "content-length": "116",
        "etag": "W/\"74-/b46aDDUaZf4MZqJ7pPQf3/bWeQ\""
      }
    }
    [35mresponseTime[39m: 6
[14:10:52.115] [32mINFO[39m (16748): [36mrequest completed[39m
    [35mreq[39m: {
      "id": 11,
      "method": "GET",
      "url": "/api/auth/me",
      "query": {},
      "params": {
        "path": [
          "auth",
          "me"
        ]
      },
      "headers": {
        "host": "localhost:4000",
        "connection": "keep-alive",
        "authorization": "Bearer eyJhbGciOiJIUzI1NiIsInR5cCI6IkpXVCJ9.eyJzdWIiOiJ1c2VyLWFkbWluIiwiZW1haWwiOiJhZG1pbkBndW5nbmlyLmxvY2FsIiwicm9sZXMiOlsiYWRtaW4iXSwiaWF0IjoxNzc5MTI3ODUyLCJleHAiOjE3NzkxMjg3NTJ9.Y9SQHLJLtvfaJeValbCE-gC__xFDJSQxJCfzyOh7Rb0",
        "accept": "*/*",
        "accept-language": "*",
        "sec-fetch-mode": "cors",
        "user-agent": "node",
        "pragma": "no-cache",
        "cache-control": "no-cache",
        "accept-encoding": "gzip, deflate"
      },
      "remoteAddress": "127.0.0.1",
      "remotePort": 55629
    }
    [35mres[39m: {
      "statusCode": 200,
      "headers": {
        "content-security-policy": "default-src 'self';base-uri 'self';font-src 'self' https: data:;form-action 'self';frame-ancestors 'self';img-src 'self' data:;object-src 'none';script-src 'self';script-src-attr 'none';style-src 'self' https: 'unsafe-inline';upgrade-insecure-requests",
        "cross-origin-opener-policy": "same-origin",
        "cross-origin-resource-policy": "same-origin",
        "origin-agent-cluster": "?1",
        "referrer-policy": "no-referrer",
        "strict-transport-security": "max-age=31536000; includeSubDomains",
        "x-content-type-options": "nosniff",
        "x-dns-prefetch-control": "off",
        "x-download-options": "noopen",
        "x-frame-options": "SAMEORIGIN",
        "x-permitted-cross-domain-policies": "none",
        "x-xss-protection": "0",
        "vary": "Origin",
        "access-control-allow-credentials": "true",
        "x-ratelimit-limit": "120",
        "x-ratelimit-remaining": "116",
        "x-ratelimit-reset": "51",
        "x-correlation-id": "34752e49-6a2f-4b80-aec7-90103bf2b772",
        "content-type": "application/json; charset=utf-8",
        "content-length": "116",
        "etag": "W/\"74-/b46aDDUaZf4MZqJ7pPQf3/bWeQ\""
      }
    }
    [35mresponseTime[39m: 6
[14:10:52.135] [32mINFO[39m (16748): [36mrequest completed[39m
    [35mreq[39m: {
      "id": 12,
      "method": "GET",
      "url": "/api/v1/operations/bootstrap",
      "query": {},
      "params": {
        "path": [
          "v1",
          "operations",
          "bootstrap"
        ]
      },
      "headers": {
        "host": "localhost:4000",
        "connection": "keep-alive",
        "authorization": "Bearer eyJhbGciOiJIUzI1NiIsInR5cCI6IkpXVCJ9.eyJzdWIiOiJ1c2VyLWFkbWluIiwiZW1haWwiOiJhZG1pbkBndW5nbmlyLmxvY2FsIiwicm9sZXMiOlsiYWRtaW4iXSwiaWF0IjoxNzc5MTI3ODUyLCJleHAiOjE3NzkxMjg3NTJ9.Y9SQHLJLtvfaJeValbCE-gC__xFDJSQxJCfzyOh7Rb0",
        "accept": "*/*",
        "accept-language": "*",
        "sec-fetch-mode": "cors",
        "user-agent": "node",
        "pragma": "no-cache",
        "cache-control": "no-cache",
        "accept-encoding": "gzip, deflate"
      },
      "remoteAddress": "127.0.0.1",
      "remotePort": 55631
    }
    [35mres[39m: {
      "statusCode": 200,
      "headers": {
        "content-security-policy": "default-src 'self';base-uri 'self';font-src 'self' https: data:;form-action 'self';frame-ancestors 'self';img-src 'self' data:;object-src 'none';script-src 'self';script-src-attr 'none';style-src 'self' https: 'unsafe-inline';upgrade-insecure-requests",
        "cross-origin-opener-policy": "same-origin",
        "cross-origin-resource-policy": "same-origin",
        "origin-agent-cluster": "?1",
        "referrer-policy": "no-referrer",
        "strict-transport-security": "max-age=31536000; includeSubDomains",
        "x-content-type-options": "nosniff",
        "x-dns-prefetch-control": "off",
        "x-download-options": "noopen",
        "x-frame-options": "SAMEORIGIN",
        "x-permitted-cross-domain-policies": "none",
        "x-xss-protection": "0",
        "vary": "Origin",
        "access-control-allow-credentials": "true",
        "x-ratelimit-limit": "120",
        "x-ratelimit-remaining": "118",
        "x-ratelimit-reset": "23",
        "x-correlation-id": "f70c5a44-a108-4e37-bb86-00940be8e949",
        "content-type": "application/json; charset=utf-8",
        "content-length": "1660",
        "etag": "W/\"67c-VzxMCnweoA74AgInlbyhncpkxjc\""
      }
    }
    [35mresponseTime[39m: 14
[14:10:52.203] [32mINFO[39m (16748): [36mrequest completed[39m
    [35mreq[39m: {
      "id": 13,
      "method": "GET",
      "url": "/api/auth/me",
      "query": {},
      "params": {
        "path": [
          "auth",
          "me"
        ]
      },
      "headers": {
        "host": "localhost:4000",
        "connection": "keep-alive",
        "authorization": "Bearer eyJhbGciOiJIUzI1NiIsInR5cCI6IkpXVCJ9.eyJzdWIiOiJ1c2VyLWFkbWluIiwiZW1haWwiOiJhZG1pbkBndW5nbmlyLmxvY2FsIiwicm9sZXMiOlsiYWRtaW4iXSwiaWF0IjoxNzc5MTI3ODUyLCJleHAiOjE3NzkxMjg3NTJ9.Y9SQHLJLtvfaJeValbCE-gC__xFDJSQxJCfzyOh7Rb0",
        "accept": "*/*",
        "accept-language": "*",
        "sec-fetch-mode": "cors",
        "user-agent": "node",
        "pragma": "no-cache",
        "cache-control": "no-cache",
        "accept-encoding": "gzip, deflate"
      },
      "remoteAddress": "127.0.0.1",
      "remotePort": 55629
    }
    [35mres[39m: {
      "statusCode": 200,
      "headers": {
        "content-security-policy": "default-src 'self';base-uri 'self';font-src 'self' https: data:;form-action 'self';frame-ancestors 'self';img-src 'self' data:;object-src 'none';script-src 'self';script-src-attr 'none';style-src 'self' https: 'unsafe-inline';upgrade-insecure-requests",
        "cross-origin-opener-policy": "same-origin",
        "cross-origin-resource-policy": "same-origin",
        "origin-agent-cluster": "?1",
        "referrer-policy": "no-referrer",
        "strict-transport-security": "max-age=31536000; includeSubDomains",
        "x-content-type-options": "nosniff",
        "x-dns-prefetch-control": "off",
        "x-download-options": "noopen",
        "x-frame-options": "SAMEORIGIN",
        "x-permitted-cross-domain-policies": "none",
        "x-xss-protection": "0",
        "vary": "Origin",
        "access-control-allow-credentials": "true",
        "x-ratelimit-limit": "120",
        "x-ratelimit-remaining": "115",
        "x-ratelimit-reset": "51",
        "x-correlation-id": "1408f50e-caa7-42b4-baac-fe1546b5f0a3",
        "content-type": "application/json; charset=utf-8",
        "content-length": "116",
        "etag": "W/\"74-/b46aDDUaZf4MZqJ7pPQf3/bWeQ\""
      }
    }
    [35mresponseTime[39m: 5
[14:10:52.221] [32mINFO[39m (16748): [36mrequest completed[39m
    [35mreq[39m: {
      "id": 14,
      "method": "GET",
      "url": "/api/v1/operations/bootstrap",
      "query": {},
      "params": {
        "path": [
          "v1",
          "operations",
          "bootstrap"
        ]
      },
      "headers": {
        "host": "localhost:4000",
        "connection": "keep-alive",
        "authorization": "Bearer eyJhbGciOiJIUzI1NiIsInR5cCI6IkpXVCJ9.eyJzdWIiOiJ1c2VyLWFkbWluIiwiZW1haWwiOiJhZG1pbkBndW5nbmlyLmxvY2FsIiwicm9sZXMiOlsiYWRtaW4iXSwiaWF0IjoxNzc5MTI3ODUyLCJleHAiOjE3NzkxMjg3NTJ9.Y9SQHLJLtvfaJeValbCE-gC__xFDJSQxJCfzyOh7Rb0",
        "accept": "*/*",
        "accept-language": "*",
        "sec-fetch-mode": "cors",
        "user-agent": "node",
        "pragma": "no-cache",
        "cache-control": "no-cache",
        "accept-encoding": "gzip, deflate"
      },
      "remoteAddress": "127.0.0.1",
      "remotePort": 55631
    }
    [35mres[39m: {
      "statusCode": 200,
      "headers": {
        "content-security-policy": "default-src 'self';base-uri 'self';font-src 'self' https: data:;form-action 'self';frame-ancestors 'self';img-src 'self' data:;object-src 'none';script-src 'self';script-src-attr 'none';style-src 'self' https: 'unsafe-inline';upgrade-insecure-requests",
        "cross-origin-opener-policy": "same-origin",
        "cross-origin-resource-policy": "same-origin",
        "origin-agent-cluster": "?1",
        "referrer-policy": "no-referrer",
        "strict-transport-security": "max-age=31536000; includeSubDomains",
        "x-content-type-options": "nosniff",
        "x-dns-prefetch-control": "off",
        "x-download-options": "noopen",
        "x-frame-options": "SAMEORIGIN",
        "x-permitted-cross-domain-policies": "none",
        "x-xss-protection": "0",
        "vary": "Origin",
        "access-control-allow-credentials": "true",
        "x-ratelimit-limit": "120",
        "x-ratelimit-remaining": "117",
        "x-ratelimit-reset": "23",
        "x-correlation-id": "fc764e91-5efd-4576-bfc6-3ea10d641769",
        "content-type": "application/json; charset=utf-8",
        "content-length": "1660",
        "etag": "W/\"67c-U9hp549SP11gkqzb851z73TYbm4\""
      }
    }
    [35mresponseTime[39m: 10
[14:10:52.588] [34mDEBUG[39m (16748): [36mRealtime client connected: dlwgWneLcjEcqIG8AAAB[39m
    [35mcontext[39m: "RealtimeGateway"
[14:10:52.736] [32mINFO[39m (16748): [36mrequest completed[39m
    [35mreq[39m: {
      "id": 15,
      "method": "GET",
      "url": "/api/auth/me",
      "query": {},
      "params": {
        "path": [
          "auth",
          "me"
        ]
      },
      "headers": {
        "host": "localhost:4000",
        "connection": "keep-alive",
        "authorization": "Bearer eyJhbGciOiJIUzI1NiIsInR5cCI6IkpXVCJ9.eyJzdWIiOiJ1c2VyLWFkbWluIiwiZW1haWwiOiJhZG1pbkBndW5nbmlyLmxvY2FsIiwicm9sZXMiOlsiYWRtaW4iXSwiaWF0IjoxNzc5MTI3ODUyLCJleHAiOjE3NzkxMjg3NTJ9.Y9SQHLJLtvfaJeValbCE-gC__xFDJSQxJCfzyOh7Rb0",
        "accept": "*/*",
        "accept-language": "*",
        "sec-fetch-mode": "cors",
        "user-agent": "node",
        "pragma": "no-cache",
        "cache-control": "no-cache",
        "accept-encoding": "gzip, deflate"
      },
      "remoteAddress": "127.0.0.1",
      "remotePort": 55629
    }
    [35mres[39m: {
      "statusCode": 200,
      "headers": {
        "content-security-policy": "default-src 'self';base-uri 'self';font-src 'self' https: data:;form-action 'self';frame-ancestors 'self';img-src 'self' data:;object-src 'none';script-src 'self';script-src-attr 'none';style-src 'self' https: 'unsafe-inline';upgrade-insecure-requests",
        "cross-origin-opener-policy": "same-origin",
        "cross-origin-resource-policy": "same-origin",
        "origin-agent-cluster": "?1",
        "referrer-policy": "no-referrer",
        "strict-transport-security": "max-age=31536000; includeSubDomains",
        "x-content-type-options": "nosniff",
        "x-dns-prefetch-control": "off",
        "x-download-options": "noopen",
        "x-frame-options": "SAMEORIGIN",
        "x-permitted-cross-domain-policies": "none",
        "x-xss-protection": "0",
        "vary": "Origin",
        "access-control-allow-credentials": "true",
        "x-ratelimit-limit": "120",
        "x-ratelimit-remaining": "114",
        "x-ratelimit-reset": "51",
        "x-correlation-id": "266e5bfa-7b6c-4a06-bcc1-635333d448bd",
        "content-type": "application/json; charset=utf-8",
        "content-length": "116",
        "etag": "W/\"74-/b46aDDUaZf4MZqJ7pPQf3/bWeQ\""
      }
    }
    [35mresponseTime[39m: 4
[14:10:55.443] [32mINFO[39m (16748): [36mrequest completed[39m
    [35mreq[39m: {
      "id": 16,
      "method": "GET",
      "url": "/api/v1/operations/snapshot",
      "query": {},
      "params": {
        "path": [
          "v1",
          "operations",
          "snapshot"
        ]
      },
      "headers": {
        "host": "localhost:4000",
        "connection": "keep-alive",
        "authorization": "Bearer eyJhbGciOiJIUzI1NiIsInR5cCI6IkpXVCJ9.eyJzdWIiOiJ1c2VyLWFkbWluIiwiZW1haWwiOiJhZG1pbkBndW5nbmlyLmxvY2FsIiwicm9sZXMiOlsiYWRtaW4iXSwiaWF0IjoxNzc5MTI3ODUyLCJleHAiOjE3NzkxMjg3NTJ9.Y9SQHLJLtvfaJeValbCE-gC__xFDJSQxJCfzyOh7Rb0",
        "accept": "*/*",
        "accept-language": "*",
        "sec-fetch-mode": "cors",
        "user-agent": "node",
        "pragma": "no-cache",
        "cache-control": "no-cache",
        "accept-encoding": "gzip, deflate"
      },
      "remoteAddress": "127.0.0.1",
      "remotePort": 55629
    }
    [35mres[39m: {
      "statusCode": 200,
      "headers": {
        "content-security-policy": "default-src 'self';base-uri 'self';font-src 'self' https: data:;form-action 'self';frame-ancestors 'self';img-src 'self' data:;object-src 'none';script-src 'self';script-src-attr 'none';style-src 'self' https: 'unsafe-inline';upgrade-insecure-requests",
        "cross-origin-opener-policy": "same-origin",
        "cross-origin-resource-policy": "same-origin",
        "origin-agent-cluster": "?1",
        "referrer-policy": "no-referrer",
        "strict-transport-security": "max-age=31536000; includeSubDomains",
        "x-content-type-options": "nosniff",
        "x-dns-prefetch-control": "off",
        "x-download-options": "noopen",
        "x-frame-options": "SAMEORIGIN",
        "x-permitted-cross-domain-policies": "none",
        "x-xss-protection": "0",
        "vary": "Origin",
        "access-control-allow-credentials": "true",
        "x-ratelimit-limit": "120",
        "x-ratelimit-remaining": "119",
        "x-ratelimit-reset": "60",
        "x-correlation-id": "ff054146-929f-4553-bec4-deb8fc8b1725",
        "content-type": "application/json; charset=utf-8",
        "content-length": "1379",
        "etag": "W/\"563-axCvjgdm6sWi1wVRNb5Zw5Ffvds\""
      }
    }
    [35mresponseTime[39m: 11
[14:10:55.448] [32mINFO[39m (16748): [36mrequest completed[39m
    [35mreq[39m: {
      "id": 18,
      "method": "GET",
      "url": "/api/devices",
      "query": {},
      "params": {
        "path": [
          "devices"
        ]
      },
      "headers": {
        "host": "localhost:4000",
        "connection": "keep-alive",
        "authorization": "Bearer eyJhbGciOiJIUzI1NiIsInR5cCI6IkpXVCJ9.eyJzdWIiOiJ1c2VyLWFkbWluIiwiZW1haWwiOiJhZG1pbkBndW5nbmlyLmxvY2FsIiwicm9sZXMiOlsiYWRtaW4iXSwiaWF0IjoxNzc5MTI3ODUyLCJleHAiOjE3NzkxMjg3NTJ9.Y9SQHLJLtvfaJeValbCE-gC__xFDJSQxJCfzyOh7Rb0",
        "accept": "*/*",
        "accept-language": "*",
        "sec-fetch-mode": "cors",
        "user-agent": "node",
        "pragma": "no-cache",
        "cache-control": "no-cache",
        "accept-encoding": "gzip, deflate"
      },
      "remoteAddress": "127.0.0.1",
      "remotePort": 55370
    }
    [35mres[39m: {
      "statusCode": 200,
      "headers": {
        "content-security-policy": "default-src 'self';base-uri 'self';font-src 'self' https: data:;form-action 'self';frame-ancestors 'self';img-src 'self' data:;object-src 'none';script-src 'self';script-src-attr 'none';style-src 'self' https: 'unsafe-inline';upgrade-insecure-requests",
        "cross-origin-opener-policy": "same-origin",
        "cross-origin-resource-policy": "same-origin",
        "origin-agent-cluster": "?1",
        "referrer-policy": "no-referrer",
        "strict-transport-security": "max-age=31536000; includeSubDomains",
        "x-content-type-options": "nosniff",
        "x-dns-prefetch-control": "off",
        "x-download-options": "noopen",
        "x-frame-options": "SAMEORIGIN",
        "x-permitted-cross-domain-policies": "none",
        "x-xss-protection": "0",
        "vary": "Origin",
        "access-control-allow-credentials": "true",
        "x-ratelimit-limit": "120",
        "x-ratelimit-remaining": "118",
        "x-ratelimit-reset": "60",
        "x-correlation-id": "2aa6da29-cf4b-4d04-aab4-2d8d0d0039d7",
        "content-type": "application/json; charset=utf-8",
        "content-length": "391",
        "etag": "W/\"187-wFixndeDMExMbypLdc/dp5I7KtI\""
      }
    }
    [35mresponseTime[39m: 5
[14:10:55.465] [32mINFO[39m (16748): [36mrequest completed[39m
    [35mreq[39m: {
      "id": 17,
      "method": "GET",
      "url": "/api/tracks/current",
      "query": {},
      "params": {
        "path": [
          "tracks",
          "current"
        ]
      },
      "headers": {
        "host": "localhost:4000",
        "connection": "keep-alive",
        "authorization": "Bearer eyJhbGciOiJIUzI1NiIsInR5cCI6IkpXVCJ9.eyJzdWIiOiJ1c2VyLWFkbWluIiwiZW1haWwiOiJhZG1pbkBndW5nbmlyLmxvY2FsIiwicm9sZXMiOlsiYWRtaW4iXSwiaWF0IjoxNzc5MTI3ODUyLCJleHAiOjE3NzkxMjg3NTJ9.Y9SQHLJLtvfaJeValbCE-gC__xFDJSQxJCfzyOh7Rb0",
        "accept": "*/*",
        "accept-language": "*",
        "sec-fetch-mode": "cors",
        "user-agent": "node",
        "pragma": "no-cache",
        "cache-control": "no-cache",
        "accept-encoding": "gzip, deflate"
      },
      "remoteAddress": "127.0.0.1",
      "remotePort": 55369
    }
    [35mres[39m: {
      "statusCode": 200,
      "headers": {
        "content-security-policy": "default-src 'self';base-uri 'self';font-src 'self' https: data:;form-action 'self';frame-ancestors 'self';img-src 'self' data:;object-src 'none';script-src 'self';script-src-attr 'none';style-src 'self' https: 'unsafe-inline';upgrade-insecure-requests",
        "cross-origin-opener-policy": "same-origin",
        "cross-origin-resource-policy": "same-origin",
        "origin-agent-cluster": "?1",
        "referrer-policy": "no-referrer",
        "strict-transport-security": "max-age=31536000; includeSubDomains",
        "x-content-type-options": "nosniff",
        "x-dns-prefetch-control": "off",
        "x-download-options": "noopen",
        "x-frame-options": "SAMEORIGIN",
        "x-permitted-cross-domain-policies": "none",
        "x-xss-protection": "0",
        "vary": "Origin",
        "access-control-allow-credentials": "true",
        "x-ratelimit-limit": "120",
        "x-ratelimit-remaining": "119",
        "x-ratelimit-reset": "60",
        "x-correlation-id": "11fe0e28-9690-4cad-9632-66b340ccdcb8",
        "content-type": "application/json; charset=utf-8",
        "content-length": "2",
        "etag": "W/\"2-l9Fw4VUO7kr8CvBlt4zaMCqXZ0w\""
      }
    }
    [35mresponseTime[39m: 23
[14:10:55.468] [32mINFO[39m (16748): [36mrequest completed[39m
    [35mreq[39m: {
      "id": 21,
      "method": "GET",
      "url": "/api/commands",
      "query": {},
      "params": {
        "path": [
          "commands"
        ]
      },
      "headers": {
        "host": "localhost:4000",
        "connection": "keep-alive",
        "authorization": "Bearer eyJhbGciOiJIUzI1NiIsInR5cCI6IkpXVCJ9.eyJzdWIiOiJ1c2VyLWFkbWluIiwiZW1haWwiOiJhZG1pbkBndW5nbmlyLmxvY2FsIiwicm9sZXMiOlsiYWRtaW4iXSwiaWF0IjoxNzc5MTI3ODUyLCJleHAiOjE3NzkxMjg3NTJ9.Y9SQHLJLtvfaJeValbCE-gC__xFDJSQxJCfzyOh7Rb0",
        "accept": "*/*",
        "accept-language": "*",
        "sec-fetch-mode": "cors",
        "user-agent": "node",
        "pragma": "no-cache",
        "cache-control": "no-cache",
        "accept-encoding": "gzip, deflate"
      },
      "remoteAddress": "127.0.0.1",
      "remotePort": 55373
    }
    [35mres[39m: {
      "statusCode": 200,
      "headers": {
        "content-security-policy": "default-src 'self';base-uri 'self';font-src 'self' https: data:;form-action 'self';frame-ancestors 'self';img-src 'self' data:;object-src 'none';script-src 'self';script-src-attr 'none';style-src 'self' https: 'unsafe-inline';upgrade-insecure-requests",
        "cross-origin-opener-policy": "same-origin",
        "cross-origin-resource-policy": "same-origin",
        "origin-agent-cluster": "?1",
        "referrer-policy": "no-referrer",
        "strict-transport-security": "max-age=31536000; includeSubDomains",
        "x-content-type-options": "nosniff",
        "x-dns-prefetch-control": "off",
        "x-download-options": "noopen",
        "x-frame-options": "SAMEORIGIN",
        "x-permitted-cross-domain-policies": "none",
        "x-xss-protection": "0",
        "vary": "Origin",
        "access-control-allow-credentials": "true",
        "x-ratelimit-limit": "120",
        "x-ratelimit-remaining": "119",
        "x-ratelimit-reset": "60",
        "x-correlation-id": "d2e60c51-2c6a-4c42-9a35-e885f1f1ebdf",
        "content-type": "application/json; charset=utf-8",
        "content-length": "2",
        "etag": "W/\"2-l9Fw4VUO7kr8CvBlt4zaMCqXZ0w\""
      }
    }
    [35mresponseTime[39m: 22
[14:10:55.468] [32mINFO[39m (16748): [36mrequest completed[39m
    [35mreq[39m: {
      "id": 20,
      "method": "GET",
      "url": "/api/tracks/history",
      "query": {},
      "params": {
        "path": [
          "tracks",
          "history"
        ]
      },
      "headers": {
        "host": "localhost:4000",
        "connection": "keep-alive",
        "authorization": "Bearer eyJhbGciOiJIUzI1NiIsInR5cCI6IkpXVCJ9.eyJzdWIiOiJ1c2VyLWFkbWluIiwiZW1haWwiOiJhZG1pbkBndW5nbmlyLmxvY2FsIiwicm9sZXMiOlsiYWRtaW4iXSwiaWF0IjoxNzc5MTI3ODUyLCJleHAiOjE3NzkxMjg3NTJ9.Y9SQHLJLtvfaJeValbCE-gC__xFDJSQxJCfzyOh7Rb0",
        "accept": "*/*",
        "accept-language": "*",
        "sec-fetch-mode": "cors",
        "user-agent": "node",
        "pragma": "no-cache",
        "cache-control": "no-cache",
        "accept-encoding": "gzip, deflate"
      },
      "remoteAddress": "127.0.0.1",
      "remotePort": 55372
    }
    [35mres[39m: {
      "statusCode": 200,
      "headers": {
        "content-security-policy": "default-src 'self';base-uri 'self';font-src 'self' https: data:;form-action 'self';frame-ancestors 'self';img-src 'self' data:;object-src 'none';script-src 'self';script-src-attr 'none';style-src 'self' https: 'unsafe-inline';upgrade-insecure-requests",
        "cross-origin-opener-policy": "same-origin",
        "cross-origin-resource-policy": "same-origin",
        "origin-agent-cluster": "?1",
        "referrer-policy": "no-referrer",
        "strict-transport-security": "max-age=31536000; includeSubDomains",
        "x-content-type-options": "nosniff",
        "x-dns-prefetch-control": "off",
        "x-download-options": "noopen",
        "x-frame-options": "SAMEORIGIN",
        "x-permitted-cross-domain-policies": "none",
        "x-xss-protection": "0",
        "vary": "Origin",
        "access-control-allow-credentials": "true",
        "x-ratelimit-limit": "120",
        "x-ratelimit-remaining": "119",
        "x-ratelimit-reset": "60",
        "x-correlation-id": "20156e00-9987-49a6-ba66-db6427661cd4",
        "content-type": "application/json; charset=utf-8",
        "content-length": "2",
        "etag": "W/\"2-l9Fw4VUO7kr8CvBlt4zaMCqXZ0w\""
      }
    }
    [35mresponseTime[39m: 23
[14:10:55.470] [32mINFO[39m (16748): [36mrequest completed[39m
    [35mreq[39m: {
      "id": 19,
      "method": "GET",
      "url": "/api/telemetry",
      "query": {},
      "params": {
        "path": [
          "telemetry"
        ]
      },
      "headers": {
        "host": "localhost:4000",
        "connection": "keep-alive",
        "authorization": "Bearer eyJhbGciOiJIUzI1NiIsInR5cCI6IkpXVCJ9.eyJzdWIiOiJ1c2VyLWFkbWluIiwiZW1haWwiOiJhZG1pbkBndW5nbmlyLmxvY2FsIiwicm9sZXMiOlsiYWRtaW4iXSwiaWF0IjoxNzc5MTI3ODUyLCJleHAiOjE3NzkxMjg3NTJ9.Y9SQHLJLtvfaJeValbCE-gC__xFDJSQxJCfzyOh7Rb0",
        "accept": "*/*",
        "accept-language": "*",
        "sec-fetch-mode": "cors",
        "user-agent": "node",
        "pragma": "no-cache",
        "cache-control": "no-cache",
        "accept-encoding": "gzip, deflate"
      },
      "remoteAddress": "127.0.0.1",
      "remotePort": 55371
    }
    [35mres[39m: {
      "statusCode": 200,
      "headers": {
        "content-security-policy": "default-src 'self';base-uri 'self';font-src 'self' https: data:;form-action 'self';frame-ancestors 'self';img-src 'self' data:;object-src 'none';script-src 'self';script-src-attr 'none';style-src 'self' https: 'unsafe-inline';upgrade-insecure-requests",
        "cross-origin-opener-policy": "same-origin",
        "cross-origin-resource-policy": "same-origin",
        "origin-agent-cluster": "?1",
        "referrer-policy": "no-referrer",
        "strict-transport-security": "max-age=31536000; includeSubDomains",
        "x-content-type-options": "nosniff",
        "x-dns-prefetch-control": "off",
        "x-download-options": "noopen",
        "x-frame-options": "SAMEORIGIN",
        "x-permitted-cross-domain-policies": "none",
        "x-xss-protection": "0",
        "vary": "Origin",
        "access-control-allow-credentials": "true",
        "x-ratelimit-limit": "120",
        "x-ratelimit-remaining": "119",
        "x-ratelimit-reset": "60",
        "x-correlation-id": "f87f688a-fe1a-4881-b2f0-d4ddbddf557d",
        "content-type": "application/json; charset=utf-8",
        "content-length": "426",
        "etag": "W/\"1aa-bjbCYD4WhTpb5Q/I7yK/VOE8NPE\""
      }
    }
    [35mresponseTime[39m: 26
[14:10:55.497] [32mINFO[39m (16748): [36mrequest completed[39m
    [35mreq[39m: {
      "id": 22,
      "method": "GET",
      "url": "/api/missions",
      "query": {},
      "params": {
        "path": [
          "missions"
        ]
      },
      "headers": {
        "host": "localhost:4000",
        "connection": "keep-alive",
        "authorization": "Bearer eyJhbGciOiJIUzI1NiIsInR5cCI6IkpXVCJ9.eyJzdWIiOiJ1c2VyLWFkbWluIiwiZW1haWwiOiJhZG1pbkBndW5nbmlyLmxvY2FsIiwicm9sZXMiOlsiYWRtaW4iXSwiaWF0IjoxNzc5MTI3ODUyLCJleHAiOjE3NzkxMjg3NTJ9.Y9SQHLJLtvfaJeValbCE-gC__xFDJSQxJCfzyOh7Rb0",
        "accept": "*/*",
        "accept-language": "*",
        "sec-fetch-mode": "cors",
        "user-agent": "node",
        "pragma": "no-cache",
        "cache-control": "no-cache",
        "accept-encoding": "gzip, deflate"
      },
      "remoteAddress": "127.0.0.1",
      "remotePort": 55629
    }
    [35mres[39m: {
      "statusCode": 200,
      "headers": {
        "content-security-policy": "default-src 'self';base-uri 'self';font-src 'self' https: data:;form-action 'self';frame-ancestors 'self';img-src 'self' data:;object-src 'none';script-src 'self';script-src-attr 'none';style-src 'self' https: 'unsafe-inline';upgrade-insecure-requests",
        "cross-origin-opener-policy": "same-origin",
        "cross-origin-resource-policy": "same-origin",
        "origin-agent-cluster": "?1",
        "referrer-policy": "no-referrer",
        "strict-transport-security": "max-age=31536000; includeSubDomains",
        "x-content-type-options": "nosniff",
        "x-dns-prefetch-control": "off",
        "x-download-options": "noopen",
        "x-frame-options": "SAMEORIGIN",
        "x-permitted-cross-domain-policies": "none",
        "x-xss-protection": "0",
        "vary": "Origin",
        "access-control-allow-credentials": "true",
        "x-ratelimit-limit": "120",
        "x-ratelimit-remaining": "119",
        "x-ratelimit-reset": "60",
        "x-correlation-id": "f83889dd-7a26-4b79-b03f-30d1f5716f02",
        "content-type": "application/json; charset=utf-8",
        "content-length": "2",
        "etag": "W/\"2-l9Fw4VUO7kr8CvBlt4zaMCqXZ0w\""
      }
    }
    [35mresponseTime[39m: 3
[14:10:55.527] [32mINFO[39m (16748): [36mrequest completed[39m
    [35mreq[39m: {
      "id": 23,
      "method": "GET",
      "url": "/api/geofences",
      "query": {},
      "params": {
        "path": [
          "geofences"
        ]
      },
      "headers": {
        "host": "localhost:4000",
        "connection": "keep-alive",
        "authorization": "Bearer eyJhbGciOiJIUzI1NiIsInR5cCI6IkpXVCJ9.eyJzdWIiOiJ1c2VyLWFkbWluIiwiZW1haWwiOiJhZG1pbkBndW5nbmlyLmxvY2FsIiwicm9sZXMiOlsiYWRtaW4iXSwiaWF0IjoxNzc5MTI3ODUyLCJleHAiOjE3NzkxMjg3NTJ9.Y9SQHLJLtvfaJeValbCE-gC__xFDJSQxJCfzyOh7Rb0",
        "accept": "*/*",
        "accept-language": "*",
        "sec-fetch-mode": "cors",
        "user-agent": "node",
        "pragma": "no-cache",
        "cache-control": "no-cache",
        "accept-encoding": "gzip, deflate"
      },
      "remoteAddress": "127.0.0.1",
      "remotePort": 55369
    }
    [35mres[39m: {
      "statusCode": 200,
      "headers": {
        "content-security-policy": "default-src 'self';base-uri 'self';font-src 'self' https: data:;form-action 'self';frame-ancestors 'self';img-src 'self' data:;object-src 'none';script-src 'self';script-src-attr 'none';style-src 'self' https: 'unsafe-inline';upgrade-insecure-requests",
        "cross-origin-opener-policy": "same-origin",
        "cross-origin-resource-policy": "same-origin",
        "origin-agent-cluster": "?1",
        "referrer-policy": "no-referrer",
        "strict-transport-security": "max-age=31536000; includeSubDomains",
        "x-content-type-options": "nosniff",
        "x-dns-prefetch-control": "off",
        "x-download-options": "noopen",
        "x-frame-options": "SAMEORIGIN",
        "x-permitted-cross-domain-policies": "none",
        "x-xss-protection": "0",
        "vary": "Origin",
        "access-control-allow-credentials": "true",
        "x-ratelimit-limit": "120",
        "x-ratelimit-remaining": "119",
        "x-ratelimit-reset": "60",
        "x-correlation-id": "89a1c3bc-9a50-4493-9f81-3cfc7e71b89f",
        "content-type": "application/json; charset=utf-8",
        "content-length": "2",
        "etag": "W/\"2-l9Fw4VUO7kr8CvBlt4zaMCqXZ0w\""
      }
    }
    [35mresponseTime[39m: 4
[14:10:55.561] [32mINFO[39m (16748): [36mrequest completed[39m
    [35mreq[39m: {
      "id": 24,
      "method": "GET",
      "url": "/api/auth/me",
      "query": {},
      "params": {
        "path": [
          "auth",
          "me"
        ]
      },
      "headers": {
        "host": "localhost:4000",
        "connection": "keep-alive",
        "authorization": "Bearer eyJhbGciOiJIUzI1NiIsInR5cCI6IkpXVCJ9.eyJzdWIiOiJ1c2VyLWFkbWluIiwiZW1haWwiOiJhZG1pbkBndW5nbmlyLmxvY2FsIiwicm9sZXMiOlsiYWRtaW4iXSwiaWF0IjoxNzc5MTI3ODUyLCJleHAiOjE3NzkxMjg3NTJ9.Y9SQHLJLtvfaJeValbCE-gC__xFDJSQxJCfzyOh7Rb0",
        "accept": "*/*",
        "accept-language": "*",
        "sec-fetch-mode": "cors",
        "user-agent": "node",
        "pragma": "no-cache",
        "cache-control": "no-cache",
        "accept-encoding": "gzip, deflate"
      },
      "remoteAddress": "127.0.0.1",
      "remotePort": 55629
    }
    [35mres[39m: {
      "statusCode": 200,
      "headers": {
        "content-security-policy": "default-src 'self';base-uri 'self';font-src 'self' https: data:;form-action 'self';frame-ancestors 'self';img-src 'self' data:;object-src 'none';script-src 'self';script-src-attr 'none';style-src 'self' https: 'unsafe-inline';upgrade-insecure-requests",
        "cross-origin-opener-policy": "same-origin",
        "cross-origin-resource-policy": "same-origin",
        "origin-agent-cluster": "?1",
        "referrer-policy": "no-referrer",
        "strict-transport-security": "max-age=31536000; includeSubDomains",
        "x-content-type-options": "nosniff",
        "x-dns-prefetch-control": "off",
        "x-download-options": "noopen",
        "x-frame-options": "SAMEORIGIN",
        "x-permitted-cross-domain-policies": "none",
        "x-xss-protection": "0",
        "vary": "Origin",
        "access-control-allow-credentials": "true",
        "x-ratelimit-limit": "120",
        "x-ratelimit-remaining": "113",
        "x-ratelimit-reset": "48",
        "x-correlation-id": "5632ff85-1da4-4221-bb70-51d637a0bd71",
        "content-type": "application/json; charset=utf-8",
        "content-length": "116",
        "etag": "W/\"74-/b46aDDUaZf4MZqJ7pPQf3/bWeQ\""
      }
    }
    [35mresponseTime[39m: 6
[14:10:55.614] [32mINFO[39m (16748): [36mrequest completed[39m
    [35mreq[39m: {
      "id": 25,
      "method": "GET",
      "url": "/api/map-layers",
      "query": {},
      "params": {
        "path": [
          "map-layers"
        ]
      },
      "headers": {
        "host": "localhost:4000",
        "connection": "keep-alive",
        "authorization": "Bearer eyJhbGciOiJIUzI1NiIsInR5cCI6IkpXVCJ9.eyJzdWIiOiJ1c2VyLWFkbWluIiwiZW1haWwiOiJhZG1pbkBndW5nbmlyLmxvY2FsIiwicm9sZXMiOlsiYWRtaW4iXSwiaWF0IjoxNzc5MTI3ODUyLCJleHAiOjE3NzkxMjg3NTJ9.Y9SQHLJLtvfaJeValbCE-gC__xFDJSQxJCfzyOh7Rb0",
        "accept": "*/*",
        "accept-language": "*",
        "sec-fetch-mode": "cors",
        "user-agent": "node",
        "pragma": "no-cache",
        "cache-control": "no-cache",
        "accept-encoding": "gzip, deflate"
      },
      "remoteAddress": "127.0.0.1",
      "remotePort": 55629
    }
    [35mres[39m: {
      "statusCode": 200,
      "headers": {
        "content-security-policy": "default-src 'self';base-uri 'self';font-src 'self' https: data:;form-action 'self';frame-ancestors 'self';img-src 'self' data:;object-src 'none';script-src 'self';script-src-attr 'none';style-src 'self' https: 'unsafe-inline';upgrade-insecure-requests",
        "cross-origin-opener-policy": "same-origin",
        "cross-origin-resource-policy": "same-origin",
        "origin-agent-cluster": "?1",
        "referrer-policy": "no-referrer",
        "strict-transport-security": "max-age=31536000; includeSubDomains",
        "x-content-type-options": "nosniff",
        "x-dns-prefetch-control": "off",
        "x-download-options": "noopen",
        "x-frame-options": "SAMEORIGIN",
        "x-permitted-cross-domain-policies": "none",
        "x-xss-protection": "0",
        "vary": "Origin",
        "access-control-allow-credentials": "true",
        "x-ratelimit-limit": "120",
        "x-ratelimit-remaining": "119",
        "x-ratelimit-reset": "60",
        "x-correlation-id": "1b627c24-6ed6-462e-b41f-b4cee3717d7b",
        "content-type": "application/json; charset=utf-8",
        "content-length": "597",
        "etag": "W/\"255-N1baj20QjdYxGICsfd35XDtAAQw\""
      }
    }
    [35mresponseTime[39m: 3
[14:10:55.629] [32mINFO[39m (16748): [36mrequest completed[39m
    [35mreq[39m: {
      "id": 27,
      "method": "GET",
      "url": "/api/devices",
      "query": {},
      "params": {
        "path": [
          "devices"
        ]
      },
      "headers": {
        "host": "localhost:4000",
        "connection": "keep-alive",
        "authorization": "Bearer eyJhbGciOiJIUzI1NiIsInR5cCI6IkpXVCJ9.eyJzdWIiOiJ1c2VyLWFkbWluIiwiZW1haWwiOiJhZG1pbkBndW5nbmlyLmxvY2FsIiwicm9sZXMiOlsiYWRtaW4iXSwiaWF0IjoxNzc5MTI3ODUyLCJleHAiOjE3NzkxMjg3NTJ9.Y9SQHLJLtvfaJeValbCE-gC__xFDJSQxJCfzyOh7Rb0",
        "accept": "*/*",
        "accept-language": "*",
        "sec-fetch-mode": "cors",
        "user-agent": "node",
        "pragma": "no-cache",
        "cache-control": "no-cache",
        "accept-encoding": "gzip, deflate"
      },
      "remoteAddress": "127.0.0.1",
      "remotePort": 55370
    }
    [35mres[39m: {
      "statusCode": 200,
      "headers": {
        "content-security-policy": "default-src 'self';base-uri 'self';font-src 'self' https: data:;form-action 'self';frame-ancestors 'self';img-src 'self' data:;object-src 'none';script-src 'self';script-src-attr 'none';style-src 'self' https: 'unsafe-inline';upgrade-insecure-requests",
        "cross-origin-opener-policy": "same-origin",
        "cross-origin-resource-policy": "same-origin",
        "origin-agent-cluster": "?1",
        "referrer-policy": "no-referrer",
        "strict-transport-security": "max-age=31536000; includeSubDomains",
        "x-content-type-options": "nosniff",
        "x-dns-prefetch-control": "off",
        "x-download-options": "noopen",
        "x-frame-options": "SAMEORIGIN",
        "x-permitted-cross-domain-policies": "none",
        "x-xss-protection": "0",
        "vary": "Origin",
        "access-control-allow-credentials": "true",
        "x-ratelimit-limit": "120",
        "x-ratelimit-remaining": "117",
        "x-ratelimit-reset": "60",
        "x-correlation-id": "8713427f-eca5-4594-8395-d4293a65208c",
        "content-type": "application/json; charset=utf-8",
        "content-length": "391",
        "etag": "W/\"187-wFixndeDMExMbypLdc/dp5I7KtI\""
      }
    }
    [35mresponseTime[39m: 3
[14:10:55.633] [32mINFO[39m (16748): [36mrequest completed[39m
    [35mreq[39m: {
      "id": 26,
      "method": "GET",
      "url": "/api/v1/operations/snapshot",
      "query": {},
      "params": {
        "path": [
          "v1",
          "operations",
          "snapshot"
        ]
      },
      "headers": {
        "host": "localhost:4000",
        "connection": "keep-alive",
        "authorization": "Bearer eyJhbGciOiJIUzI1NiIsInR5cCI6IkpXVCJ9.eyJzdWIiOiJ1c2VyLWFkbWluIiwiZW1haWwiOiJhZG1pbkBndW5nbmlyLmxvY2FsIiwicm9sZXMiOlsiYWRtaW4iXSwiaWF0IjoxNzc5MTI3ODUyLCJleHAiOjE3NzkxMjg3NTJ9.Y9SQHLJLtvfaJeValbCE-gC__xFDJSQxJCfzyOh7Rb0",
        "accept": "*/*",
        "accept-language": "*",
        "sec-fetch-mode": "cors",
        "user-agent": "node",
        "pragma": "no-cache",
        "cache-control": "no-cache",
        "accept-encoding": "gzip, deflate"
      },
      "remoteAddress": "127.0.0.1",
      "remotePort": 55369
    }
    [35mres[39m: {
      "statusCode": 200,
      "headers": {
        "content-security-policy": "default-src 'self';base-uri 'self';font-src 'self' https: data:;form-action 'self';frame-ancestors 'self';img-src 'self' data:;object-src 'none';script-src 'self';script-src-attr 'none';style-src 'self' https: 'unsafe-inline';upgrade-insecure-requests",
        "cross-origin-opener-policy": "same-origin",
        "cross-origin-resource-policy": "same-origin",
        "origin-agent-cluster": "?1",
        "referrer-policy": "no-referrer",
        "strict-transport-security": "max-age=31536000; includeSubDomains",
        "x-content-type-options": "nosniff",
        "x-dns-prefetch-control": "off",
        "x-download-options": "noopen",
        "x-frame-options": "SAMEORIGIN",
        "x-permitted-cross-domain-policies": "none",
        "x-xss-protection": "0",
        "vary": "Origin",
        "access-control-allow-credentials": "true",
        "x-ratelimit-limit": "120",
        "x-ratelimit-remaining": "118",
        "x-ratelimit-reset": "60",
        "x-correlation-id": "6ba21fb9-e145-429c-bfdd-d92dacc0b9f4",
        "content-type": "application/json; charset=utf-8",
        "content-length": "1379",
        "etag": "W/\"563-axCvjgdm6sWi1wVRNb5Zw5Ffvds\""
      }
    }
    [35mresponseTime[39m: 20
[14:10:55.656] [32mINFO[39m (16748): [36mrequest completed[39m
    [35mreq[39m: {
      "id": 28,
      "method": "GET",
      "url": "/api/tracks/current",
      "query": {},
      "params": {
        "path": [
          "tracks",
          "current"
        ]
      },
      "headers": {
        "host": "localhost:4000",
        "connection": "keep-alive",
        "authorization": "Bearer eyJhbGciOiJIUzI1NiIsInR5cCI6IkpXVCJ9.eyJzdWIiOiJ1c2VyLWFkbWluIiwiZW1haWwiOiJhZG1pbkBndW5nbmlyLmxvY2FsIiwicm9sZXMiOlsiYWRtaW4iXSwiaWF0IjoxNzc5MTI3ODUyLCJleHAiOjE3NzkxMjg3NTJ9.Y9SQHLJLtvfaJeValbCE-gC__xFDJSQxJCfzyOh7Rb0",
        "accept": "*/*",
        "accept-language": "*",
        "sec-fetch-mode": "cors",
        "user-agent": "node",
        "pragma": "no-cache",
        "cache-control": "no-cache",
        "accept-encoding": "gzip, deflate"
      },
      "remoteAddress": "127.0.0.1",
      "remotePort": 55629
    }
    [35mres[39m: {
      "statusCode": 200,
      "headers": {
        "content-security-policy": "default-src 'self';base-uri 'self';font-src 'self' https: data:;form-action 'self';frame-ancestors 'self';img-src 'self' data:;object-src 'none';script-src 'self';script-src-attr 'none';style-src 'self' https: 'unsafe-inline';upgrade-insecure-requests",
        "cross-origin-opener-policy": "same-origin",
        "cross-origin-resource-policy": "same-origin",
        "origin-agent-cluster": "?1",
        "referrer-policy": "no-referrer",
        "strict-transport-security": "max-age=31536000; includeSubDomains",
        "x-content-type-options": "nosniff",
        "x-dns-prefetch-control": "off",
        "x-download-options": "noopen",
        "x-frame-options": "SAMEORIGIN",
        "x-permitted-cross-domain-policies": "none",
        "x-xss-protection": "0",
        "vary": "Origin",
        "access-control-allow-credentials": "true",
        "x-ratelimit-limit": "120",
        "x-ratelimit-remaining": "118",
        "x-ratelimit-reset": "60",
        "x-correlation-id": "05432220-2476-4dba-b2dc-1ca57a2ab3eb",
        "content-type": "application/json; charset=utf-8",
        "content-length": "2",
        "etag": "W/\"2-l9Fw4VUO7kr8CvBlt4zaMCqXZ0w\""
      }
    }
    [35mresponseTime[39m: 3
[14:10:55.673] [32mINFO[39m (16748): [36mrequest completed[39m
    [35mreq[39m: {
      "id": 29,
      "method": "GET",
      "url": "/api/tracks/history",
      "query": {},
      "params": {
        "path": [
          "tracks",
          "history"
        ]
      },
      "headers": {
        "host": "localhost:4000",
        "connection": "keep-alive",
        "authorization": "Bearer eyJhbGciOiJIUzI1NiIsInR5cCI6IkpXVCJ9.eyJzdWIiOiJ1c2VyLWFkbWluIiwiZW1haWwiOiJhZG1pbkBndW5nbmlyLmxvY2FsIiwicm9sZXMiOlsiYWRtaW4iXSwiaWF0IjoxNzc5MTI3ODUyLCJleHAiOjE3NzkxMjg3NTJ9.Y9SQHLJLtvfaJeValbCE-gC__xFDJSQxJCfzyOh7Rb0",
        "accept": "*/*",
        "accept-language": "*",
        "sec-fetch-mode": "cors",
        "user-agent": "node",
        "pragma": "no-cache",
        "cache-control": "no-cache",
        "accept-encoding": "gzip, deflate"
      },
      "remoteAddress": "127.0.0.1",
      "remotePort": 55629
    }
    [35mres[39m: {
      "statusCode": 200,
      "headers": {
        "content-security-policy": "default-src 'self';base-uri 'self';font-src 'self' https: data:;form-action 'self';frame-ancestors 'self';img-src 'self' data:;object-src 'none';script-src 'self';script-src-attr 'none';style-src 'self' https: 'unsafe-inline';upgrade-insecure-requests",
        "cross-origin-opener-policy": "same-origin",
        "cross-origin-resource-policy": "same-origin",
        "origin-agent-cluster": "?1",
        "referrer-policy": "no-referrer",
        "strict-transport-security": "max-age=31536000; includeSubDomains",
        "x-content-type-options": "nosniff",
        "x-dns-prefetch-control": "off",
        "x-download-options": "noopen",
        "x-frame-options": "SAMEORIGIN",
        "x-permitted-cross-domain-policies": "none",
        "x-xss-protection": "0",
        "vary": "Origin",
        "access-control-allow-credentials": "true",
        "x-ratelimit-limit": "120",
        "x-ratelimit-remaining": "118",
        "x-ratelimit-reset": "60",
        "x-correlation-id": "5dd914d0-fac9-4e68-b1d0-cd57ea02ea0b",
        "content-type": "application/json; charset=utf-8",
        "content-length": "2",
        "etag": "W/\"2-l9Fw4VUO7kr8CvBlt4zaMCqXZ0w\""
      }
    }
    [35mresponseTime[39m: 2
[14:10:55.699] [32mINFO[39m (16748): [36mrequest completed[39m
    [35mreq[39m: {
      "id": 30,
      "method": "GET",
      "url": "/api/telemetry",
      "query": {},
      "params": {
        "path": [
          "telemetry"
        ]
      },
      "headers": {
        "host": "localhost:4000",
        "connection": "keep-alive",
        "authorization": "Bearer eyJhbGciOiJIUzI1NiIsInR5cCI6IkpXVCJ9.eyJzdWIiOiJ1c2VyLWFkbWluIiwiZW1haWwiOiJhZG1pbkBndW5nbmlyLmxvY2FsIiwicm9sZXMiOlsiYWRtaW4iXSwiaWF0IjoxNzc5MTI3ODUyLCJleHAiOjE3NzkxMjg3NTJ9.Y9SQHLJLtvfaJeValbCE-gC__xFDJSQxJCfzyOh7Rb0",
        "accept": "*/*",
        "accept-language": "*",
        "sec-fetch-mode": "cors",
        "user-agent": "node",
        "pragma": "no-cache",
        "cache-control": "no-cache",
        "accept-encoding": "gzip, deflate"
      },
      "remoteAddress": "127.0.0.1",
      "remotePort": 55629
    }
    [35mres[39m: {
      "statusCode": 200,
      "headers": {
        "content-security-policy": "default-src 'self';base-uri 'self';font-src 'self' https: data:;form-action 'self';frame-ancestors 'self';img-src 'self' data:;object-src 'none';script-src 'self';script-src-attr 'none';style-src 'self' https: 'unsafe-inline';upgrade-insecure-requests",
        "cross-origin-opener-policy": "same-origin",
        "cross-origin-resource-policy": "same-origin",
        "origin-agent-cluster": "?1",
        "referrer-policy": "no-referrer",
        "strict-transport-security": "max-age=31536000; includeSubDomains",
        "x-content-type-options": "nosniff",
        "x-dns-prefetch-control": "off",
        "x-download-options": "noopen",
        "x-frame-options": "SAMEORIGIN",
        "x-permitted-cross-domain-policies": "none",
        "x-xss-protection": "0",
        "vary": "Origin",
        "access-control-allow-credentials": "true",
        "x-ratelimit-limit": "120",
        "x-ratelimit-remaining": "118",
        "x-ratelimit-reset": "60",
        "x-correlation-id": "bc6bc2cd-bfcd-48eb-8fc3-30cb7d04bc8c",
        "content-type": "application/json; charset=utf-8",
        "content-length": "426",
        "etag": "W/\"1aa-bjbCYD4WhTpb5Q/I7yK/VOE8NPE\""
      }
    }
    [35mresponseTime[39m: 5
[14:10:55.711] [32mINFO[39m (16748): [36mrequest completed[39m
    [35mreq[39m: {
      "id": 31,
      "method": "GET",
      "url": "/api/commands",
      "query": {},
      "params": {
        "path": [
          "commands"
        ]
      },
      "headers": {
        "host": "localhost:4000",
        "connection": "keep-alive",
        "authorization": "Bearer eyJhbGciOiJIUzI1NiIsInR5cCI6IkpXVCJ9.eyJzdWIiOiJ1c2VyLWFkbWluIiwiZW1haWwiOiJhZG1pbkBndW5nbmlyLmxvY2FsIiwicm9sZXMiOlsiYWRtaW4iXSwiaWF0IjoxNzc5MTI3ODUyLCJleHAiOjE3NzkxMjg3NTJ9.Y9SQHLJLtvfaJeValbCE-gC__xFDJSQxJCfzyOh7Rb0",
        "accept": "*/*",
        "accept-language": "*",
        "sec-fetch-mode": "cors",
        "user-agent": "node",
        "pragma": "no-cache",
        "cache-control": "no-cache",
        "accept-encoding": "gzip, deflate"
      },
      "remoteAddress": "127.0.0.1",
      "remotePort": 55369
    }
    [35mres[39m: {
      "statusCode": 200,
      "headers": {
        "content-security-policy": "default-src 'self';base-uri 'self';font-src 'self' https: data:;form-action 'self';frame-ancestors 'self';img-src 'self' data:;object-src 'none';script-src 'self';script-src-attr 'none';style-src 'self' https: 'unsafe-inline';upgrade-insecure-requests",
        "cross-origin-opener-policy": "same-origin",
        "cross-origin-resource-policy": "same-origin",
        "origin-agent-cluster": "?1",
        "referrer-policy": "no-referrer",
        "strict-transport-security": "max-age=31536000; includeSubDomains",
        "x-content-type-options": "nosniff",
        "x-dns-prefetch-control": "off",
        "x-download-options": "noopen",
        "x-frame-options": "SAMEORIGIN",
        "x-permitted-cross-domain-policies": "none",
        "x-xss-protection": "0",
        "vary": "Origin",
        "access-control-allow-credentials": "true",
        "x-ratelimit-limit": "120",
        "x-ratelimit-remaining": "118",
        "x-ratelimit-reset": "60",
        "x-correlation-id": "1099100c-faad-4742-b5e3-41a412c19551",
        "content-type": "application/json; charset=utf-8",
        "content-length": "2",
        "etag": "W/\"2-l9Fw4VUO7kr8CvBlt4zaMCqXZ0w\""
      }
    }
    [35mresponseTime[39m: 3
[14:10:55.744] [32mINFO[39m (16748): [36mrequest completed[39m
    [35mreq[39m: {
      "id": 32,
      "method": "GET",
      "url": "/api/geofences",
      "query": {},
      "params": {
        "path": [
          "geofences"
        ]
      },
      "headers": {
        "host": "localhost:4000",
        "connection": "keep-alive",
        "authorization": "Bearer eyJhbGciOiJIUzI1NiIsInR5cCI6IkpXVCJ9.eyJzdWIiOiJ1c2VyLWFkbWluIiwiZW1haWwiOiJhZG1pbkBndW5nbmlyLmxvY2FsIiwicm9sZXMiOlsiYWRtaW4iXSwiaWF0IjoxNzc5MTI3ODUyLCJleHAiOjE3NzkxMjg3NTJ9.Y9SQHLJLtvfaJeValbCE-gC__xFDJSQxJCfzyOh7Rb0",
        "accept": "*/*",
        "accept-language": "*",
        "sec-fetch-mode": "cors",
        "user-agent": "node",
        "pragma": "no-cache",
        "cache-control": "no-cache",
        "accept-encoding": "gzip, deflate"
      },
      "remoteAddress": "127.0.0.1",
      "remotePort": 55629
    }
    [35mres[39m: {
      "statusCode": 200,
      "headers": {
        "content-security-policy": "default-src 'self';base-uri 'self';font-src 'self' https: data:;form-action 'self';frame-ancestors 'self';img-src 'self' data:;object-src 'none';script-src 'self';script-src-attr 'none';style-src 'self' https: 'unsafe-inline';upgrade-insecure-requests",
        "cross-origin-opener-policy": "same-origin",
        "cross-origin-resource-policy": "same-origin",
        "origin-agent-cluster": "?1",
        "referrer-policy": "no-referrer",
        "strict-transport-security": "max-age=31536000; includeSubDomains",
        "x-content-type-options": "nosniff",
        "x-dns-prefetch-control": "off",
        "x-download-options": "noopen",
        "x-frame-options": "SAMEORIGIN",
        "x-permitted-cross-domain-policies": "none",
        "x-xss-protection": "0",
        "vary": "Origin",
        "access-control-allow-credentials": "true",
        "x-ratelimit-limit": "120",
        "x-ratelimit-remaining": "118",
        "x-ratelimit-reset": "60",
        "x-correlation-id": "bc5dfaff-0ac0-49d3-a801-c773ef2749fd",
        "content-type": "application/json; charset=utf-8",
        "content-length": "2",
        "etag": "W/\"2-l9Fw4VUO7kr8CvBlt4zaMCqXZ0w\""
      }
    }
    [35mresponseTime[39m: 3
[14:10:55.747] [32mINFO[39m (16748): [36mrequest completed[39m
    [35mreq[39m: {
      "id": 33,
      "method": "GET",
      "url": "/api/missions",
      "query": {},
      "params": {
        "path": [
          "missions"
        ]
      },
      "headers": {
        "host": "localhost:4000",
        "connection": "keep-alive",
        "authorization": "Bearer eyJhbGciOiJIUzI1NiIsInR5cCI6IkpXVCJ9.eyJzdWIiOiJ1c2VyLWFkbWluIiwiZW1haWwiOiJhZG1pbkBndW5nbmlyLmxvY2FsIiwicm9sZXMiOlsiYWRtaW4iXSwiaWF0IjoxNzc5MTI3ODUyLCJleHAiOjE3NzkxMjg3NTJ9.Y9SQHLJLtvfaJeValbCE-gC__xFDJSQxJCfzyOh7Rb0",
        "accept": "*/*",
        "accept-language": "*",
        "sec-fetch-mode": "cors",
        "user-agent": "node",
        "pragma": "no-cache",
        "cache-control": "no-cache",
        "accept-encoding": "gzip, deflate"
      },
      "remoteAddress": "127.0.0.1",
      "remotePort": 55369
    }
    [35mres[39m: {
      "statusCode": 200,
      "headers": {
        "content-security-policy": "default-src 'self';base-uri 'self';font-src 'self' https: data:;form-action 'self';frame-ancestors 'self';img-src 'self' data:;object-src 'none';script-src 'self';script-src-attr 'none';style-src 'self' https: 'unsafe-inline';upgrade-insecure-requests",
        "cross-origin-opener-policy": "same-origin",
        "cross-origin-resource-policy": "same-origin",
        "origin-agent-cluster": "?1",
        "referrer-policy": "no-referrer",
        "strict-transport-security": "max-age=31536000; includeSubDomains",
        "x-content-type-options": "nosniff",
        "x-dns-prefetch-control": "off",
        "x-download-options": "noopen",
        "x-frame-options": "SAMEORIGIN",
        "x-permitted-cross-domain-policies": "none",
        "x-xss-protection": "0",
        "vary": "Origin",
        "access-control-allow-credentials": "true",
        "x-ratelimit-limit": "120",
        "x-ratelimit-remaining": "118",
        "x-ratelimit-reset": "60",
        "x-correlation-id": "3b9ebc17-3e47-41f9-a802-d4572b2392dd",
        "content-type": "application/json; charset=utf-8",
        "content-length": "2",
        "etag": "W/\"2-l9Fw4VUO7kr8CvBlt4zaMCqXZ0w\""
      }
    }
    [35mresponseTime[39m: 3
[14:10:55.767] [32mINFO[39m (16748): [36mrequest completed[39m
    [35mreq[39m: {
      "id": 34,
      "method": "GET",
      "url": "/api/map-layers",
      "query": {},
      "params": {
        "path": [
          "map-layers"
        ]
      },
      "headers": {
        "host": "localhost:4000",
        "connection": "keep-alive",
        "authorization": "Bearer eyJhbGciOiJIUzI1NiIsInR5cCI6IkpXVCJ9.eyJzdWIiOiJ1c2VyLWFkbWluIiwiZW1haWwiOiJhZG1pbkBndW5nbmlyLmxvY2FsIiwicm9sZXMiOlsiYWRtaW4iXSwiaWF0IjoxNzc5MTI3ODUyLCJleHAiOjE3NzkxMjg3NTJ9.Y9SQHLJLtvfaJeValbCE-gC__xFDJSQxJCfzyOh7Rb0",
        "accept": "*/*",
        "accept-language": "*",
        "sec-fetch-mode": "cors",
        "user-agent": "node",
        "pragma": "no-cache",
        "cache-control": "no-cache",
        "accept-encoding": "gzip, deflate"
      },
      "remoteAddress": "127.0.0.1",
      "remotePort": 55629
    }
    [35mres[39m: {
      "statusCode": 200,
      "headers": {
        "content-security-policy": "default-src 'self';base-uri 'self';font-src 'self' https: data:;form-action 'self';frame-ancestors 'self';img-src 'self' data:;object-src 'none';script-src 'self';script-src-attr 'none';style-src 'self' https: 'unsafe-inline';upgrade-insecure-requests",
        "cross-origin-opener-policy": "same-origin",
        "cross-origin-resource-policy": "same-origin",
        "origin-agent-cluster": "?1",
        "referrer-policy": "no-referrer",
        "strict-transport-security": "max-age=31536000; includeSubDomains",
        "x-content-type-options": "nosniff",
        "x-dns-prefetch-control": "off",
        "x-download-options": "noopen",
        "x-frame-options": "SAMEORIGIN",
        "x-permitted-cross-domain-policies": "none",
        "x-xss-protection": "0",
        "vary": "Origin",
        "access-control-allow-credentials": "true",
        "x-ratelimit-limit": "120",
        "x-ratelimit-remaining": "118",
        "x-ratelimit-reset": "60",
        "x-correlation-id": "63a1a460-2e7c-4140-848b-e72b47646bab",
        "content-type": "application/json; charset=utf-8",
        "content-length": "597",
        "etag": "W/\"255-N1baj20QjdYxGICsfd35XDtAAQw\""
      }
    }
    [35mresponseTime[39m: 2
[14:10:55.786] [32mINFO[39m (16748): [36mrequest completed[39m
    [35mreq[39m: {
      "id": 35,
      "method": "GET",
      "url": "/api/map-layers/layer-fire-intel/geojson",
      "query": {},
      "params": {
        "path": [
          "map-layers",
          "layer-fire-intel",
          "geojson"
        ]
      },
      "headers": {
        "host": "localhost:4000",
        "connection": "keep-alive",
        "authorization": "Bearer eyJhbGciOiJIUzI1NiIsInR5cCI6IkpXVCJ9.eyJzdWIiOiJ1c2VyLWFkbWluIiwiZW1haWwiOiJhZG1pbkBndW5nbmlyLmxvY2FsIiwicm9sZXMiOlsiYWRtaW4iXSwiaWF0IjoxNzc5MTI3ODUyLCJleHAiOjE3NzkxMjg3NTJ9.Y9SQHLJLtvfaJeValbCE-gC__xFDJSQxJCfzyOh7Rb0",
        "accept": "*/*",
        "accept-language": "*",
        "sec-fetch-mode": "cors",
        "user-agent": "node",
        "pragma": "no-cache",
        "cache-control": "no-cache",
        "accept-encoding": "gzip, deflate"
      },
      "remoteAddress": "127.0.0.1",
      "remotePort": 55369
    }
    [35mres[39m: {
      "statusCode": 200,
      "headers": {
        "content-security-policy": "default-src 'self';base-uri 'self';font-src 'self' https: data:;form-action 'self';frame-ancestors 'self';img-src 'self' data:;object-src 'none';script-src 'self';script-src-attr 'none';style-src 'self' https: 'unsafe-inline';upgrade-insecure-requests",
        "cross-origin-opener-policy": "same-origin",
        "cross-origin-resource-policy": "same-origin",
        "origin-agent-cluster": "?1",
        "referrer-policy": "no-referrer",
        "strict-transport-security": "max-age=31536000; includeSubDomains",
        "x-content-type-options": "nosniff",
        "x-dns-prefetch-control": "off",
        "x-download-options": "noopen",
        "x-frame-options": "SAMEORIGIN",
        "x-permitted-cross-domain-policies": "none",
        "x-xss-protection": "0",
        "vary": "Origin",
        "access-control-allow-credentials": "true",
        "x-ratelimit-limit": "120",
        "x-ratelimit-remaining": "119",
        "x-ratelimit-reset": "60",
        "x-correlation-id": "aefe9626-0bee-41c4-8d01-04dad00eb41f",
        "content-type": "application/json; charset=utf-8",
        "content-length": "42",
        "etag": "W/\"2a-YF4qkQu1OiQfcNelFeHSJ4hLkOE\""
      }
    }
    [35mresponseTime[39m: 6
[14:10:55.805] [32mINFO[39m (16748): [36mrequest completed[39m
    [35mreq[39m: {
      "id": 36,
      "method": "GET",
      "url": "/api/map-layers/layer-air-traffic/geojson",
      "query": {},
      "params": {
        "path": [
          "map-layers",
          "layer-air-traffic",
          "geojson"
        ]
      },
      "headers": {
        "host": "localhost:4000",
        "connection": "keep-alive",
        "authorization": "Bearer eyJhbGciOiJIUzI1NiIsInR5cCI6IkpXVCJ9.eyJzdWIiOiJ1c2VyLWFkbWluIiwiZW1haWwiOiJhZG1pbkBndW5nbmlyLmxvY2FsIiwicm9sZXMiOlsiYWRtaW4iXSwiaWF0IjoxNzc5MTI3ODUyLCJleHAiOjE3NzkxMjg3NTJ9.Y9SQHLJLtvfaJeValbCE-gC__xFDJSQxJCfzyOh7Rb0",
        "accept": "*/*",
        "accept-language": "*",
        "sec-fetch-mode": "cors",
        "user-agent": "node",
        "pragma": "no-cache",
        "cache-control": "no-cache",
        "accept-encoding": "gzip, deflate"
      },
      "remoteAddress": "127.0.0.1",
      "remotePort": 55629
    }
    [35mres[39m: {
      "statusCode": 200,
      "headers": {
        "content-security-policy": "default-src 'self';base-uri 'self';font-src 'self' https: data:;form-action 'self';frame-ancestors 'self';img-src 'self' data:;object-src 'none';script-src 'self';script-src-attr 'none';style-src 'self' https: 'unsafe-inline';upgrade-insecure-requests",
        "cross-origin-opener-policy": "same-origin",
        "cross-origin-resource-policy": "same-origin",
        "origin-agent-cluster": "?1",
        "referrer-policy": "no-referrer",
        "strict-transport-security": "max-age=31536000; includeSubDomains",
        "x-content-type-options": "nosniff",
        "x-dns-prefetch-control": "off",
        "x-download-options": "noopen",
        "x-frame-options": "SAMEORIGIN",
        "x-permitted-cross-domain-policies": "none",
        "x-xss-protection": "0",
        "vary": "Origin",
        "access-control-allow-credentials": "true",
        "x-ratelimit-limit": "120",
        "x-ratelimit-remaining": "118",
        "x-ratelimit-reset": "60",
        "x-correlation-id": "31f969d2-dc31-4431-b9c1-f7fa29145dd0",
        "content-type": "application/json; charset=utf-8",
        "content-length": "42",
        "etag": "W/\"2a-YF4qkQu1OiQfcNelFeHSJ4hLkOE\""
      }
    }
    [35mresponseTime[39m: 5
[14:10:55.835] [32mINFO[39m (16748): [36mrequest completed[39m
    [35mreq[39m: {
      "id": 37,
      "method": "GET",
      "url": "/api/map-layers/layer-fire-intel/geojson",
      "query": {},
      "params": {
        "path": [
          "map-layers",
          "layer-fire-intel",
          "geojson"
        ]
      },
      "headers": {
        "host": "localhost:4000",
        "connection": "keep-alive",
        "authorization": "Bearer eyJhbGciOiJIUzI1NiIsInR5cCI6IkpXVCJ9.eyJzdWIiOiJ1c2VyLWFkbWluIiwiZW1haWwiOiJhZG1pbkBndW5nbmlyLmxvY2FsIiwicm9sZXMiOlsiYWRtaW4iXSwiaWF0IjoxNzc5MTI3ODUyLCJleHAiOjE3NzkxMjg3NTJ9.Y9SQHLJLtvfaJeValbCE-gC__xFDJSQxJCfzyOh7Rb0",
        "accept": "*/*",
        "accept-language": "*",
        "sec-fetch-mode": "cors",
        "user-agent": "node",
        "pragma": "no-cache",
        "cache-control": "no-cache",
        "accept-encoding": "gzip, deflate"
      },
      "remoteAddress": "127.0.0.1",
      "remotePort": 55629
    }
    [35mres[39m: {
      "statusCode": 200,
      "headers": {
        "content-security-policy": "default-src 'self';base-uri 'self';font-src 'self' https: data:;form-action 'self';frame-ancestors 'self';img-src 'self' data:;object-src 'none';script-src 'self';script-src-attr 'none';style-src 'self' https: 'unsafe-inline';upgrade-insecure-requests",
        "cross-origin-opener-policy": "same-origin",
        "cross-origin-resource-policy": "same-origin",
        "origin-agent-cluster": "?1",
        "referrer-policy": "no-referrer",
        "strict-transport-security": "max-age=31536000; includeSubDomains",
        "x-content-type-options": "nosniff",
        "x-dns-prefetch-control": "off",
        "x-download-options": "noopen",
        "x-frame-options": "SAMEORIGIN",
        "x-permitted-cross-domain-policies": "none",
        "x-xss-protection": "0",
        "vary": "Origin",
        "access-control-allow-credentials": "true",
        "x-ratelimit-limit": "120",
        "x-ratelimit-remaining": "117",
        "x-ratelimit-reset": "60",
        "x-correlation-id": "708a3b62-c2ea-4105-83a6-62841139a298",
        "content-type": "application/json; charset=utf-8",
        "content-length": "42",
        "etag": "W/\"2a-YF4qkQu1OiQfcNelFeHSJ4hLkOE\""
      }
    }
    [35mresponseTime[39m: 4
[14:10:55.837] [32mINFO[39m (16748): [36mrequest completed[39m
    [35mreq[39m: {
      "id": 38,
      "method": "GET",
      "url": "/api/map-layers/layer-air-traffic/geojson",
      "query": {},
      "params": {
        "path": [
          "map-layers",
          "layer-air-traffic",
          "geojson"
        ]
      },
      "headers": {
        "host": "localhost:4000",
        "connection": "keep-alive",
        "authorization": "Bearer eyJhbGciOiJIUzI1NiIsInR5cCI6IkpXVCJ9.eyJzdWIiOiJ1c2VyLWFkbWluIiwiZW1haWwiOiJhZG1pbkBndW5nbmlyLmxvY2FsIiwicm9sZXMiOlsiYWRtaW4iXSwiaWF0IjoxNzc5MTI3ODUyLCJleHAiOjE3NzkxMjg3NTJ9.Y9SQHLJLtvfaJeValbCE-gC__xFDJSQxJCfzyOh7Rb0",
        "accept": "*/*",
        "accept-language": "*",
        "sec-fetch-mode": "cors",
        "user-agent": "node",
        "pragma": "no-cache",
        "cache-control": "no-cache",
        "accept-encoding": "gzip, deflate"
      },
      "remoteAddress": "127.0.0.1",
      "remotePort": 55369
    }
    [35mres[39m: {
      "statusCode": 200,
      "headers": {
        "content-security-policy": "default-src 'self';base-uri 'self';font-src 'self' https: data:;form-action 'self';frame-ancestors 'self';img-src 'self' data:;object-src 'none';script-src 'self';script-src-attr 'none';style-src 'self' https: 'unsafe-inline';upgrade-insecure-requests",
        "cross-origin-opener-policy": "same-origin",
        "cross-origin-resource-policy": "same-origin",
        "origin-agent-cluster": "?1",
        "referrer-policy": "no-referrer",
        "strict-transport-security": "max-age=31536000; includeSubDomains",
        "x-content-type-options": "nosniff",
        "x-dns-prefetch-control": "off",
        "x-download-options": "noopen",
        "x-frame-options": "SAMEORIGIN",
        "x-permitted-cross-domain-policies": "none",
        "x-xss-protection": "0",
        "vary": "Origin",
        "access-control-allow-credentials": "true",
        "x-ratelimit-limit": "120",
        "x-ratelimit-remaining": "116",
        "x-ratelimit-reset": "60",
        "x-correlation-id": "f2258db4-916a-40f4-8881-eef4dc531c76",
        "content-type": "application/json; charset=utf-8",
        "content-length": "42",
        "etag": "W/\"2a-YF4qkQu1OiQfcNelFeHSJ4hLkOE\""
      }
    }
    [35mresponseTime[39m: 5
[14:11:04.752] [32mINFO[39m (16748): [36mrequest completed[39m
    [35mreq[39m: {
      "id": 39,
      "method": "GET",
      "url": "/api/auth/me",
      "query": {},
      "params": {
        "path": [
          "auth",
          "me"
        ]
      },
      "headers": {
        "host": "localhost:4000",
        "connection": "keep-alive",
        "authorization": "Bearer eyJhbGciOiJIUzI1NiIsInR5cCI6IkpXVCJ9.eyJzdWIiOiJ1c2VyLWFkbWluIiwiZW1haWwiOiJhZG1pbkBndW5nbmlyLmxvY2FsIiwicm9sZXMiOlsiYWRtaW4iXSwiaWF0IjoxNzc5MTI3ODUyLCJleHAiOjE3NzkxMjg3NTJ9.Y9SQHLJLtvfaJeValbCE-gC__xFDJSQxJCfzyOh7Rb0",
        "accept": "*/*",
        "accept-language": "*",
        "sec-fetch-mode": "cors",
        "user-agent": "node",
        "pragma": "no-cache",
        "cache-control": "no-cache",
        "accept-encoding": "gzip, deflate"
      },
      "remoteAddress": "127.0.0.1",
      "remotePort": 64543
    }
    [35mres[39m: {
      "statusCode": 200,
      "headers": {
        "content-security-policy": "default-src 'self';base-uri 'self';font-src 'self' https: data:;form-action 'self';frame-ancestors 'self';img-src 'self' data:;object-src 'none';script-src 'self';script-src-attr 'none';style-src 'self' https: 'unsafe-inline';upgrade-insecure-requests",
        "cross-origin-opener-policy": "same-origin",
        "cross-origin-resource-policy": "same-origin",
        "origin-agent-cluster": "?1",
        "referrer-policy": "no-referrer",
        "strict-transport-security": "max-age=31536000; includeSubDomains",
        "x-content-type-options": "nosniff",
        "x-dns-prefetch-control": "off",
        "x-download-options": "noopen",
        "x-frame-options": "SAMEORIGIN",
        "x-permitted-cross-domain-policies": "none",
        "x-xss-protection": "0",
        "vary": "Origin",
        "access-control-allow-credentials": "true",
        "x-ratelimit-limit": "120",
        "x-ratelimit-remaining": "112",
        "x-ratelimit-reset": "39",
        "x-correlation-id": "54d9762d-611b-4ecc-a4fc-b9276270a947",
        "content-type": "application/json; charset=utf-8",
        "content-length": "116",
        "etag": "W/\"74-/b46aDDUaZf4MZqJ7pPQf3/bWeQ\""
      }
    }
    [35mresponseTime[39m: 5
[14:11:04.775] [32mINFO[39m (16748): [36mrequest completed[39m
    [35mreq[39m: {
      "id": 40,
      "method": "GET",
      "url": "/api/v1/operations/bootstrap",
      "query": {},
      "params": {
        "path": [
          "v1",
          "operations",
          "bootstrap"
        ]
      },
      "headers": {
        "host": "localhost:4000",
        "connection": "keep-alive",
        "authorization": "Bearer eyJhbGciOiJIUzI1NiIsInR5cCI6IkpXVCJ9.eyJzdWIiOiJ1c2VyLWFkbWluIiwiZW1haWwiOiJhZG1pbkBndW5nbmlyLmxvY2FsIiwicm9sZXMiOlsiYWRtaW4iXSwiaWF0IjoxNzc5MTI3ODUyLCJleHAiOjE3NzkxMjg3NTJ9.Y9SQHLJLtvfaJeValbCE-gC__xFDJSQxJCfzyOh7Rb0",
        "accept": "*/*",
        "accept-language": "*",
        "sec-fetch-mode": "cors",
        "user-agent": "node",
        "pragma": "no-cache",
        "cache-control": "no-cache",
        "accept-encoding": "gzip, deflate"
      },
      "remoteAddress": "127.0.0.1",
      "remotePort": 64545
    }
    [35mres[39m: {
      "statusCode": 200,
      "headers": {
        "content-security-policy": "default-src 'self';base-uri 'self';font-src 'self' https: data:;form-action 'self';frame-ancestors 'self';img-src 'self' data:;object-src 'none';script-src 'self';script-src-attr 'none';style-src 'self' https: 'unsafe-inline';upgrade-insecure-requests",
        "cross-origin-opener-policy": "same-origin",
        "cross-origin-resource-policy": "same-origin",
        "origin-agent-cluster": "?1",
        "referrer-policy": "no-referrer",
        "strict-transport-security": "max-age=31536000; includeSubDomains",
        "x-content-type-options": "nosniff",
        "x-dns-prefetch-control": "off",
        "x-download-options": "noopen",
        "x-frame-options": "SAMEORIGIN",
        "x-permitted-cross-domain-policies": "none",
        "x-xss-protection": "0",
        "vary": "Origin",
        "access-control-allow-credentials": "true",
        "x-ratelimit-limit": "120",
        "x-ratelimit-remaining": "116",
        "x-ratelimit-reset": "11",
        "x-correlation-id": "fcad1170-56c7-4657-be09-fb80a838d450",
        "content-type": "application/json; charset=utf-8",
        "content-length": "1660",
        "etag": "W/\"67c-6gXux/jUE2hR0goaXdjI0I8gxJM\""
      }
    }
    [35mresponseTime[39m: 10
[14:11:14.563] [32mINFO[39m (16748): [36mrequest completed[39m
    [35mreq[39m: {
      "id": 41,
      "method": "GET",
      "url": "/api/auth/me",
      "query": {},
      "params": {
        "path": [
          "auth",
          "me"
        ]
      },
      "headers": {
        "host": "localhost:4000",
        "connection": "keep-alive",
        "authorization": "Bearer eyJhbGciOiJIUzI1NiIsInR5cCI6IkpXVCJ9.eyJzdWIiOiJ1c2VyLWFkbWluIiwiZW1haWwiOiJhZG1pbkBndW5nbmlyLmxvY2FsIiwicm9sZXMiOlsiYWRtaW4iXSwiaWF0IjoxNzc5MTI3ODUyLCJleHAiOjE3NzkxMjg3NTJ9.Y9SQHLJLtvfaJeValbCE-gC__xFDJSQxJCfzyOh7Rb0",
        "accept": "*/*",
        "accept-language": "*",
        "sec-fetch-mode": "cors",
        "user-agent": "node",
        "pragma": "no-cache",
        "cache-control": "no-cache",
        "accept-encoding": "gzip, deflate"
      },
      "remoteAddress": "127.0.0.1",
      "remotePort": 62275
    }
    [35mres[39m: {
      "statusCode": 200,
      "headers": {
        "content-security-policy": "default-src 'self';base-uri 'self';font-src 'self' https: data:;form-action 'self';frame-ancestors 'self';img-src 'self' data:;object-src 'none';script-src 'self';script-src-attr 'none';style-src 'self' https: 'unsafe-inline';upgrade-insecure-requests",
        "cross-origin-opener-policy": "same-origin",
        "cross-origin-resource-policy": "same-origin",
        "origin-agent-cluster": "?1",
        "referrer-policy": "no-referrer",
        "strict-transport-security": "max-age=31536000; includeSubDomains",
        "x-content-type-options": "nosniff",
        "x-dns-prefetch-control": "off",
        "x-download-options": "noopen",
        "x-frame-options": "SAMEORIGIN",
        "x-permitted-cross-domain-policies": "none",
        "x-xss-protection": "0",
        "vary": "Origin",
        "access-control-allow-credentials": "true",
        "x-ratelimit-limit": "120",
        "x-ratelimit-remaining": "111",
        "x-ratelimit-reset": "29",
        "x-correlation-id": "8e1caf20-c84c-459a-803c-fd9f18d41655",
        "content-type": "application/json; charset=utf-8",
        "content-length": "116",
        "etag": "W/\"74-/b46aDDUaZf4MZqJ7pPQf3/bWeQ\""
      }
    }
    [35mresponseTime[39m: 6
[14:11:14.583] [32mINFO[39m (16748): [36mrequest completed[39m
    [35mreq[39m: {
      "id": 43,
      "method": "GET",
      "url": "/api/missions",
      "query": {},
      "params": {
        "path": [
          "missions"
        ]
      },
      "headers": {
        "host": "localhost:4000",
        "connection": "keep-alive",
        "authorization": "Bearer eyJhbGciOiJIUzI1NiIsInR5cCI6IkpXVCJ9.eyJzdWIiOiJ1c2VyLWFkbWluIiwiZW1haWwiOiJhZG1pbkBndW5nbmlyLmxvY2FsIiwicm9sZXMiOlsiYWRtaW4iXSwiaWF0IjoxNzc5MTI3ODUyLCJleHAiOjE3NzkxMjg3NTJ9.Y9SQHLJLtvfaJeValbCE-gC__xFDJSQxJCfzyOh7Rb0",
        "accept": "*/*",
        "accept-language": "*",
        "sec-fetch-mode": "cors",
        "user-agent": "node",
        "pragma": "no-cache",
        "cache-control": "no-cache",
        "accept-encoding": "gzip, deflate"
      },
      "remoteAddress": "127.0.0.1",
      "remotePort": 62279
    }
    [35mres[39m: {
      "statusCode": 200,
      "headers": {
        "content-security-policy": "default-src 'self';base-uri 'self';font-src 'self' https: data:;form-action 'self';frame-ancestors 'self';img-src 'self' data:;object-src 'none';script-src 'self';script-src-attr 'none';style-src 'self' https: 'unsafe-inline';upgrade-insecure-requests",
        "cross-origin-opener-policy": "same-origin",
        "cross-origin-resource-policy": "same-origin",
        "origin-agent-cluster": "?1",
        "referrer-policy": "no-referrer",
        "strict-transport-security": "max-age=31536000; includeSubDomains",
        "x-content-type-options": "nosniff",
        "x-dns-prefetch-control": "off",
        "x-download-options": "noopen",
        "x-frame-options": "SAMEORIGIN",
        "x-permitted-cross-domain-policies": "none",
        "x-xss-protection": "0",
        "vary": "Origin",
        "access-control-allow-credentials": "true",
        "x-ratelimit-limit": "120",
        "x-ratelimit-remaining": "117",
        "x-ratelimit-reset": "41",
        "x-correlation-id": "a683735b-00e3-4f45-9cb3-4a1548b5cbb4",
        "content-type": "application/json; charset=utf-8",
        "content-length": "2",
        "etag": "W/\"2-l9Fw4VUO7kr8CvBlt4zaMCqXZ0w\""
      }
    }
    [35mresponseTime[39m: 3
[14:11:14.589] [32mINFO[39m (16748): [36mrequest completed[39m
    [35mreq[39m: {
      "id": 42,
      "method": "GET",
      "url": "/api/v1/operations/snapshot",
      "query": {},
      "params": {
        "path": [
          "v1",
          "operations",
          "snapshot"
        ]
      },
      "headers": {
        "host": "localhost:4000",
        "connection": "keep-alive",
        "authorization": "Bearer eyJhbGciOiJIUzI1NiIsInR5cCI6IkpXVCJ9.eyJzdWIiOiJ1c2VyLWFkbWluIiwiZW1haWwiOiJhZG1pbkBndW5nbmlyLmxvY2FsIiwicm9sZXMiOlsiYWRtaW4iXSwiaWF0IjoxNzc5MTI3ODUyLCJleHAiOjE3NzkxMjg3NTJ9.Y9SQHLJLtvfaJeValbCE-gC__xFDJSQxJCfzyOh7Rb0",
        "accept": "*/*",
        "accept-language": "*",
        "sec-fetch-mode": "cors",
        "user-agent": "node",
        "pragma": "no-cache",
        "cache-control": "no-cache",
        "accept-encoding": "gzip, deflate"
      },
      "remoteAddress": "127.0.0.1",
      "remotePort": 62278
    }
    [35mres[39m: {
      "statusCode": 200,
      "headers": {
        "content-security-policy": "default-src 'self';base-uri 'self';font-src 'self' https: data:;form-action 'self';frame-ancestors 'self';img-src 'self' data:;object-src 'none';script-src 'self';script-src-attr 'none';style-src 'self' https: 'unsafe-inline';upgrade-insecure-requests",
        "cross-origin-opener-policy": "same-origin",
        "cross-origin-resource-policy": "same-origin",
        "origin-agent-cluster": "?1",
        "referrer-policy": "no-referrer",
        "strict-transport-security": "max-age=31536000; includeSubDomains",
        "x-content-type-options": "nosniff",
        "x-dns-prefetch-control": "off",
        "x-download-options": "noopen",
        "x-frame-options": "SAMEORIGIN",
        "x-permitted-cross-domain-policies": "none",
        "x-xss-protection": "0",
        "vary": "Origin",
        "access-control-allow-credentials": "true",
        "x-ratelimit-limit": "120",
        "x-ratelimit-remaining": "117",
        "x-ratelimit-reset": "41",
        "x-correlation-id": "e15ede2c-b669-47f5-9c8c-3ce2ac3d2b9b",
        "content-type": "application/json; charset=utf-8",
        "content-length": "1379",
        "etag": "W/\"563-axCvjgdm6sWi1wVRNb5Zw5Ffvds\""
      }
    }
    [35mresponseTime[39m: 10
[14:11:16.588] [32mINFO[39m (16748): [36mrequest completed[39m
    [35mreq[39m: {
      "id": 44,
      "method": "GET",
      "url": "/api/auth/me",
      "query": {},
      "params": {
        "path": [
          "auth",
          "me"
        ]
      },
      "headers": {
        "host": "localhost:4000",
        "connection": "keep-alive",
        "authorization": "Bearer eyJhbGciOiJIUzI1NiIsInR5cCI6IkpXVCJ9.eyJzdWIiOiJ1c2VyLWFkbWluIiwiZW1haWwiOiJhZG1pbkBndW5nbmlyLmxvY2FsIiwicm9sZXMiOlsiYWRtaW4iXSwiaWF0IjoxNzc5MTI3ODUyLCJleHAiOjE3NzkxMjg3NTJ9.Y9SQHLJLtvfaJeValbCE-gC__xFDJSQxJCfzyOh7Rb0",
        "accept": "*/*",
        "accept-language": "*",
        "sec-fetch-mode": "cors",
        "user-agent": "node",
        "pragma": "no-cache",
        "cache-control": "no-cache",
        "accept-encoding": "gzip, deflate"
      },
      "remoteAddress": "127.0.0.1",
      "remotePort": 62275
    }
    [35mres[39m: {
      "statusCode": 200,
      "headers": {
        "content-security-policy": "default-src 'self';base-uri 'self';font-src 'self' https: data:;form-action 'self';frame-ancestors 'self';img-src 'self' data:;object-src 'none';script-src 'self';script-src-attr 'none';style-src 'self' https: 'unsafe-inline';upgrade-insecure-requests",
        "cross-origin-opener-policy": "same-origin",
        "cross-origin-resource-policy": "same-origin",
        "origin-agent-cluster": "?1",
        "referrer-policy": "no-referrer",
        "strict-transport-security": "max-age=31536000; includeSubDomains",
        "x-content-type-options": "nosniff",
        "x-dns-prefetch-control": "off",
        "x-download-options": "noopen",
        "x-frame-options": "SAMEORIGIN",
        "x-permitted-cross-domain-policies": "none",
        "x-xss-protection": "0",
        "vary": "Origin",
        "access-control-allow-credentials": "true",
        "x-ratelimit-limit": "120",
        "x-ratelimit-remaining": "110",
        "x-ratelimit-reset": "27",
        "x-correlation-id": "130439b1-cc0b-4aed-aa52-e499ea1642a4",
        "content-type": "application/json; charset=utf-8",
        "content-length": "116",
        "etag": "W/\"74-/b46aDDUaZf4MZqJ7pPQf3/bWeQ\""
      }
    }
    [35mresponseTime[39m: 7
[14:11:16.606] [32mINFO[39m (16748): [36mrequest completed[39m
    [35mreq[39m: {
      "id": 45,
      "method": "GET",
      "url": "/api/v1/operations/bootstrap",
      "query": {},
      "params": {
        "path": [
          "v1",
          "operations",
          "bootstrap"
        ]
      },
      "headers": {
        "host": "localhost:4000",
        "connection": "keep-alive",
        "authorization": "Bearer eyJhbGciOiJIUzI1NiIsInR5cCI6IkpXVCJ9.eyJzdWIiOiJ1c2VyLWFkbWluIiwiZW1haWwiOiJhZG1pbkBndW5nbmlyLmxvY2FsIiwicm9sZXMiOlsiYWRtaW4iXSwiaWF0IjoxNzc5MTI3ODUyLCJleHAiOjE3NzkxMjg3NTJ9.Y9SQHLJLtvfaJeValbCE-gC__xFDJSQxJCfzyOh7Rb0",
        "accept": "*/*",
        "accept-language": "*",
        "sec-fetch-mode": "cors",
        "user-agent": "node",
        "pragma": "no-cache",
        "cache-control": "no-cache",
        "accept-encoding": "gzip, deflate"
      },
      "remoteAddress": "127.0.0.1",
      "remotePort": 62278
    }
    [35mres[39m: {
      "statusCode": 200,
      "headers": {
        "content-security-policy": "default-src 'self';base-uri 'self';font-src 'self' https: data:;form-action 'self';frame-ancestors 'self';img-src 'self' data:;object-src 'none';script-src 'self';script-src-attr 'none';style-src 'self' https: 'unsafe-inline';upgrade-insecure-requests",
        "cross-origin-opener-policy": "same-origin",
        "cross-origin-resource-policy": "same-origin",
        "origin-agent-cluster": "?1",
        "referrer-policy": "no-referrer",
        "strict-transport-security": "max-age=31536000; includeSubDomains",
        "x-content-type-options": "nosniff",
        "x-dns-prefetch-control": "off",
        "x-download-options": "noopen",
        "x-frame-options": "SAMEORIGIN",
        "x-permitted-cross-domain-policies": "none",
        "x-xss-protection": "0",
        "vary": "Origin",
        "access-control-allow-credentials": "true",
        "x-ratelimit-limit": "120",
        "x-ratelimit-remaining": "116",
        "x-ratelimit-reset": "60",
        "x-correlation-id": "0c9e4359-ba89-4e19-bd6f-fd5ffdf4ce5b",
        "content-type": "application/json; charset=utf-8",
        "content-length": "1660",
        "etag": "W/\"67c-mDOwgwI0pbG64xIYNUsrplp+BT8\""
      }
    }
    [35mresponseTime[39m: 11
[14:11:16.691] [32mINFO[39m (16748): [36mrequest completed[39m
    [35mreq[39m: {
      "id": 46,
      "method": "GET",
      "url": "/api/auth/me",
      "query": {},
      "params": {
        "path": [
          "auth",
          "me"
        ]
      },
      "headers": {
        "host": "localhost:4000",
        "connection": "keep-alive",
        "authorization": "Bearer eyJhbGciOiJIUzI1NiIsInR5cCI6IkpXVCJ9.eyJzdWIiOiJ1c2VyLWFkbWluIiwiZW1haWwiOiJhZG1pbkBndW5nbmlyLmxvY2FsIiwicm9sZXMiOlsiYWRtaW4iXSwiaWF0IjoxNzc5MTI3ODUyLCJleHAiOjE3NzkxMjg3NTJ9.Y9SQHLJLtvfaJeValbCE-gC__xFDJSQxJCfzyOh7Rb0",
        "accept": "*/*",
        "accept-language": "*",
        "sec-fetch-mode": "cors",
        "user-agent": "node",
        "pragma": "no-cache",
        "cache-control": "no-cache",
        "accept-encoding": "gzip, deflate"
      },
      "remoteAddress": "127.0.0.1",
      "remotePort": 62275
    }
    [35mres[39m: {
      "statusCode": 200,
      "headers": {
        "content-security-policy": "default-src 'self';base-uri 'self';font-src 'self' https: data:;form-action 'self';frame-ancestors 'self';img-src 'self' data:;object-src 'none';script-src 'self';script-src-attr 'none';style-src 'self' https: 'unsafe-inline';upgrade-insecure-requests",
        "cross-origin-opener-policy": "same-origin",
        "cross-origin-resource-policy": "same-origin",
        "origin-agent-cluster": "?1",
        "referrer-policy": "no-referrer",
        "strict-transport-security": "max-age=31536000; includeSubDomains",
        "x-content-type-options": "nosniff",
        "x-dns-prefetch-control": "off",
        "x-download-options": "noopen",
        "x-frame-options": "SAMEORIGIN",
        "x-permitted-cross-domain-policies": "none",
        "x-xss-protection": "0",
        "vary": "Origin",
        "access-control-allow-credentials": "true",
        "x-ratelimit-limit": "120",
        "x-ratelimit-remaining": "109",
        "x-ratelimit-reset": "27",
        "x-correlation-id": "ba00aade-3895-4983-8af7-c7b61a497f4d",
        "content-type": "application/json; charset=utf-8",
        "content-length": "116",
        "etag": "W/\"74-/b46aDDUaZf4MZqJ7pPQf3/bWeQ\""
      }
    }
    [35mresponseTime[39m: 6
[14:11:16.743] [32mINFO[39m (16748): [36mrequest completed[39m
    [35mreq[39m: {
      "id": 47,
      "method": "GET",
      "url": "/api/v1/operations/snapshot",
      "query": {},
      "params": {
        "path": [
          "v1",
          "operations",
          "snapshot"
        ]
      },
      "headers": {
        "host": "localhost:4000",
        "connection": "keep-alive",
        "authorization": "Bearer eyJhbGciOiJIUzI1NiIsInR5cCI6IkpXVCJ9.eyJzdWIiOiJ1c2VyLWFkbWluIiwiZW1haWwiOiJhZG1pbkBndW5nbmlyLmxvY2FsIiwicm9sZXMiOlsiYWRtaW4iXSwiaWF0IjoxNzc5MTI3ODUyLCJleHAiOjE3NzkxMjg3NTJ9.Y9SQHLJLtvfaJeValbCE-gC__xFDJSQxJCfzyOh7Rb0",
        "accept": "*/*",
        "accept-language": "*",
        "sec-fetch-mode": "cors",
        "user-agent": "node",
        "pragma": "no-cache",
        "cache-control": "no-cache",
        "accept-encoding": "gzip, deflate"
      },
      "remoteAddress": "127.0.0.1",
      "remotePort": 62275
    }
    [35mres[39m: {
      "statusCode": 200,
      "headers": {
        "content-security-policy": "default-src 'self';base-uri 'self';font-src 'self' https: data:;form-action 'self';frame-ancestors 'self';img-src 'self' data:;object-src 'none';script-src 'self';script-src-attr 'none';style-src 'self' https: 'unsafe-inline';upgrade-insecure-requests",
        "cross-origin-opener-policy": "same-origin",
        "cross-origin-resource-policy": "same-origin",
        "origin-agent-cluster": "?1",
        "referrer-policy": "no-referrer",
        "strict-transport-security": "max-age=31536000; includeSubDomains",
        "x-content-type-options": "nosniff",
        "x-dns-prefetch-control": "off",
        "x-download-options": "noopen",
        "x-frame-options": "SAMEORIGIN",
        "x-permitted-cross-domain-policies": "none",
        "x-xss-protection": "0",
        "vary": "Origin",
        "access-control-allow-credentials": "true",
        "x-ratelimit-limit": "120",
        "x-ratelimit-remaining": "116",
        "x-ratelimit-reset": "39",
        "x-correlation-id": "5995339e-b4b4-4605-94f5-ca466eb110a1",
        "content-type": "application/json; charset=utf-8",
        "content-length": "1379",
        "etag": "W/\"563-axCvjgdm6sWi1wVRNb5Zw5Ffvds\""
      }
    }
    [35mresponseTime[39m: 15
[14:11:16.751] [32mINFO[39m (16748): [36mrequest completed[39m
    [35mreq[39m: {
      "id": 48,
      "method": "GET",
      "url": "/api/devices",
      "query": {},
      "params": {
        "path": [
          "devices"
        ]
      },
      "headers": {
        "host": "localhost:4000",
        "connection": "keep-alive",
        "authorization": "Bearer eyJhbGciOiJIUzI1NiIsInR5cCI6IkpXVCJ9.eyJzdWIiOiJ1c2VyLWFkbWluIiwiZW1haWwiOiJhZG1pbkBndW5nbmlyLmxvY2FsIiwicm9sZXMiOlsiYWRtaW4iXSwiaWF0IjoxNzc5MTI3ODUyLCJleHAiOjE3NzkxMjg3NTJ9.Y9SQHLJLtvfaJeValbCE-gC__xFDJSQxJCfzyOh7Rb0",
        "accept": "*/*",
        "accept-language": "*",
        "sec-fetch-mode": "cors",
        "user-agent": "node",
        "pragma": "no-cache",
        "cache-control": "no-cache",
        "accept-encoding": "gzip, deflate"
      },
      "remoteAddress": "127.0.0.1",
      "remotePort": 62278
    }
    [35mres[39m: {
      "statusCode": 200,
      "headers": {
        "content-security-policy": "default-src 'self';base-uri 'self';font-src 'self' https: data:;form-action 'self';frame-ancestors 'self';img-src 'self' data:;object-src 'none';script-src 'self';script-src-attr 'none';style-src 'self' https: 'unsafe-inline';upgrade-insecure-requests",
        "cross-origin-opener-policy": "same-origin",
        "cross-origin-resource-policy": "same-origin",
        "origin-agent-cluster": "?1",
        "referrer-policy": "no-referrer",
        "strict-transport-security": "max-age=31536000; includeSubDomains",
        "x-content-type-options": "nosniff",
        "x-dns-prefetch-control": "off",
        "x-download-options": "noopen",
        "x-frame-options": "SAMEORIGIN",
        "x-permitted-cross-domain-policies": "none",
        "x-xss-protection": "0",
        "vary": "Origin",
        "access-control-allow-credentials": "true",
        "x-ratelimit-limit": "120",
        "x-ratelimit-remaining": "117",
        "x-ratelimit-reset": "39",
        "x-correlation-id": "1addbc16-d9de-45aa-a89a-599cb793ad93",
        "content-type": "application/json; charset=utf-8",
        "content-length": "391",
        "etag": "W/\"187-wFixndeDMExMbypLdc/dp5I7KtI\""
      }
    }
    [35mresponseTime[39m: 3
[14:11:16.802] [32mINFO[39m (16748): [36mrequest completed[39m
    [35mreq[39m: {
      "id": 49,
      "method": "GET",
      "url": "/api/telemetry",
      "query": {},
      "params": {
        "path": [
          "telemetry"
        ]
      },
      "headers": {
        "host": "localhost:4000",
        "connection": "keep-alive",
        "authorization": "Bearer eyJhbGciOiJIUzI1NiIsInR5cCI6IkpXVCJ9.eyJzdWIiOiJ1c2VyLWFkbWluIiwiZW1haWwiOiJhZG1pbkBndW5nbmlyLmxvY2FsIiwicm9sZXMiOlsiYWRtaW4iXSwiaWF0IjoxNzc5MTI3ODUyLCJleHAiOjE3NzkxMjg3NTJ9.Y9SQHLJLtvfaJeValbCE-gC__xFDJSQxJCfzyOh7Rb0",
        "accept": "*/*",
        "accept-language": "*",
        "sec-fetch-mode": "cors",
        "user-agent": "node",
        "pragma": "no-cache",
        "cache-control": "no-cache",
        "accept-encoding": "gzip, deflate"
      },
      "remoteAddress": "127.0.0.1",
      "remotePort": 62275
    }
    [35mres[39m: {
      "statusCode": 200,
      "headers": {
        "content-security-policy": "default-src 'self';base-uri 'self';font-src 'self' https: data:;form-action 'self';frame-ancestors 'self';img-src 'self' data:;object-src 'none';script-src 'self';script-src-attr 'none';style-src 'self' https: 'unsafe-inline';upgrade-insecure-requests",
        "cross-origin-opener-policy": "same-origin",
        "cross-origin-resource-policy": "same-origin",
        "origin-agent-cluster": "?1",
        "referrer-policy": "no-referrer",
        "strict-transport-security": "max-age=31536000; includeSubDomains",
        "x-content-type-options": "nosniff",
        "x-dns-prefetch-control": "off",
        "x-download-options": "noopen",
        "x-frame-options": "SAMEORIGIN",
        "x-permitted-cross-domain-policies": "none",
        "x-xss-protection": "0",
        "vary": "Origin",
        "access-control-allow-credentials": "true",
        "x-ratelimit-limit": "120",
        "x-ratelimit-remaining": "117",
        "x-ratelimit-reset": "39",
        "x-correlation-id": "88fbaad5-59df-403b-9cdf-e7469bf6f83a",
        "content-type": "application/json; charset=utf-8",
        "content-length": "426",
        "etag": "W/\"1aa-bjbCYD4WhTpb5Q/I7yK/VOE8NPE\""
      }
    }
    [35mresponseTime[39m: 3
[14:11:16.802] [32mINFO[39m (16748): [36mrequest completed[39m
    [35mreq[39m: {
      "id": 50,
      "method": "GET",
      "url": "/api/tracks/history",
      "query": {},
      "params": {
        "path": [
          "tracks",
          "history"
        ]
      },
      "headers": {
        "host": "localhost:4000",
        "connection": "keep-alive",
        "authorization": "Bearer eyJhbGciOiJIUzI1NiIsInR5cCI6IkpXVCJ9.eyJzdWIiOiJ1c2VyLWFkbWluIiwiZW1haWwiOiJhZG1pbkBndW5nbmlyLmxvY2FsIiwicm9sZXMiOlsiYWRtaW4iXSwiaWF0IjoxNzc5MTI3ODUyLCJleHAiOjE3NzkxMjg3NTJ9.Y9SQHLJLtvfaJeValbCE-gC__xFDJSQxJCfzyOh7Rb0",
        "accept": "*/*",
        "accept-language": "*",
        "sec-fetch-mode": "cors",
        "user-agent": "node",
        "pragma": "no-cache",
        "cache-control": "no-cache",
        "accept-encoding": "gzip, deflate"
      },
      "remoteAddress": "127.0.0.1",
      "remotePort": 62279
    }
    [35mres[39m: {
      "statusCode": 200,
      "headers": {
        "content-security-policy": "default-src 'self';base-uri 'self';font-src 'self' https: data:;form-action 'self';frame-ancestors 'self';img-src 'self' data:;object-src 'none';script-src 'self';script-src-attr 'none';style-src 'self' https: 'unsafe-inline';upgrade-insecure-requests",
        "cross-origin-opener-policy": "same-origin",
        "cross-origin-resource-policy": "same-origin",
        "origin-agent-cluster": "?1",
        "referrer-policy": "no-referrer",
        "strict-transport-security": "max-age=31536000; includeSubDomains",
        "x-content-type-options": "nosniff",
        "x-dns-prefetch-control": "off",
        "x-download-options": "noopen",
        "x-frame-options": "SAMEORIGIN",
        "x-permitted-cross-domain-policies": "none",
        "x-xss-protection": "0",
        "vary": "Origin",
        "access-control-allow-credentials": "true",
        "x-ratelimit-limit": "120",
        "x-ratelimit-remaining": "117",
        "x-ratelimit-reset": "39",
        "x-correlation-id": "2809cbed-39ca-49cd-91cc-177237f97436",
        "content-type": "application/json; charset=utf-8",
        "content-length": "2",
        "etag": "W/\"2-l9Fw4VUO7kr8CvBlt4zaMCqXZ0w\""
      }
    }
    [35mresponseTime[39m: 2
[14:11:16.807] [32mINFO[39m (16748): [36mrequest completed[39m
    [35mreq[39m: {
      "id": 51,
      "method": "GET",
      "url": "/api/tracks/current",
      "query": {},
      "params": {
        "path": [
          "tracks",
          "current"
        ]
      },
      "headers": {
        "host": "localhost:4000",
        "connection": "keep-alive",
        "authorization": "Bearer eyJhbGciOiJIUzI1NiIsInR5cCI6IkpXVCJ9.eyJzdWIiOiJ1c2VyLWFkbWluIiwiZW1haWwiOiJhZG1pbkBndW5nbmlyLmxvY2FsIiwicm9sZXMiOlsiYWRtaW4iXSwiaWF0IjoxNzc5MTI3ODUyLCJleHAiOjE3NzkxMjg3NTJ9.Y9SQHLJLtvfaJeValbCE-gC__xFDJSQxJCfzyOh7Rb0",
        "accept": "*/*",
        "accept-language": "*",
        "sec-fetch-mode": "cors",
        "user-agent": "node",
        "pragma": "no-cache",
        "cache-control": "no-cache",
        "accept-encoding": "gzip, deflate"
      },
      "remoteAddress": "127.0.0.1",
      "remotePort": 62278
    }
    [35mres[39m: {
      "statusCode": 200,
      "headers": {
        "content-security-policy": "default-src 'self';base-uri 'self';font-src 'self' https: data:;form-action 'self';frame-ancestors 'self';img-src 'self' data:;object-src 'none';script-src 'self';script-src-attr 'none';style-src 'self' https: 'unsafe-inline';upgrade-insecure-requests",
        "cross-origin-opener-policy": "same-origin",
        "cross-origin-resource-policy": "same-origin",
        "origin-agent-cluster": "?1",
        "referrer-policy": "no-referrer",
        "strict-transport-security": "max-age=31536000; includeSubDomains",
        "x-content-type-options": "nosniff",
        "x-dns-prefetch-control": "off",
        "x-download-options": "noopen",
        "x-frame-options": "SAMEORIGIN",
        "x-permitted-cross-domain-policies": "none",
        "x-xss-protection": "0",
        "vary": "Origin",
        "access-control-allow-credentials": "true",
        "x-ratelimit-limit": "120",
        "x-ratelimit-remaining": "117",
        "x-ratelimit-reset": "39",
        "x-correlation-id": "361118ad-185b-43ee-b35e-2804f8764539",
        "content-type": "application/json; charset=utf-8",
        "content-length": "2",
        "etag": "W/\"2-l9Fw4VUO7kr8CvBlt4zaMCqXZ0w\""
      }
    }
    [35mresponseTime[39m: 3
[14:11:16.837] [32mINFO[39m (16748): [36mrequest completed[39m
    [35mreq[39m: {
      "id": 52,
      "method": "GET",
      "url": "/api/commands",
      "query": {},
      "params": {
        "path": [
          "commands"
        ]
      },
      "headers": {
        "host": "localhost:4000",
        "connection": "keep-alive",
        "authorization": "Bearer eyJhbGciOiJIUzI1NiIsInR5cCI6IkpXVCJ9.eyJzdWIiOiJ1c2VyLWFkbWluIiwiZW1haWwiOiJhZG1pbkBndW5nbmlyLmxvY2FsIiwicm9sZXMiOlsiYWRtaW4iXSwiaWF0IjoxNzc5MTI3ODUyLCJleHAiOjE3NzkxMjg3NTJ9.Y9SQHLJLtvfaJeValbCE-gC__xFDJSQxJCfzyOh7Rb0",
        "accept": "*/*",
        "accept-language": "*",
        "sec-fetch-mode": "cors",
        "user-agent": "node",
        "pragma": "no-cache",
        "cache-control": "no-cache",
        "accept-encoding": "gzip, deflate"
      },
      "remoteAddress": "127.0.0.1",
      "remotePort": 62275
    }
    [35mres[39m: {
      "statusCode": 200,
      "headers": {
        "content-security-policy": "default-src 'self';base-uri 'self';font-src 'self' https: data:;form-action 'self';frame-ancestors 'self';img-src 'self' data:;object-src 'none';script-src 'self';script-src-attr 'none';style-src 'self' https: 'unsafe-inline';upgrade-insecure-requests",
        "cross-origin-opener-policy": "same-origin",
        "cross-origin-resource-policy": "same-origin",
        "origin-agent-cluster": "?1",
        "referrer-policy": "no-referrer",
        "strict-transport-security": "max-age=31536000; includeSubDomains",
        "x-content-type-options": "nosniff",
        "x-dns-prefetch-control": "off",
        "x-download-options": "noopen",
        "x-frame-options": "SAMEORIGIN",
        "x-permitted-cross-domain-policies": "none",
        "x-xss-protection": "0",
        "vary": "Origin",
        "access-control-allow-credentials": "true",
        "x-ratelimit-limit": "120",
        "x-ratelimit-remaining": "117",
        "x-ratelimit-reset": "39",
        "x-correlation-id": "fe62aa9b-c7b8-4bc1-9a2a-a2fff49dd59a",
        "content-type": "application/json; charset=utf-8",
        "content-length": "2",
        "etag": "W/\"2-l9Fw4VUO7kr8CvBlt4zaMCqXZ0w\""
      }
    }
    [35mresponseTime[39m: 3
[14:11:16.859] [32mINFO[39m (16748): [36mrequest completed[39m
    [35mreq[39m: {
      "id": 53,
      "method": "GET",
      "url": "/api/missions",
      "query": {},
      "params": {
        "path": [
          "missions"
        ]
      },
      "headers": {
        "host": "localhost:4000",
        "connection": "keep-alive",
        "authorization": "Bearer eyJhbGciOiJIUzI1NiIsInR5cCI6IkpXVCJ9.eyJzdWIiOiJ1c2VyLWFkbWluIiwiZW1haWwiOiJhZG1pbkBndW5nbmlyLmxvY2FsIiwicm9sZXMiOlsiYWRtaW4iXSwiaWF0IjoxNzc5MTI3ODUyLCJleHAiOjE3NzkxMjg3NTJ9.Y9SQHLJLtvfaJeValbCE-gC__xFDJSQxJCfzyOh7Rb0",
        "accept": "*/*",
        "accept-language": "*",
        "sec-fetch-mode": "cors",
        "user-agent": "node",
        "pragma": "no-cache",
        "cache-control": "no-cache",
        "accept-encoding": "gzip, deflate"
      },
      "remoteAddress": "127.0.0.1",
      "remotePort": 62275
    }
    [35mres[39m: {
      "statusCode": 200,
      "headers": {
        "content-security-policy": "default-src 'self';base-uri 'self';font-src 'self' https: data:;form-action 'self';frame-ancestors 'self';img-src 'self' data:;object-src 'none';script-src 'self';script-src-attr 'none';style-src 'self' https: 'unsafe-inline';upgrade-insecure-requests",
        "cross-origin-opener-policy": "same-origin",
        "cross-origin-resource-policy": "same-origin",
        "origin-agent-cluster": "?1",
        "referrer-policy": "no-referrer",
        "strict-transport-security": "max-age=31536000; includeSubDomains",
        "x-content-type-options": "nosniff",
        "x-dns-prefetch-control": "off",
        "x-download-options": "noopen",
        "x-frame-options": "SAMEORIGIN",
        "x-permitted-cross-domain-policies": "none",
        "x-xss-protection": "0",
        "vary": "Origin",
        "access-control-allow-credentials": "true",
        "x-ratelimit-limit": "120",
        "x-ratelimit-remaining": "116",
        "x-ratelimit-reset": "39",
        "x-correlation-id": "ea6d84ea-9992-40a6-b0f6-fb6c8af547fa",
        "content-type": "application/json; charset=utf-8",
        "content-length": "2",
        "etag": "W/\"2-l9Fw4VUO7kr8CvBlt4zaMCqXZ0w\""
      }
    }
    [35mresponseTime[39m: 2
[14:11:16.904] [32mINFO[39m (16748): [36mrequest completed[39m
    [35mreq[39m: {
      "id": 55,
      "method": "GET",
      "url": "/api/geofences",
      "query": {},
      "params": {
        "path": [
          "geofences"
        ]
      },
      "headers": {
        "host": "localhost:4000",
        "connection": "keep-alive",
        "authorization": "Bearer eyJhbGciOiJIUzI1NiIsInR5cCI6IkpXVCJ9.eyJzdWIiOiJ1c2VyLWFkbWluIiwiZW1haWwiOiJhZG1pbkBndW5nbmlyLmxvY2FsIiwicm9sZXMiOlsiYWRtaW4iXSwiaWF0IjoxNzc5MTI3ODUyLCJleHAiOjE3NzkxMjg3NTJ9.Y9SQHLJLtvfaJeValbCE-gC__xFDJSQxJCfzyOh7Rb0",
        "accept": "*/*",
        "accept-language": "*",
        "sec-fetch-mode": "cors",
        "user-agent": "node",
        "pragma": "no-cache",
        "cache-control": "no-cache",
        "accept-encoding": "gzip, deflate"
      },
      "remoteAddress": "127.0.0.1",
      "remotePort": 62279
    }
    [35mres[39m: {
      "statusCode": 200,
      "headers": {
        "content-security-policy": "default-src 'self';base-uri 'self';font-src 'self' https: data:;form-action 'self';frame-ancestors 'self';img-src 'self' data:;object-src 'none';script-src 'self';script-src-attr 'none';style-src 'self' https: 'unsafe-inline';upgrade-insecure-requests",
        "cross-origin-opener-policy": "same-origin",
        "cross-origin-resource-policy": "same-origin",
        "origin-agent-cluster": "?1",
        "referrer-policy": "no-referrer",
        "strict-transport-security": "max-age=31536000; includeSubDomains",
        "x-content-type-options": "nosniff",
        "x-dns-prefetch-control": "off",
        "x-download-options": "noopen",
        "x-frame-options": "SAMEORIGIN",
        "x-permitted-cross-domain-policies": "none",
        "x-xss-protection": "0",
        "vary": "Origin",
        "access-control-allow-credentials": "true",
        "x-ratelimit-limit": "120",
        "x-ratelimit-remaining": "117",
        "x-ratelimit-reset": "39",
        "x-correlation-id": "e569f24b-12fc-4a41-9a1f-726cedd9f825",
        "content-type": "application/json; charset=utf-8",
        "content-length": "2",
        "etag": "W/\"2-l9Fw4VUO7kr8CvBlt4zaMCqXZ0w\""
      }
    }
    [35mresponseTime[39m: 2
[14:11:16.906] [32mINFO[39m (16748): [36mrequest completed[39m
    [35mreq[39m: {
      "id": 54,
      "method": "GET",
      "url": "/api/auth/me",
      "query": {},
      "params": {
        "path": [
          "auth",
          "me"
        ]
      },
      "headers": {
        "host": "localhost:4000",
        "connection": "keep-alive",
        "authorization": "Bearer eyJhbGciOiJIUzI1NiIsInR5cCI6IkpXVCJ9.eyJzdWIiOiJ1c2VyLWFkbWluIiwiZW1haWwiOiJhZG1pbkBndW5nbmlyLmxvY2FsIiwicm9sZXMiOlsiYWRtaW4iXSwiaWF0IjoxNzc5MTI3ODUyLCJleHAiOjE3NzkxMjg3NTJ9.Y9SQHLJLtvfaJeValbCE-gC__xFDJSQxJCfzyOh7Rb0",
        "accept": "*/*",
        "accept-language": "*",
        "sec-fetch-mode": "cors",
        "user-agent": "node",
        "pragma": "no-cache",
        "cache-control": "no-cache",
        "accept-encoding": "gzip, deflate"
      },
      "remoteAddress": "127.0.0.1",
      "remotePort": 62278
    }
    [35mres[39m: {
      "statusCode": 200,
      "headers": {
        "content-security-policy": "default-src 'self';base-uri 'self';font-src 'self' https: data:;form-action 'self';frame-ancestors 'self';img-src 'self' data:;object-src 'none';script-src 'self';script-src-attr 'none';style-src 'self' https: 'unsafe-inline';upgrade-insecure-requests",
        "cross-origin-opener-policy": "same-origin",
        "cross-origin-resource-policy": "same-origin",
        "origin-agent-cluster": "?1",
        "referrer-policy": "no-referrer",
        "strict-transport-security": "max-age=31536000; includeSubDomains",
        "x-content-type-options": "nosniff",
        "x-dns-prefetch-control": "off",
        "x-download-options": "noopen",
        "x-frame-options": "SAMEORIGIN",
        "x-permitted-cross-domain-policies": "none",
        "x-xss-protection": "0",
        "vary": "Origin",
        "access-control-allow-credentials": "true",
        "x-ratelimit-limit": "120",
        "x-ratelimit-remaining": "108",
        "x-ratelimit-reset": "26",
        "x-correlation-id": "a7c84595-2b28-4245-9925-1425297ec4aa",
        "content-type": "application/json; charset=utf-8",
        "content-length": "116",
        "etag": "W/\"74-/b46aDDUaZf4MZqJ7pPQf3/bWeQ\""
      }
    }
    [35mresponseTime[39m: 5
[14:11:16.929] [32mINFO[39m (16748): [36mrequest completed[39m
    [35mreq[39m: {
      "id": 56,
      "method": "GET",
      "url": "/api/map-layers",
      "query": {},
      "params": {
        "path": [
          "map-layers"
        ]
      },
      "headers": {
        "host": "localhost:4000",
        "connection": "keep-alive",
        "authorization": "Bearer eyJhbGciOiJIUzI1NiIsInR5cCI6IkpXVCJ9.eyJzdWIiOiJ1c2VyLWFkbWluIiwiZW1haWwiOiJhZG1pbkBndW5nbmlyLmxvY2FsIiwicm9sZXMiOlsiYWRtaW4iXSwiaWF0IjoxNzc5MTI3ODUyLCJleHAiOjE3NzkxMjg3NTJ9.Y9SQHLJLtvfaJeValbCE-gC__xFDJSQxJCfzyOh7Rb0",
        "accept": "*/*",
        "accept-language": "*",
        "sec-fetch-mode": "cors",
        "user-agent": "node",
        "pragma": "no-cache",
        "cache-control": "no-cache",
        "accept-encoding": "gzip, deflate"
      },
      "remoteAddress": "127.0.0.1",
      "remotePort": 62275
    }
    [35mres[39m: {
      "statusCode": 200,
      "headers": {
        "content-security-policy": "default-src 'self';base-uri 'self';font-src 'self' https: data:;form-action 'self';frame-ancestors 'self';img-src 'self' data:;object-src 'none';script-src 'self';script-src-attr 'none';style-src 'self' https: 'unsafe-inline';upgrade-insecure-requests",
        "cross-origin-opener-policy": "same-origin",
        "cross-origin-resource-policy": "same-origin",
        "origin-agent-cluster": "?1",
        "referrer-policy": "no-referrer",
        "strict-transport-security": "max-age=31536000; includeSubDomains",
        "x-content-type-options": "nosniff",
        "x-dns-prefetch-control": "off",
        "x-download-options": "noopen",
        "x-frame-options": "SAMEORIGIN",
        "x-permitted-cross-domain-policies": "none",
        "x-xss-protection": "0",
        "vary": "Origin",
        "access-control-allow-credentials": "true",
        "x-ratelimit-limit": "120",
        "x-ratelimit-remaining": "117",
        "x-ratelimit-reset": "39",
        "x-correlation-id": "6ba67293-e097-40e6-aa6a-6e544868c775",
        "content-type": "application/json; charset=utf-8",
        "content-length": "597",
        "etag": "W/\"255-N1baj20QjdYxGICsfd35XDtAAQw\""
      }
    }
    [35mresponseTime[39m: 2
[14:11:16.951] [32mINFO[39m (16748): [36mrequest completed[39m
    [35mreq[39m: {
      "id": 57,
      "method": "GET",
      "url": "/api/v1/operations/snapshot",
      "query": {},
      "params": {
        "path": [
          "v1",
          "operations",
          "snapshot"
        ]
      },
      "headers": {
        "host": "localhost:4000",
        "connection": "keep-alive",
        "authorization": "Bearer eyJhbGciOiJIUzI1NiIsInR5cCI6IkpXVCJ9.eyJzdWIiOiJ1c2VyLWFkbWluIiwiZW1haWwiOiJhZG1pbkBndW5nbmlyLmxvY2FsIiwicm9sZXMiOlsiYWRtaW4iXSwiaWF0IjoxNzc5MTI3ODUyLCJleHAiOjE3NzkxMjg3NTJ9.Y9SQHLJLtvfaJeValbCE-gC__xFDJSQxJCfzyOh7Rb0",
        "accept": "*/*",
        "accept-language": "*",
        "sec-fetch-mode": "cors",
        "user-agent": "node",
        "pragma": "no-cache",
        "cache-control": "no-cache",
        "accept-encoding": "gzip, deflate"
      },
      "remoteAddress": "127.0.0.1",
      "remotePort": 62275
    }
    [35mres[39m: {
      "statusCode": 200,
      "headers": {
        "content-security-policy": "default-src 'self';base-uri 'self';font-src 'self' https: data:;form-action 'self';frame-ancestors 'self';img-src 'self' data:;object-src 'none';script-src 'self';script-src-attr 'none';style-src 'self' https: 'unsafe-inline';upgrade-insecure-requests",
        "cross-origin-opener-policy": "same-origin",
        "cross-origin-resource-policy": "same-origin",
        "origin-agent-cluster": "?1",
        "referrer-policy": "no-referrer",
        "strict-transport-security": "max-age=31536000; includeSubDomains",
        "x-content-type-options": "nosniff",
        "x-dns-prefetch-control": "off",
        "x-download-options": "noopen",
        "x-frame-options": "SAMEORIGIN",
        "x-permitted-cross-domain-policies": "none",
        "x-xss-protection": "0",
        "vary": "Origin",
        "access-control-allow-credentials": "true",
        "x-ratelimit-limit": "120",
        "x-ratelimit-remaining": "115",
        "x-ratelimit-reset": "39",
        "x-correlation-id": "0c4a2240-48d7-49bb-bc01-81ead00608d8",
        "content-type": "application/json; charset=utf-8",
        "content-length": "1379",
        "etag": "W/\"563-axCvjgdm6sWi1wVRNb5Zw5Ffvds\""
      }
    }
    [35mresponseTime[39m: 9
[14:11:16.962] [32mINFO[39m (16748): [36mrequest completed[39m
    [35mreq[39m: {
      "id": 58,
      "method": "GET",
      "url": "/api/devices",
      "query": {},
      "params": {
        "path": [
          "devices"
        ]
      },
      "headers": {
        "host": "localhost:4000",
        "connection": "keep-alive",
        "authorization": "Bearer eyJhbGciOiJIUzI1NiIsInR5cCI6IkpXVCJ9.eyJzdWIiOiJ1c2VyLWFkbWluIiwiZW1haWwiOiJhZG1pbkBndW5nbmlyLmxvY2FsIiwicm9sZXMiOlsiYWRtaW4iXSwiaWF0IjoxNzc5MTI3ODUyLCJleHAiOjE3NzkxMjg3NTJ9.Y9SQHLJLtvfaJeValbCE-gC__xFDJSQxJCfzyOh7Rb0",
        "accept": "*/*",
        "accept-language": "*",
        "sec-fetch-mode": "cors",
        "user-agent": "node",
        "pragma": "no-cache",
        "cache-control": "no-cache",
        "accept-encoding": "gzip, deflate"
      },
      "remoteAddress": "127.0.0.1",
      "remotePort": 62275
    }
    [35mres[39m: {
      "statusCode": 200,
      "headers": {
        "content-security-policy": "default-src 'self';base-uri 'self';font-src 'self' https: data:;form-action 'self';frame-ancestors 'self';img-src 'self' data:;object-src 'none';script-src 'self';script-src-attr 'none';style-src 'self' https: 'unsafe-inline';upgrade-insecure-requests",
        "cross-origin-opener-policy": "same-origin",
        "cross-origin-resource-policy": "same-origin",
        "origin-agent-cluster": "?1",
        "referrer-policy": "no-referrer",
        "strict-transport-security": "max-age=31536000; includeSubDomains",
        "x-content-type-options": "nosniff",
        "x-dns-prefetch-control": "off",
        "x-download-options": "noopen",
        "x-frame-options": "SAMEORIGIN",
        "x-permitted-cross-domain-policies": "none",
        "x-xss-protection": "0",
        "vary": "Origin",
        "access-control-allow-credentials": "true",
        "x-ratelimit-limit": "120",
        "x-ratelimit-remaining": "116",
        "x-ratelimit-reset": "39",
        "x-correlation-id": "9502a513-1e5b-4647-b144-781114771a69",
        "content-type": "application/json; charset=utf-8",
        "content-length": "391",
        "etag": "W/\"187-wFixndeDMExMbypLdc/dp5I7KtI\""
      }
    }
    [35mresponseTime[39m: 2
[14:11:16.972] [34mDEBUG[39m (16748): [36mRealtime client connected: YxulKptm1PNNedxSAAAD[39m
    [35mcontext[39m: "RealtimeGateway"
[14:11:16.984] [32mINFO[39m (16748): [36mrequest completed[39m
    [35mreq[39m: {
      "id": 59,
      "method": "GET",
      "url": "/api/tracks/current",
      "query": {},
      "params": {
        "path": [
          "tracks",
          "current"
        ]
      },
      "headers": {
        "host": "localhost:4000",
        "connection": "keep-alive",
        "authorization": "Bearer eyJhbGciOiJIUzI1NiIsInR5cCI6IkpXVCJ9.eyJzdWIiOiJ1c2VyLWFkbWluIiwiZW1haWwiOiJhZG1pbkBndW5nbmlyLmxvY2FsIiwicm9sZXMiOlsiYWRtaW4iXSwiaWF0IjoxNzc5MTI3ODUyLCJleHAiOjE3NzkxMjg3NTJ9.Y9SQHLJLtvfaJeValbCE-gC__xFDJSQxJCfzyOh7Rb0",
        "accept": "*/*",
        "accept-language": "*",
        "sec-fetch-mode": "cors",
        "user-agent": "node",
        "pragma": "no-cache",
        "cache-control": "no-cache",
        "accept-encoding": "gzip, deflate"
      },
      "remoteAddress": "127.0.0.1",
      "remotePort": 62275
    }
    [35mres[39m: {
      "statusCode": 200,
      "headers": {
        "content-security-policy": "default-src 'self';base-uri 'self';font-src 'self' https: data:;form-action 'self';frame-ancestors 'self';img-src 'self' data:;object-src 'none';script-src 'self';script-src-attr 'none';style-src 'self' https: 'unsafe-inline';upgrade-insecure-requests",
        "cross-origin-opener-policy": "same-origin",
        "cross-origin-resource-policy": "same-origin",
        "origin-agent-cluster": "?1",
        "referrer-policy": "no-referrer",
        "strict-transport-security": "max-age=31536000; includeSubDomains",
        "x-content-type-options": "nosniff",
        "x-dns-prefetch-control": "off",
        "x-download-options": "noopen",
        "x-frame-options": "SAMEORIGIN",
        "x-permitted-cross-domain-policies": "none",
        "x-xss-protection": "0",
        "vary": "Origin",
        "access-control-allow-credentials": "true",
        "x-ratelimit-limit": "120",
        "x-ratelimit-remaining": "116",
        "x-ratelimit-reset": "39",
        "x-correlation-id": "9087ce82-0b16-4588-baa2-31e01bdf47f5",
        "content-type": "application/json; charset=utf-8",
        "content-length": "2",
        "etag": "W/\"2-l9Fw4VUO7kr8CvBlt4zaMCqXZ0w\""
      }
    }
    [35mresponseTime[39m: 2
[14:11:17.020] [32mINFO[39m (16748): [36mrequest completed[39m
    [35mreq[39m: {
      "id": 60,
      "method": "GET",
      "url": "/api/telemetry",
      "query": {},
      "params": {
        "path": [
          "telemetry"
        ]
      },
      "headers": {
        "host": "localhost:4000",
        "connection": "keep-alive",
        "authorization": "Bearer eyJhbGciOiJIUzI1NiIsInR5cCI6IkpXVCJ9.eyJzdWIiOiJ1c2VyLWFkbWluIiwiZW1haWwiOiJhZG1pbkBndW5nbmlyLmxvY2FsIiwicm9sZXMiOlsiYWRtaW4iXSwiaWF0IjoxNzc5MTI3ODUyLCJleHAiOjE3NzkxMjg3NTJ9.Y9SQHLJLtvfaJeValbCE-gC__xFDJSQxJCfzyOh7Rb0",
        "accept": "*/*",
        "accept-language": "*",
        "sec-fetch-mode": "cors",
        "user-agent": "node",
        "pragma": "no-cache",
        "cache-control": "no-cache",
        "accept-encoding": "gzip, deflate"
      },
      "remoteAddress": "127.0.0.1",
      "remotePort": 62278
    }
    [35mres[39m: {
      "statusCode": 200,
      "headers": {
        "content-security-policy": "default-src 'self';base-uri 'self';font-src 'self' https: data:;form-action 'self';frame-ancestors 'self';img-src 'self' data:;object-src 'none';script-src 'self';script-src-attr 'none';style-src 'self' https: 'unsafe-inline';upgrade-insecure-requests",
        "cross-origin-opener-policy": "same-origin",
        "cross-origin-resource-policy": "same-origin",
        "origin-agent-cluster": "?1",
        "referrer-policy": "no-referrer",
        "strict-transport-security": "max-age=31536000; includeSubDomains",
        "x-content-type-options": "nosniff",
        "x-dns-prefetch-control": "off",
        "x-download-options": "noopen",
        "x-frame-options": "SAMEORIGIN",
        "x-permitted-cross-domain-policies": "none",
        "x-xss-protection": "0",
        "vary": "Origin",
        "access-control-allow-credentials": "true",
        "x-ratelimit-limit": "120",
        "x-ratelimit-remaining": "116",
        "x-ratelimit-reset": "39",
        "x-correlation-id": "ea1c9993-2d12-4be9-866d-80679c7e7592",
        "content-type": "application/json; charset=utf-8",
        "content-length": "426",
        "etag": "W/\"1aa-bjbCYD4WhTpb5Q/I7yK/VOE8NPE\""
      }
    }
    [35mresponseTime[39m: 2
[14:11:17.020] [32mINFO[39m (16748): [36mrequest completed[39m
    [35mreq[39m: {
      "id": 61,
      "method": "GET",
      "url": "/api/tracks/history",
      "query": {},
      "params": {
        "path": [
          "tracks",
          "history"
        ]
      },
      "headers": {
        "host": "localhost:4000",
        "connection": "keep-alive",
        "authorization": "Bearer eyJhbGciOiJIUzI1NiIsInR5cCI6IkpXVCJ9.eyJzdWIiOiJ1c2VyLWFkbWluIiwiZW1haWwiOiJhZG1pbkBndW5nbmlyLmxvY2FsIiwicm9sZXMiOlsiYWRtaW4iXSwiaWF0IjoxNzc5MTI3ODUyLCJleHAiOjE3NzkxMjg3NTJ9.Y9SQHLJLtvfaJeValbCE-gC__xFDJSQxJCfzyOh7Rb0",
        "accept": "*/*",
        "accept-language": "*",
        "sec-fetch-mode": "cors",
        "user-agent": "node",
        "pragma": "no-cache",
        "cache-control": "no-cache",
        "accept-encoding": "gzip, deflate"
      },
      "remoteAddress": "127.0.0.1",
      "remotePort": 62279
    }
    [35mres[39m: {
      "statusCode": 200,
      "headers": {
        "content-security-policy": "default-src 'self';base-uri 'self';font-src 'self' https: data:;form-action 'self';frame-ancestors 'self';img-src 'self' data:;object-src 'none';script-src 'self';script-src-attr 'none';style-src 'self' https: 'unsafe-inline';upgrade-insecure-requests",
        "cross-origin-opener-policy": "same-origin",
        "cross-origin-resource-policy": "same-origin",
        "origin-agent-cluster": "?1",
        "referrer-policy": "no-referrer",
        "strict-transport-security": "max-age=31536000; includeSubDomains",
        "x-content-type-options": "nosniff",
        "x-dns-prefetch-control": "off",
        "x-download-options": "noopen",
        "x-frame-options": "SAMEORIGIN",
        "x-permitted-cross-domain-policies": "none",
        "x-xss-protection": "0",
        "vary": "Origin",
        "access-control-allow-credentials": "true",
        "x-ratelimit-limit": "120",
        "x-ratelimit-remaining": "116",
        "x-ratelimit-reset": "39",
        "x-correlation-id": "2f504754-21a3-4e4a-a46b-f17e46aca308",
        "content-type": "application/json; charset=utf-8",
        "content-length": "2",
        "etag": "W/\"2-l9Fw4VUO7kr8CvBlt4zaMCqXZ0w\""
      }
    }
    [35mresponseTime[39m: 1
[14:11:17.055] [32mINFO[39m (16748): [36mrequest completed[39m
    [35mreq[39m: {
      "id": 62,
      "method": "GET",
      "url": "/api/commands",
      "query": {},
      "params": {
        "path": [
          "commands"
        ]
      },
      "headers": {
        "host": "localhost:4000",
        "connection": "keep-alive",
        "authorization": "Bearer eyJhbGciOiJIUzI1NiIsInR5cCI6IkpXVCJ9.eyJzdWIiOiJ1c2VyLWFkbWluIiwiZW1haWwiOiJhZG1pbkBndW5nbmlyLmxvY2FsIiwicm9sZXMiOlsiYWRtaW4iXSwiaWF0IjoxNzc5MTI3ODUyLCJleHAiOjE3NzkxMjg3NTJ9.Y9SQHLJLtvfaJeValbCE-gC__xFDJSQxJCfzyOh7Rb0",
        "accept": "*/*",
        "accept-language": "*",
        "sec-fetch-mode": "cors",
        "user-agent": "node",
        "pragma": "no-cache",
        "cache-control": "no-cache",
        "accept-encoding": "gzip, deflate"
      },
      "remoteAddress": "127.0.0.1",
      "remotePort": 62275
    }
    [35mres[39m: {
      "statusCode": 200,
      "headers": {
        "content-security-policy": "default-src 'self';base-uri 'self';font-src 'self' https: data:;form-action 'self';frame-ancestors 'self';img-src 'self' data:;object-src 'none';script-src 'self';script-src-attr 'none';style-src 'self' https: 'unsafe-inline';upgrade-insecure-requests",
        "cross-origin-opener-policy": "same-origin",
        "cross-origin-resource-policy": "same-origin",
        "origin-agent-cluster": "?1",
        "referrer-policy": "no-referrer",
        "strict-transport-security": "max-age=31536000; includeSubDomains",
        "x-content-type-options": "nosniff",
        "x-dns-prefetch-control": "off",
        "x-download-options": "noopen",
        "x-frame-options": "SAMEORIGIN",
        "x-permitted-cross-domain-policies": "none",
        "x-xss-protection": "0",
        "vary": "Origin",
        "access-control-allow-credentials": "true",
        "x-ratelimit-limit": "120",
        "x-ratelimit-remaining": "116",
        "x-ratelimit-reset": "39",
        "x-correlation-id": "06f5e634-93ff-4edd-b9e3-eb59c2b4050e",
        "content-type": "application/json; charset=utf-8",
        "content-length": "2",
        "etag": "W/\"2-l9Fw4VUO7kr8CvBlt4zaMCqXZ0w\""
      }
    }
    [35mresponseTime[39m: 3
[14:11:17.078] [32mINFO[39m (16748): [36mrequest completed[39m
    [35mreq[39m: {
      "id": 63,
      "method": "GET",
      "url": "/api/missions",
      "query": {},
      "params": {
        "path": [
          "missions"
        ]
      },
      "headers": {
        "host": "localhost:4000",
        "connection": "keep-alive",
        "authorization": "Bearer eyJhbGciOiJIUzI1NiIsInR5cCI6IkpXVCJ9.eyJzdWIiOiJ1c2VyLWFkbWluIiwiZW1haWwiOiJhZG1pbkBndW5nbmlyLmxvY2FsIiwicm9sZXMiOlsiYWRtaW4iXSwiaWF0IjoxNzc5MTI3ODUyLCJleHAiOjE3NzkxMjg3NTJ9.Y9SQHLJLtvfaJeValbCE-gC__xFDJSQxJCfzyOh7Rb0",
        "accept": "*/*",
        "accept-language": "*",
        "sec-fetch-mode": "cors",
        "user-agent": "node",
        "pragma": "no-cache",
        "cache-control": "no-cache",
        "accept-encoding": "gzip, deflate"
      },
      "remoteAddress": "127.0.0.1",
      "remotePort": 62275
    }
    [35mres[39m: {
      "statusCode": 200,
      "headers": {
        "content-security-policy": "default-src 'self';base-uri 'self';font-src 'self' https: data:;form-action 'self';frame-ancestors 'self';img-src 'self' data:;object-src 'none';script-src 'self';script-src-attr 'none';style-src 'self' https: 'unsafe-inline';upgrade-insecure-requests",
        "cross-origin-opener-policy": "same-origin",
        "cross-origin-resource-policy": "same-origin",
        "origin-agent-cluster": "?1",
        "referrer-policy": "no-referrer",
        "strict-transport-security": "max-age=31536000; includeSubDomains",
        "x-content-type-options": "nosniff",
        "x-dns-prefetch-control": "off",
        "x-download-options": "noopen",
        "x-frame-options": "SAMEORIGIN",
        "x-permitted-cross-domain-policies": "none",
        "x-xss-protection": "0",
        "vary": "Origin",
        "access-control-allow-credentials": "true",
        "x-ratelimit-limit": "120",
        "x-ratelimit-remaining": "115",
        "x-ratelimit-reset": "39",
        "x-correlation-id": "7714e8de-4163-404f-a8eb-b7956fc293a4",
        "content-type": "application/json; charset=utf-8",
        "content-length": "2",
        "etag": "W/\"2-l9Fw4VUO7kr8CvBlt4zaMCqXZ0w\""
      }
    }
    [35mresponseTime[39m: 3
[14:11:17.099] [32mINFO[39m (16748): [36mrequest completed[39m
    [35mreq[39m: {
      "id": 64,
      "method": "GET",
      "url": "/api/geofences",
      "query": {},
      "params": {
        "path": [
          "geofences"
        ]
      },
      "headers": {
        "host": "localhost:4000",
        "connection": "keep-alive",
        "authorization": "Bearer eyJhbGciOiJIUzI1NiIsInR5cCI6IkpXVCJ9.eyJzdWIiOiJ1c2VyLWFkbWluIiwiZW1haWwiOiJhZG1pbkBndW5nbmlyLmxvY2FsIiwicm9sZXMiOlsiYWRtaW4iXSwiaWF0IjoxNzc5MTI3ODUyLCJleHAiOjE3NzkxMjg3NTJ9.Y9SQHLJLtvfaJeValbCE-gC__xFDJSQxJCfzyOh7Rb0",
        "accept": "*/*",
        "accept-language": "*",
        "sec-fetch-mode": "cors",
        "user-agent": "node",
        "pragma": "no-cache",
        "cache-control": "no-cache",
        "accept-encoding": "gzip, deflate"
      },
      "remoteAddress": "127.0.0.1",
      "remotePort": 62275
    }
    [35mres[39m: {
      "statusCode": 200,
      "headers": {
        "content-security-policy": "default-src 'self';base-uri 'self';font-src 'self' https: data:;form-action 'self';frame-ancestors 'self';img-src 'self' data:;object-src 'none';script-src 'self';script-src-attr 'none';style-src 'self' https: 'unsafe-inline';upgrade-insecure-requests",
        "cross-origin-opener-policy": "same-origin",
        "cross-origin-resource-policy": "same-origin",
        "origin-agent-cluster": "?1",
        "referrer-policy": "no-referrer",
        "strict-transport-security": "max-age=31536000; includeSubDomains",
        "x-content-type-options": "nosniff",
        "x-dns-prefetch-control": "off",
        "x-download-options": "noopen",
        "x-frame-options": "SAMEORIGIN",
        "x-permitted-cross-domain-policies": "none",
        "x-xss-protection": "0",
        "vary": "Origin",
        "access-control-allow-credentials": "true",
        "x-ratelimit-limit": "120",
        "x-ratelimit-remaining": "116",
        "x-ratelimit-reset": "39",
        "x-correlation-id": "6b85b691-9d85-48eb-a186-944ff362c737",
        "content-type": "application/json; charset=utf-8",
        "content-length": "2",
        "etag": "W/\"2-l9Fw4VUO7kr8CvBlt4zaMCqXZ0w\""
      }
    }
    [35mresponseTime[39m: 1
[14:11:17.133] [32mINFO[39m (16748): [36mrequest completed[39m
    [35mreq[39m: {
      "id": 65,
      "method": "GET",
      "url": "/api/map-layers",
      "query": {},
      "params": {
        "path": [
          "map-layers"
        ]
      },
      "headers": {
        "host": "localhost:4000",
        "connection": "keep-alive",
        "authorization": "Bearer eyJhbGciOiJIUzI1NiIsInR5cCI6IkpXVCJ9.eyJzdWIiOiJ1c2VyLWFkbWluIiwiZW1haWwiOiJhZG1pbkBndW5nbmlyLmxvY2FsIiwicm9sZXMiOlsiYWRtaW4iXSwiaWF0IjoxNzc5MTI3ODUyLCJleHAiOjE3NzkxMjg3NTJ9.Y9SQHLJLtvfaJeValbCE-gC__xFDJSQxJCfzyOh7Rb0",
        "accept": "*/*",
        "accept-language": "*",
        "sec-fetch-mode": "cors",
        "user-agent": "node",
        "pragma": "no-cache",
        "cache-control": "no-cache",
        "accept-encoding": "gzip, deflate"
      },
      "remoteAddress": "127.0.0.1",
      "remotePort": 62275
    }
    [35mres[39m: {
      "statusCode": 200,
      "headers": {
        "content-security-policy": "default-src 'self';base-uri 'self';font-src 'self' https: data:;form-action 'self';frame-ancestors 'self';img-src 'self' data:;object-src 'none';script-src 'self';script-src-attr 'none';style-src 'self' https: 'unsafe-inline';upgrade-insecure-requests",
        "cross-origin-opener-policy": "same-origin",
        "cross-origin-resource-policy": "same-origin",
        "origin-agent-cluster": "?1",
        "referrer-policy": "no-referrer",
        "strict-transport-security": "max-age=31536000; includeSubDomains",
        "x-content-type-options": "nosniff",
        "x-dns-prefetch-control": "off",
        "x-download-options": "noopen",
        "x-frame-options": "SAMEORIGIN",
        "x-permitted-cross-domain-policies": "none",
        "x-xss-protection": "0",
        "vary": "Origin",
        "access-control-allow-credentials": "true",
        "x-ratelimit-limit": "120",
        "x-ratelimit-remaining": "116",
        "x-ratelimit-reset": "39",
        "x-correlation-id": "c446055f-b1fc-4f9d-b720-7aaad242c0fb",
        "content-type": "application/json; charset=utf-8",
        "content-length": "597",
        "etag": "W/\"255-N1baj20QjdYxGICsfd35XDtAAQw\""
      }
    }
    [35mresponseTime[39m: 4
[14:11:17.135] [32mINFO[39m (16748): [36mrequest completed[39m
    [35mreq[39m: {
      "id": 66,
      "method": "GET",
      "url": "/api/map-layers/layer-fire-intel/geojson",
      "query": {},
      "params": {
        "path": [
          "map-layers",
          "layer-fire-intel",
          "geojson"
        ]
      },
      "headers": {
        "host": "localhost:4000",
        "connection": "keep-alive",
        "authorization": "Bearer eyJhbGciOiJIUzI1NiIsInR5cCI6IkpXVCJ9.eyJzdWIiOiJ1c2VyLWFkbWluIiwiZW1haWwiOiJhZG1pbkBndW5nbmlyLmxvY2FsIiwicm9sZXMiOlsiYWRtaW4iXSwiaWF0IjoxNzc5MTI3ODUyLCJleHAiOjE3NzkxMjg3NTJ9.Y9SQHLJLtvfaJeValbCE-gC__xFDJSQxJCfzyOh7Rb0",
        "accept": "*/*",
        "accept-language": "*",
        "sec-fetch-mode": "cors",
        "user-agent": "node",
        "pragma": "no-cache",
        "cache-control": "no-cache",
        "accept-encoding": "gzip, deflate"
      },
      "remoteAddress": "127.0.0.1",
      "remotePort": 62278
    }
    [35mres[39m: {
      "statusCode": 200,
      "headers": {
        "content-security-policy": "default-src 'self';base-uri 'self';font-src 'self' https: data:;form-action 'self';frame-ancestors 'self';img-src 'self' data:;object-src 'none';script-src 'self';script-src-attr 'none';style-src 'self' https: 'unsafe-inline';upgrade-insecure-requests",
        "cross-origin-opener-policy": "same-origin",
        "cross-origin-resource-policy": "same-origin",
        "origin-agent-cluster": "?1",
        "referrer-policy": "no-referrer",
        "strict-transport-security": "max-age=31536000; includeSubDomains",
        "x-content-type-options": "nosniff",
        "x-dns-prefetch-control": "off",
        "x-download-options": "noopen",
        "x-frame-options": "SAMEORIGIN",
        "x-permitted-cross-domain-policies": "none",
        "x-xss-protection": "0",
        "vary": "Origin",
        "access-control-allow-credentials": "true",
        "x-ratelimit-limit": "120",
        "x-ratelimit-remaining": "115",
        "x-ratelimit-reset": "39",
        "x-correlation-id": "528ca7b5-f4f0-4a5d-a209-5f7a6aef3081",
        "content-type": "application/json; charset=utf-8",
        "content-length": "42",
        "etag": "W/\"2a-YF4qkQu1OiQfcNelFeHSJ4hLkOE\""
      }
    }
    [35mresponseTime[39m: 4
[14:11:17.154] [32mINFO[39m (16748): [36mrequest completed[39m
    [35mreq[39m: {
      "id": 67,
      "method": "GET",
      "url": "/api/map-layers/layer-air-traffic/geojson",
      "query": {},
      "params": {
        "path": [
          "map-layers",
          "layer-air-traffic",
          "geojson"
        ]
      },
      "headers": {
        "host": "localhost:4000",
        "connection": "keep-alive",
        "authorization": "Bearer eyJhbGciOiJIUzI1NiIsInR5cCI6IkpXVCJ9.eyJzdWIiOiJ1c2VyLWFkbWluIiwiZW1haWwiOiJhZG1pbkBndW5nbmlyLmxvY2FsIiwicm9sZXMiOlsiYWRtaW4iXSwiaWF0IjoxNzc5MTI3ODUyLCJleHAiOjE3NzkxMjg3NTJ9.Y9SQHLJLtvfaJeValbCE-gC__xFDJSQxJCfzyOh7Rb0",
        "accept": "*/*",
        "accept-language": "*",
        "sec-fetch-mode": "cors",
        "user-agent": "node",
        "pragma": "no-cache",
        "cache-control": "no-cache",
        "accept-encoding": "gzip, deflate"
      },
      "remoteAddress": "127.0.0.1",
      "remotePort": 62279
    }
    [35mres[39m: {
      "statusCode": 200,
      "headers": {
        "content-security-policy": "default-src 'self';base-uri 'self';font-src 'self' https: data:;form-action 'self';frame-ancestors 'self';img-src 'self' data:;object-src 'none';script-src 'self';script-src-attr 'none';style-src 'self' https: 'unsafe-inline';upgrade-insecure-requests",
        "cross-origin-opener-policy": "same-origin",
        "cross-origin-resource-policy": "same-origin",
        "origin-agent-cluster": "?1",
        "referrer-policy": "no-referrer",
        "strict-transport-security": "max-age=31536000; includeSubDomains",
        "x-content-type-options": "nosniff",
        "x-dns-prefetch-control": "off",
        "x-download-options": "noopen",
        "x-frame-options": "SAMEORIGIN",
        "x-permitted-cross-domain-policies": "none",
        "x-xss-protection": "0",
        "vary": "Origin",
        "access-control-allow-credentials": "true",
        "x-ratelimit-limit": "120",
        "x-ratelimit-remaining": "114",
        "x-ratelimit-reset": "39",
        "x-correlation-id": "b842597f-dad7-487c-b9b5-8982ca9ea9a1",
        "content-type": "application/json; charset=utf-8",
        "content-length": "42",
        "etag": "W/\"2a-YF4qkQu1OiQfcNelFeHSJ4hLkOE\""
      }
    }
    [35mresponseTime[39m: 6
[14:11:17.196] [32mINFO[39m (16748): [36mrequest completed[39m
    [35mreq[39m: {
      "id": 68,
      "method": "GET",
      "url": "/api/map-layers/layer-fire-intel/geojson",
      "query": {},
      "params": {
        "path": [
          "map-layers",
          "layer-fire-intel",
          "geojson"
        ]
      },
      "headers": {
        "host": "localhost:4000",
        "connection": "keep-alive",
        "authorization": "Bearer eyJhbGciOiJIUzI1NiIsInR5cCI6IkpXVCJ9.eyJzdWIiOiJ1c2VyLWFkbWluIiwiZW1haWwiOiJhZG1pbkBndW5nbmlyLmxvY2FsIiwicm9sZXMiOlsiYWRtaW4iXSwiaWF0IjoxNzc5MTI3ODUyLCJleHAiOjE3NzkxMjg3NTJ9.Y9SQHLJLtvfaJeValbCE-gC__xFDJSQxJCfzyOh7Rb0",
        "accept": "*/*",
        "accept-language": "*",
        "sec-fetch-mode": "cors",
        "user-agent": "node",
        "pragma": "no-cache",
        "cache-control": "no-cache",
        "accept-encoding": "gzip, deflate"
      },
      "remoteAddress": "127.0.0.1",
      "remotePort": 62275
    }
    [35mres[39m: {
      "statusCode": 200,
      "headers": {
        "content-security-policy": "default-src 'self';base-uri 'self';font-src 'self' https: data:;form-action 'self';frame-ancestors 'self';img-src 'self' data:;object-src 'none';script-src 'self';script-src-attr 'none';style-src 'self' https: 'unsafe-inline';upgrade-insecure-requests",
        "cross-origin-opener-policy": "same-origin",
        "cross-origin-resource-policy": "same-origin",
        "origin-agent-cluster": "?1",
        "referrer-policy": "no-referrer",
        "strict-transport-security": "max-age=31536000; includeSubDomains",
        "x-content-type-options": "nosniff",
        "x-dns-prefetch-control": "off",
        "x-download-options": "noopen",
        "x-frame-options": "SAMEORIGIN",
        "x-permitted-cross-domain-policies": "none",
        "x-xss-protection": "0",
        "vary": "Origin",
        "access-control-allow-credentials": "true",
        "x-ratelimit-limit": "120",
        "x-ratelimit-remaining": "113",
        "x-ratelimit-reset": "39",
        "x-correlation-id": "e9cff9e6-e09d-447c-83d9-b6ee027477fd",
        "content-type": "application/json; charset=utf-8",
        "content-length": "42",
        "etag": "W/\"2a-YF4qkQu1OiQfcNelFeHSJ4hLkOE\""
      }
    }
    [35mresponseTime[39m: 5
[14:11:17.197] [32mINFO[39m (16748): [36mrequest completed[39m
    [35mreq[39m: {
      "id": 69,
      "method": "GET",
      "url": "/api/map-layers/layer-air-traffic/geojson",
      "query": {},
      "params": {
        "path": [
          "map-layers",
          "layer-air-traffic",
          "geojson"
        ]
      },
      "headers": {
        "host": "localhost:4000",
        "connection": "keep-alive",
        "authorization": "Bearer eyJhbGciOiJIUzI1NiIsInR5cCI6IkpXVCJ9.eyJzdWIiOiJ1c2VyLWFkbWluIiwiZW1haWwiOiJhZG1pbkBndW5nbmlyLmxvY2FsIiwicm9sZXMiOlsiYWRtaW4iXSwiaWF0IjoxNzc5MTI3ODUyLCJleHAiOjE3NzkxMjg3NTJ9.Y9SQHLJLtvfaJeValbCE-gC__xFDJSQxJCfzyOh7Rb0",
        "accept": "*/*",
        "accept-language": "*",
        "sec-fetch-mode": "cors",
        "user-agent": "node",
        "pragma": "no-cache",
        "cache-control": "no-cache",
        "accept-encoding": "gzip, deflate"
      },
      "remoteAddress": "127.0.0.1",
      "remotePort": 62278
    }
    [35mres[39m: {
      "statusCode": 200,
      "headers": {
        "content-security-policy": "default-src 'self';base-uri 'self';font-src 'self' https: data:;form-action 'self';frame-ancestors 'self';img-src 'self' data:;object-src 'none';script-src 'self';script-src-attr 'none';style-src 'self' https: 'unsafe-inline';upgrade-insecure-requests",
        "cross-origin-opener-policy": "same-origin",
        "cross-origin-resource-policy": "same-origin",
        "origin-agent-cluster": "?1",
        "referrer-policy": "no-referrer",
        "strict-transport-security": "max-age=31536000; includeSubDomains",
        "x-content-type-options": "nosniff",
        "x-dns-prefetch-control": "off",
        "x-download-options": "noopen",
        "x-frame-options": "SAMEORIGIN",
        "x-permitted-cross-domain-policies": "none",
        "x-xss-protection": "0",
        "vary": "Origin",
        "access-control-allow-credentials": "true",
        "x-ratelimit-limit": "120",
        "x-ratelimit-remaining": "112",
        "x-ratelimit-reset": "39",
        "x-correlation-id": "abc0a116-a99f-457e-ab70-87e7a5e233bb",
        "content-type": "application/json; charset=utf-8",
        "content-length": "42",
        "etag": "W/\"2a-YF4qkQu1OiQfcNelFeHSJ4hLkOE\""
      }
    }
    [35mresponseTime[39m: 5
[14:11:25.616] [32mINFO[39m (16748): [36mrequest completed[39m
    [35mreq[39m: {
      "id": 70,
      "method": "GET",
      "url": "/api/auth/me",
      "query": {},
      "params": {
        "path": [
          "auth",
          "me"
        ]
      },
      "headers": {
        "host": "localhost:4000",
        "connection": "keep-alive",
        "authorization": "Bearer eyJhbGciOiJIUzI1NiIsInR5cCI6IkpXVCJ9.eyJzdWIiOiJ1c2VyLWFkbWluIiwiZW1haWwiOiJhZG1pbkBndW5nbmlyLmxvY2FsIiwicm9sZXMiOlsiYWRtaW4iXSwiaWF0IjoxNzc5MTI3ODUyLCJleHAiOjE3NzkxMjg3NTJ9.Y9SQHLJLtvfaJeValbCE-gC__xFDJSQxJCfzyOh7Rb0",
        "accept": "*/*",
        "accept-language": "*",
        "sec-fetch-mode": "cors",
        "user-agent": "node",
        "pragma": "no-cache",
        "cache-control": "no-cache",
        "accept-encoding": "gzip, deflate"
      },
      "remoteAddress": "127.0.0.1",
      "remotePort": 63745
    }
    [35mres[39m: {
      "statusCode": 200,
      "headers": {
        "content-security-policy": "default-src 'self';base-uri 'self';font-src 'self' https: data:;form-action 'self';frame-ancestors 'self';img-src 'self' data:;object-src 'none';script-src 'self';script-src-attr 'none';style-src 'self' https: 'unsafe-inline';upgrade-insecure-requests",
        "cross-origin-opener-policy": "same-origin",
        "cross-origin-resource-policy": "same-origin",
        "origin-agent-cluster": "?1",
        "referrer-policy": "no-referrer",
        "strict-transport-security": "max-age=31536000; includeSubDomains",
        "x-content-type-options": "nosniff",
        "x-dns-prefetch-control": "off",
        "x-download-options": "noopen",
        "x-frame-options": "SAMEORIGIN",
        "x-permitted-cross-domain-policies": "none",
        "x-xss-protection": "0",
        "vary": "Origin",
        "access-control-allow-credentials": "true",
        "x-ratelimit-limit": "120",
        "x-ratelimit-remaining": "107",
        "x-ratelimit-reset": "18",
        "x-correlation-id": "ccad4641-7f75-41bb-a4ce-24bf0ab8f1b9",
        "content-type": "application/json; charset=utf-8",
        "content-length": "116",
        "etag": "W/\"74-/b46aDDUaZf4MZqJ7pPQf3/bWeQ\""
      }
    }
    [35mresponseTime[39m: 9
[14:11:25.646] [32mINFO[39m (16748): [36mrequest completed[39m
    [35mreq[39m: {
      "id": 71,
      "method": "GET",
      "url": "/api/v1/operations/bootstrap",
      "query": {},
      "params": {
        "path": [
          "v1",
          "operations",
          "bootstrap"
        ]
      },
      "headers": {
        "host": "localhost:4000",
        "connection": "keep-alive",
        "authorization": "Bearer eyJhbGciOiJIUzI1NiIsInR5cCI6IkpXVCJ9.eyJzdWIiOiJ1c2VyLWFkbWluIiwiZW1haWwiOiJhZG1pbkBndW5nbmlyLmxvY2FsIiwicm9sZXMiOlsiYWRtaW4iXSwiaWF0IjoxNzc5MTI3ODUyLCJleHAiOjE3NzkxMjg3NTJ9.Y9SQHLJLtvfaJeValbCE-gC__xFDJSQxJCfzyOh7Rb0",
        "accept": "*/*",
        "accept-language": "*",
        "sec-fetch-mode": "cors",
        "user-agent": "node",
        "pragma": "no-cache",
        "cache-control": "no-cache",
        "accept-encoding": "gzip, deflate"
      },
      "remoteAddress": "127.0.0.1",
      "remotePort": 63747
    }
    [35mres[39m: {
      "statusCode": 200,
      "headers": {
        "content-security-policy": "default-src 'self';base-uri 'self';font-src 'self' https: data:;form-action 'self';frame-ancestors 'self';img-src 'self' data:;object-src 'none';script-src 'self';script-src-attr 'none';style-src 'self' https: 'unsafe-inline';upgrade-insecure-requests",
        "cross-origin-opener-policy": "same-origin",
        "cross-origin-resource-policy": "same-origin",
        "origin-agent-cluster": "?1",
        "referrer-policy": "no-referrer",
        "strict-transport-security": "max-age=31536000; includeSubDomains",
        "x-content-type-options": "nosniff",
        "x-dns-prefetch-control": "off",
        "x-download-options": "noopen",
        "x-frame-options": "SAMEORIGIN",
        "x-permitted-cross-domain-policies": "none",
        "x-xss-protection": "0",
        "vary": "Origin",
        "access-control-allow-credentials": "true",
        "x-ratelimit-limit": "120",
        "x-ratelimit-remaining": "115",
        "x-ratelimit-reset": "51",
        "x-correlation-id": "6c65e5b2-8aac-4827-a716-5f7ffc51b17e",
        "content-type": "application/json; charset=utf-8",
        "content-length": "1660",
        "etag": "W/\"67c-g1741ZSxL6OAuyIjz+4ltz9Je0s\""
      }
    }
    [35mresponseTime[39m: 16
[14:11:27.431] [32mINFO[39m (16748): [36mrequest completed[39m
    [35mreq[39m: {
      "id": 72,
      "method": "GET",
      "url": "/api/auth/me",
      "query": {},
      "params": {
        "path": [
          "auth",
          "me"
        ]
      },
      "headers": {
        "host": "localhost:4000",
        "connection": "keep-alive",
        "authorization": "Bearer eyJhbGciOiJIUzI1NiIsInR5cCI6IkpXVCJ9.eyJzdWIiOiJ1c2VyLWFkbWluIiwiZW1haWwiOiJhZG1pbkBndW5nbmlyLmxvY2FsIiwicm9sZXMiOlsiYWRtaW4iXSwiaWF0IjoxNzc5MTI3ODUyLCJleHAiOjE3NzkxMjg3NTJ9.Y9SQHLJLtvfaJeValbCE-gC__xFDJSQxJCfzyOh7Rb0",
        "accept": "*/*",
        "accept-language": "*",
        "sec-fetch-mode": "cors",
        "user-agent": "node",
        "pragma": "no-cache",
        "cache-control": "no-cache",
        "accept-encoding": "gzip, deflate"
      },
      "remoteAddress": "127.0.0.1",
      "remotePort": 63745
    }
    [35mres[39m: {
      "statusCode": 200,
      "headers": {
        "content-security-policy": "default-src 'self';base-uri 'self';font-src 'self' https: data:;form-action 'self';frame-ancestors 'self';img-src 'self' data:;object-src 'none';script-src 'self';script-src-attr 'none';style-src 'self' https: 'unsafe-inline';upgrade-insecure-requests",
        "cross-origin-opener-policy": "same-origin",
        "cross-origin-resource-policy": "same-origin",
        "origin-agent-cluster": "?1",
        "referrer-policy": "no-referrer",
        "strict-transport-security": "max-age=31536000; includeSubDomains",
        "x-content-type-options": "nosniff",
        "x-dns-prefetch-control": "off",
        "x-download-options": "noopen",
        "x-frame-options": "SAMEORIGIN",
        "x-permitted-cross-domain-policies": "none",
        "x-xss-protection": "0",
        "vary": "Origin",
        "access-control-allow-credentials": "true",
        "x-ratelimit-limit": "120",
        "x-ratelimit-remaining": "106",
        "x-ratelimit-reset": "16",
        "x-correlation-id": "de0a18c7-6618-4bfe-b9d2-d6d1c001f506",
        "content-type": "application/json; charset=utf-8",
        "content-length": "116",
        "etag": "W/\"74-/b46aDDUaZf4MZqJ7pPQf3/bWeQ\""
      }
    }
    [35mresponseTime[39m: 6
[14:11:27.446] [32mINFO[39m (16748): [36mrequest completed[39m
    [35mreq[39m: {
      "id": 73,
      "method": "GET",
      "url": "/api/v1/operations/bootstrap",
      "query": {},
      "params": {
        "path": [
          "v1",
          "operations",
          "bootstrap"
        ]
      },
      "headers": {
        "host": "localhost:4000",
        "connection": "keep-alive",
        "authorization": "Bearer eyJhbGciOiJIUzI1NiIsInR5cCI6IkpXVCJ9.eyJzdWIiOiJ1c2VyLWFkbWluIiwiZW1haWwiOiJhZG1pbkBndW5nbmlyLmxvY2FsIiwicm9sZXMiOlsiYWRtaW4iXSwiaWF0IjoxNzc5MTI3ODUyLCJleHAiOjE3NzkxMjg3NTJ9.Y9SQHLJLtvfaJeValbCE-gC__xFDJSQxJCfzyOh7Rb0",
        "accept": "*/*",
        "accept-language": "*",
        "sec-fetch-mode": "cors",
        "user-agent": "node",
        "pragma": "no-cache",
        "cache-control": "no-cache",
        "accept-encoding": "gzip, deflate"
      },
      "remoteAddress": "127.0.0.1",
      "remotePort": 63747
    }
    [35mres[39m: {
      "statusCode": 200,
      "headers": {
        "content-security-policy": "default-src 'self';base-uri 'self';font-src 'self' https: data:;form-action 'self';frame-ancestors 'self';img-src 'self' data:;object-src 'none';script-src 'self';script-src-attr 'none';style-src 'self' https: 'unsafe-inline';upgrade-insecure-requests",
        "cross-origin-opener-policy": "same-origin",
        "cross-origin-resource-policy": "same-origin",
        "origin-agent-cluster": "?1",
        "referrer-policy": "no-referrer",
        "strict-transport-security": "max-age=31536000; includeSubDomains",
        "x-content-type-options": "nosniff",
        "x-dns-prefetch-control": "off",
        "x-download-options": "noopen",
        "x-frame-options": "SAMEORIGIN",
        "x-permitted-cross-domain-policies": "none",
        "x-xss-protection": "0",
        "vary": "Origin",
        "access-control-allow-credentials": "true",
        "x-ratelimit-limit": "120",
        "x-ratelimit-remaining": "114",
        "x-ratelimit-reset": "50",
        "x-correlation-id": "0be2eead-ec82-4ea7-b413-28af5a5f2c3e",
        "content-type": "application/json; charset=utf-8",
        "content-length": "1660",
        "etag": "W/\"67c-xsB4uFzt6mHHhs8Tj4N1moYa558\""
      }
    }
    [35mresponseTime[39m: 11
[14:11:53.153] [32mINFO[39m (16748): [36mrequest completed[39m
    [35mreq[39m: {
      "id": 74,
      "method": "GET",
      "url": "/api/auth/me",
      "query": {},
      "params": {
        "path": [
          "auth",
          "me"
        ]
      },
      "headers": {
        "host": "localhost:4000",
        "connection": "keep-alive",
        "authorization": "Bearer eyJhbGciOiJIUzI1NiIsInR5cCI6IkpXVCJ9.eyJzdWIiOiJ1c2VyLWFkbWluIiwiZW1haWwiOiJhZG1pbkBndW5nbmlyLmxvY2FsIiwicm9sZXMiOlsiYWRtaW4iXSwiaWF0IjoxNzc5MTI3ODUyLCJleHAiOjE3NzkxMjg3NTJ9.Y9SQHLJLtvfaJeValbCE-gC__xFDJSQxJCfzyOh7Rb0",
        "accept": "*/*",
        "accept-language": "*",
        "sec-fetch-mode": "cors",
        "user-agent": "node",
        "pragma": "no-cache",
        "cache-control": "no-cache",
        "accept-encoding": "gzip, deflate"
      },
      "remoteAddress": "127.0.0.1",
      "remotePort": 53901
    }
    [35mres[39m: {
      "statusCode": 200,
      "headers": {
        "content-security-policy": "default-src 'self';base-uri 'self';font-src 'self' https: data:;form-action 'self';frame-ancestors 'self';img-src 'self' data:;object-src 'none';script-src 'self';script-src-attr 'none';style-src 'self' https: 'unsafe-inline';upgrade-insecure-requests",
        "cross-origin-opener-policy": "same-origin",
        "cross-origin-resource-policy": "same-origin",
        "origin-agent-cluster": "?1",
        "referrer-policy": "no-referrer",
        "strict-transport-security": "max-age=31536000; includeSubDomains",
        "x-content-type-options": "nosniff",
        "x-dns-prefetch-control": "off",
        "x-download-options": "noopen",
        "x-frame-options": "SAMEORIGIN",
        "x-permitted-cross-domain-policies": "none",
        "x-xss-protection": "0",
        "vary": "Origin",
        "access-control-allow-credentials": "true",
        "x-ratelimit-limit": "120",
        "x-ratelimit-remaining": "111",
        "x-ratelimit-reset": "60",
        "x-correlation-id": "6f596a2f-1356-4d16-9d08-accb17b7b7f6",
        "content-type": "application/json; charset=utf-8",
        "content-length": "116",
        "etag": "W/\"74-/b46aDDUaZf4MZqJ7pPQf3/bWeQ\""
      }
    }
    [35mresponseTime[39m: 6
[14:11:53.175] [32mINFO[39m (16748): [36mrequest completed[39m
    [35mreq[39m: {
      "id": 75,
      "method": "GET",
      "url": "/api/v1/operations/bootstrap",
      "query": {},
      "params": {
        "path": [
          "v1",
          "operations",
          "bootstrap"
        ]
      },
      "headers": {
        "host": "localhost:4000",
        "connection": "keep-alive",
        "authorization": "Bearer eyJhbGciOiJIUzI1NiIsInR5cCI6IkpXVCJ9.eyJzdWIiOiJ1c2VyLWFkbWluIiwiZW1haWwiOiJhZG1pbkBndW5nbmlyLmxvY2FsIiwicm9sZXMiOlsiYWRtaW4iXSwiaWF0IjoxNzc5MTI3ODUyLCJleHAiOjE3NzkxMjg3NTJ9.Y9SQHLJLtvfaJeValbCE-gC__xFDJSQxJCfzyOh7Rb0",
        "accept": "*/*",
        "accept-language": "*",
        "sec-fetch-mode": "cors",
        "user-agent": "node",
        "pragma": "no-cache",
        "cache-control": "no-cache",
        "accept-encoding": "gzip, deflate"
      },
      "remoteAddress": "127.0.0.1",
      "remotePort": 53903
    }
    [35mres[39m: {
      "statusCode": 200,
      "headers": {
        "content-security-policy": "default-src 'self';base-uri 'self';font-src 'self' https: data:;form-action 'self';frame-ancestors 'self';img-src 'self' data:;object-src 'none';script-src 'self';script-src-attr 'none';style-src 'self' https: 'unsafe-inline';upgrade-insecure-requests",
        "cross-origin-opener-policy": "same-origin",
        "cross-origin-resource-policy": "same-origin",
        "origin-agent-cluster": "?1",
        "referrer-policy": "no-referrer",
        "strict-transport-security": "max-age=31536000; includeSubDomains",
        "x-content-type-options": "nosniff",
        "x-dns-prefetch-control": "off",
        "x-download-options": "noopen",
        "x-frame-options": "SAMEORIGIN",
        "x-permitted-cross-domain-policies": "none",
        "x-xss-protection": "0",
        "vary": "Origin",
        "access-control-allow-credentials": "true",
        "x-ratelimit-limit": "120",
        "x-ratelimit-remaining": "115",
        "x-ratelimit-reset": "24",
        "x-correlation-id": "1ea7c3d8-941b-4918-949c-e4e5ee00a472",
        "content-type": "application/json; charset=utf-8",
        "content-length": "1660",
        "etag": "W/\"67c-TRw3M9J++lshOYLFvr89MvKxrzM\""
      }
    }
    [35mresponseTime[39m: 13
[14:11:55.910] [32mINFO[39m (16748): [36mrequest completed[39m
    [35mreq[39m: {
      "id": 76,
      "method": "GET",
      "url": "/api/auth/me",
      "query": {},
      "params": {
        "path": [
          "auth",
          "me"
        ]
      },
      "headers": {
        "host": "localhost:4000",
        "connection": "keep-alive",
        "authorization": "Bearer eyJhbGciOiJIUzI1NiIsInR5cCI6IkpXVCJ9.eyJzdWIiOiJ1c2VyLWFkbWluIiwiZW1haWwiOiJhZG1pbkBndW5nbmlyLmxvY2FsIiwicm9sZXMiOlsiYWRtaW4iXSwiaWF0IjoxNzc5MTI3ODUyLCJleHAiOjE3NzkxMjg3NTJ9.Y9SQHLJLtvfaJeValbCE-gC__xFDJSQxJCfzyOh7Rb0",
        "accept": "*/*",
        "accept-language": "*",
        "sec-fetch-mode": "cors",
        "user-agent": "node",
        "pragma": "no-cache",
        "cache-control": "no-cache",
        "accept-encoding": "gzip, deflate"
      },
      "remoteAddress": "127.0.0.1",
      "remotePort": 53901
    }
    [35mres[39m: {
      "statusCode": 200,
      "headers": {
        "content-security-policy": "default-src 'self';base-uri 'self';font-src 'self' https: data:;form-action 'self';frame-ancestors 'self';img-src 'self' data:;object-src 'none';script-src 'self';script-src-attr 'none';style-src 'self' https: 'unsafe-inline';upgrade-insecure-requests",
        "cross-origin-opener-policy": "same-origin",
        "cross-origin-resource-policy": "same-origin",
        "origin-agent-cluster": "?1",
        "referrer-policy": "no-referrer",
        "strict-transport-security": "max-age=31536000; includeSubDomains",
        "x-content-type-options": "nosniff",
        "x-dns-prefetch-control": "off",
        "x-download-options": "noopen",
        "x-frame-options": "SAMEORIGIN",
        "x-permitted-cross-domain-policies": "none",
        "x-xss-protection": "0",
        "vary": "Origin",
        "access-control-allow-credentials": "true",
        "x-ratelimit-limit": "120",
        "x-ratelimit-remaining": "111",
        "x-ratelimit-reset": "58",
        "x-correlation-id": "df8ec944-ace5-4574-956e-68202b9283e1",
        "content-type": "application/json; charset=utf-8",
        "content-length": "116",
        "etag": "W/\"74-/b46aDDUaZf4MZqJ7pPQf3/bWeQ\""
      }
    }
    [35mresponseTime[39m: 6
[14:11:55.935] [32mINFO[39m (16748): [36mrequest completed[39m
    [35mreq[39m: {
      "id": 77,
      "method": "GET",
      "url": "/api/v1/operations/bootstrap",
      "query": {},
      "params": {
        "path": [
          "v1",
          "operations",
          "bootstrap"
        ]
      },
      "headers": {
        "host": "localhost:4000",
        "connection": "keep-alive",
        "authorization": "Bearer eyJhbGciOiJIUzI1NiIsInR5cCI6IkpXVCJ9.eyJzdWIiOiJ1c2VyLWFkbWluIiwiZW1haWwiOiJhZG1pbkBndW5nbmlyLmxvY2FsIiwicm9sZXMiOlsiYWRtaW4iXSwiaWF0IjoxNzc5MTI3ODUyLCJleHAiOjE3NzkxMjg3NTJ9.Y9SQHLJLtvfaJeValbCE-gC__xFDJSQxJCfzyOh7Rb0",
        "accept": "*/*",
        "accept-language": "*",
        "sec-fetch-mode": "cors",
        "user-agent": "node",
        "pragma": "no-cache",
        "cache-control": "no-cache",
        "accept-encoding": "gzip, deflate"
      },
      "remoteAddress": "127.0.0.1",
      "remotePort": 53903
    }
    [35mres[39m: {
      "statusCode": 200,
      "headers": {
        "content-security-policy": "default-src 'self';base-uri 'self';font-src 'self' https: data:;form-action 'self';frame-ancestors 'self';img-src 'self' data:;object-src 'none';script-src 'self';script-src-attr 'none';style-src 'self' https: 'unsafe-inline';upgrade-insecure-requests",
        "cross-origin-opener-policy": "same-origin",
        "cross-origin-resource-policy": "same-origin",
        "origin-agent-cluster": "?1",
        "referrer-policy": "no-referrer",
        "strict-transport-security": "max-age=31536000; includeSubDomains",
        "x-content-type-options": "nosniff",
        "x-dns-prefetch-control": "off",
        "x-download-options": "noopen",
        "x-frame-options": "SAMEORIGIN",
        "x-permitted-cross-domain-policies": "none",
        "x-xss-protection": "0",
        "vary": "Origin",
        "access-control-allow-credentials": "true",
        "x-ratelimit-limit": "120",
        "x-ratelimit-remaining": "114",
        "x-ratelimit-reset": "21",
        "x-correlation-id": "f052806a-2940-4363-9c21-a74e1b180750",
        "content-type": "application/json; charset=utf-8",
        "content-length": "1660",
        "etag": "W/\"67c-h6GMtCby1tP6wLtfcniN6nhirS8\""
      }
    }
    [35mresponseTime[39m: 15
[14:12:00.819] [32mINFO[39m (16748): [36mrequest completed[39m
    [35mreq[39m: {
      "id": 78,
      "method": "GET",
      "url": "/api/auth/me",
      "query": {},
      "params": {
        "path": [
          "auth",
          "me"
        ]
      },
      "headers": {
        "host": "localhost:4000",
        "connection": "keep-alive",
        "authorization": "Bearer eyJhbGciOiJIUzI1NiIsInR5cCI6IkpXVCJ9.eyJzdWIiOiJ1c2VyLWFkbWluIiwiZW1haWwiOiJhZG1pbkBndW5nbmlyLmxvY2FsIiwicm9sZXMiOlsiYWRtaW4iXSwiaWF0IjoxNzc5MTI3ODUyLCJleHAiOjE3NzkxMjg3NTJ9.Y9SQHLJLtvfaJeValbCE-gC__xFDJSQxJCfzyOh7Rb0",
        "accept": "*/*",
        "accept-language": "*",
        "sec-fetch-mode": "cors",
        "user-agent": "node",
        "pragma": "no-cache",
        "cache-control": "no-cache",
        "accept-encoding": "gzip, deflate"
      },
      "remoteAddress": "127.0.0.1",
      "remotePort": 50782
    }
    [35mres[39m: {
      "statusCode": 200,
      "headers": {
        "content-security-policy": "default-src 'self';base-uri 'self';font-src 'self' https: data:;form-action 'self';frame-ancestors 'self';img-src 'self' data:;object-src 'none';script-src 'self';script-src-attr 'none';style-src 'self' https: 'unsafe-inline';upgrade-insecure-requests",
        "cross-origin-opener-policy": "same-origin",
        "cross-origin-resource-policy": "same-origin",
        "origin-agent-cluster": "?1",
        "referrer-policy": "no-referrer",
        "strict-transport-security": "max-age=31536000; includeSubDomains",
        "x-content-type-options": "nosniff",
        "x-dns-prefetch-control": "off",
        "x-download-options": "noopen",
        "x-frame-options": "SAMEORIGIN",
        "x-permitted-cross-domain-policies": "none",
        "x-xss-protection": "0",
        "vary": "Origin",
        "access-control-allow-credentials": "true",
        "x-ratelimit-limit": "120",
        "x-ratelimit-remaining": "110",
        "x-ratelimit-reset": "53",
        "x-correlation-id": "79f25a43-c221-4028-a7e7-0c2428992dc8",
        "content-type": "application/json; charset=utf-8",
        "content-length": "116",
        "etag": "W/\"74-/b46aDDUaZf4MZqJ7pPQf3/bWeQ\""
      }
    }
    [35mresponseTime[39m: 4
[14:12:00.833] [32mINFO[39m (16748): [36mrequest completed[39m
    [35mreq[39m: {
      "id": 79,
      "method": "GET",
      "url": "/api/v1/operations/bootstrap",
      "query": {},
      "params": {
        "path": [
          "v1",
          "operations",
          "bootstrap"
        ]
      },
      "headers": {
        "host": "localhost:4000",
        "connection": "keep-alive",
        "authorization": "Bearer eyJhbGciOiJIUzI1NiIsInR5cCI6IkpXVCJ9.eyJzdWIiOiJ1c2VyLWFkbWluIiwiZW1haWwiOiJhZG1pbkBndW5nbmlyLmxvY2FsIiwicm9sZXMiOlsiYWRtaW4iXSwiaWF0IjoxNzc5MTI3ODUyLCJleHAiOjE3NzkxMjg3NTJ9.Y9SQHLJLtvfaJeValbCE-gC__xFDJSQxJCfzyOh7Rb0",
        "accept": "*/*",
        "accept-language": "*",
        "sec-fetch-mode": "cors",
        "user-agent": "node",
        "pragma": "no-cache",
        "cache-control": "no-cache",
        "accept-encoding": "gzip, deflate"
      },
      "remoteAddress": "127.0.0.1",
      "remotePort": 50784
    }
    [35mres[39m: {
      "statusCode": 200,
      "headers": {
        "content-security-policy": "default-src 'self';base-uri 'self';font-src 'self' https: data:;form-action 'self';frame-ancestors 'self';img-src 'self' data:;object-src 'none';script-src 'self';script-src-attr 'none';style-src 'self' https: 'unsafe-inline';upgrade-insecure-requests",
        "cross-origin-opener-policy": "same-origin",
        "cross-origin-resource-policy": "same-origin",
        "origin-agent-cluster": "?1",
        "referrer-policy": "no-referrer",
        "strict-transport-security": "max-age=31536000; includeSubDomains",
        "x-content-type-options": "nosniff",
        "x-dns-prefetch-control": "off",
        "x-download-options": "noopen",
        "x-frame-options": "SAMEORIGIN",
        "x-permitted-cross-domain-policies": "none",
        "x-xss-protection": "0",
        "vary": "Origin",
        "access-control-allow-credentials": "true",
        "x-ratelimit-limit": "120",
        "x-ratelimit-remaining": "113",
        "x-ratelimit-reset": "16",
        "x-correlation-id": "92abeb3d-3bf1-4e7b-9604-94c8456403a5",
        "content-type": "application/json; charset=utf-8",
        "content-length": "1660",
        "etag": "W/\"67c-xSlL8FV8rntzORov6OiqwDd8ufo\""
      }
    }
    [35mresponseTime[39m: 8
[14:12:01.257] [32mINFO[39m (16748): [36mrequest completed[39m
    [35mreq[39m: {
      "id": 80,
      "method": "GET",
      "url": "/api/auth/me",
      "query": {},
      "params": {
        "path": [
          "auth",
          "me"
        ]
      },
      "headers": {
        "host": "localhost:4000",
        "connection": "keep-alive",
        "authorization": "Bearer eyJhbGciOiJIUzI1NiIsInR5cCI6IkpXVCJ9.eyJzdWIiOiJ1c2VyLWFkbWluIiwiZW1haWwiOiJhZG1pbkBndW5nbmlyLmxvY2FsIiwicm9sZXMiOlsiYWRtaW4iXSwiaWF0IjoxNzc5MTI3ODUyLCJleHAiOjE3NzkxMjg3NTJ9.Y9SQHLJLtvfaJeValbCE-gC__xFDJSQxJCfzyOh7Rb0",
        "accept": "*/*",
        "accept-language": "*",
        "sec-fetch-mode": "cors",
        "user-agent": "node",
        "pragma": "no-cache",
        "cache-control": "no-cache",
        "accept-encoding": "gzip, deflate"
      },
      "remoteAddress": "127.0.0.1",
      "remotePort": 50782
    }
    [35mres[39m: {
      "statusCode": 200,
      "headers": {
        "content-security-policy": "default-src 'self';base-uri 'self';font-src 'self' https: data:;form-action 'self';frame-ancestors 'self';img-src 'self' data:;object-src 'none';script-src 'self';script-src-attr 'none';style-src 'self' https: 'unsafe-inline';upgrade-insecure-requests",
        "cross-origin-opener-policy": "same-origin",
        "cross-origin-resource-policy": "same-origin",
        "origin-agent-cluster": "?1",
        "referrer-policy": "no-referrer",
        "strict-transport-security": "max-age=31536000; includeSubDomains",
        "x-content-type-options": "nosniff",
        "x-dns-prefetch-control": "off",
        "x-download-options": "noopen",
        "x-frame-options": "SAMEORIGIN",
        "x-permitted-cross-domain-policies": "none",
        "x-xss-protection": "0",
        "vary": "Origin",
        "access-control-allow-credentials": "true",
        "x-ratelimit-limit": "120",
        "x-ratelimit-remaining": "109",
        "x-ratelimit-reset": "52",
        "x-correlation-id": "81befcb4-f94d-4db7-98cf-1e3321d2e172",
        "content-type": "application/json; charset=utf-8",
        "content-length": "116",
        "etag": "W/\"74-/b46aDDUaZf4MZqJ7pPQf3/bWeQ\""
      }
    }
    [35mresponseTime[39m: 7
[14:12:01.274] [32mINFO[39m (16748): [36mrequest completed[39m
    [35mreq[39m: {
      "id": 81,
      "method": "GET",
      "url": "/api/v1/operations/bootstrap",
      "query": {},
      "params": {
        "path": [
          "v1",
          "operations",
          "bootstrap"
        ]
      },
      "headers": {
        "host": "localhost:4000",
        "connection": "keep-alive",
        "authorization": "Bearer eyJhbGciOiJIUzI1NiIsInR5cCI6IkpXVCJ9.eyJzdWIiOiJ1c2VyLWFkbWluIiwiZW1haWwiOiJhZG1pbkBndW5nbmlyLmxvY2FsIiwicm9sZXMiOlsiYWRtaW4iXSwiaWF0IjoxNzc5MTI3ODUyLCJleHAiOjE3NzkxMjg3NTJ9.Y9SQHLJLtvfaJeValbCE-gC__xFDJSQxJCfzyOh7Rb0",
        "accept": "*/*",
        "accept-language": "*",
        "sec-fetch-mode": "cors",
        "user-agent": "node",
        "pragma": "no-cache",
        "cache-control": "no-cache",
        "accept-encoding": "gzip, deflate"
      },
      "remoteAddress": "127.0.0.1",
      "remotePort": 50784
    }
    [35mres[39m: {
      "statusCode": 200,
      "headers": {
        "content-security-policy": "default-src 'self';base-uri 'self';font-src 'self' https: data:;form-action 'self';frame-ancestors 'self';img-src 'self' data:;object-src 'none';script-src 'self';script-src-attr 'none';style-src 'self' https: 'unsafe-inline';upgrade-insecure-requests",
        "cross-origin-opener-policy": "same-origin",
        "cross-origin-resource-policy": "same-origin",
        "origin-agent-cluster": "?1",
        "referrer-policy": "no-referrer",
        "strict-transport-security": "max-age=31536000; includeSubDomains",
        "x-content-type-options": "nosniff",
        "x-dns-prefetch-control": "off",
        "x-download-options": "noopen",
        "x-frame-options": "SAMEORIGIN",
        "x-permitted-cross-domain-policies": "none",
        "x-xss-protection": "0",
        "vary": "Origin",
        "access-control-allow-credentials": "true",
        "x-ratelimit-limit": "120",
        "x-ratelimit-remaining": "112",
        "x-ratelimit-reset": "16",
        "x-correlation-id": "42e863b4-5fd3-4c54-be0d-8fda65eb560a",
        "content-type": "application/json; charset=utf-8",
        "content-length": "1660",
        "etag": "W/\"67c-nVVtslmBq8J++bIvSfAQGRQNWrw\""
      }
    }
    [35mresponseTime[39m: 11
[14:12:12.507] [32mINFO[39m (16748): [36mrequest completed[39m
    [35mreq[39m: {
      "id": 82,
      "method": "GET",
      "url": "/api/auth/me",
      "query": {},
      "params": {
        "path": [
          "auth",
          "me"
        ]
      },
      "headers": {
        "host": "localhost:4000",
        "connection": "keep-alive",
        "authorization": "Bearer eyJhbGciOiJIUzI1NiIsInR5cCI6IkpXVCJ9.eyJzdWIiOiJ1c2VyLWFkbWluIiwiZW1haWwiOiJhZG1pbkBndW5nbmlyLmxvY2FsIiwicm9sZXMiOlsiYWRtaW4iXSwiaWF0IjoxNzc5MTI3ODUyLCJleHAiOjE3NzkxMjg3NTJ9.Y9SQHLJLtvfaJeValbCE-gC__xFDJSQxJCfzyOh7Rb0",
        "accept": "*/*",
        "accept-language": "*",
        "sec-fetch-mode": "cors",
        "user-agent": "node",
        "pragma": "no-cache",
        "cache-control": "no-cache",
        "accept-encoding": "gzip, deflate"
      },
      "remoteAddress": "127.0.0.1",
      "remotePort": 59765
    }
    [35mres[39m: {
      "statusCode": 200,
      "headers": {
        "content-security-policy": "default-src 'self';base-uri 'self';font-src 'self' https: data:;form-action 'self';frame-ancestors 'self';img-src 'self' data:;object-src 'none';script-src 'self';script-src-attr 'none';style-src 'self' https: 'unsafe-inline';upgrade-insecure-requests",
        "cross-origin-opener-policy": "same-origin",
        "cross-origin-resource-policy": "same-origin",
        "origin-agent-cluster": "?1",
        "referrer-policy": "no-referrer",
        "strict-transport-security": "max-age=31536000; includeSubDomains",
        "x-content-type-options": "nosniff",
        "x-dns-prefetch-control": "off",
        "x-download-options": "noopen",
        "x-frame-options": "SAMEORIGIN",
        "x-permitted-cross-domain-policies": "none",
        "x-xss-protection": "0",
        "vary": "Origin",
        "access-control-allow-credentials": "true",
        "x-ratelimit-limit": "120",
        "x-ratelimit-remaining": "109",
        "x-ratelimit-reset": "41",
        "x-correlation-id": "e7fa95e2-7af2-4956-9759-4f0adad7d60d",
        "content-type": "application/json; charset=utf-8",
        "content-length": "116",
        "etag": "W/\"74-/b46aDDUaZf4MZqJ7pPQf3/bWeQ\""
      }
    }
    [35mresponseTime[39m: 5
[14:12:12.538] [32mINFO[39m (16748): [36mrequest completed[39m
    [35mreq[39m: {
      "id": 83,
      "method": "GET",
      "url": "/api/v1/operations/bootstrap",
      "query": {},
      "params": {
        "path": [
          "v1",
          "operations",
          "bootstrap"
        ]
      },
      "headers": {
        "host": "localhost:4000",
        "connection": "keep-alive",
        "authorization": "Bearer eyJhbGciOiJIUzI1NiIsInR5cCI6IkpXVCJ9.eyJzdWIiOiJ1c2VyLWFkbWluIiwiZW1haWwiOiJhZG1pbkBndW5nbmlyLmxvY2FsIiwicm9sZXMiOlsiYWRtaW4iXSwiaWF0IjoxNzc5MTI3ODUyLCJleHAiOjE3NzkxMjg3NTJ9.Y9SQHLJLtvfaJeValbCE-gC__xFDJSQxJCfzyOh7Rb0",
        "accept": "*/*",
        "accept-language": "*",
        "sec-fetch-mode": "cors",
        "user-agent": "node",
        "pragma": "no-cache",
        "cache-control": "no-cache",
        "accept-encoding": "gzip, deflate"
      },
      "remoteAddress": "127.0.0.1",
      "remotePort": 59767
    }
    [35mres[39m: {
      "statusCode": 200,
      "headers": {
        "content-security-policy": "default-src 'self';base-uri 'self';font-src 'self' https: data:;form-action 'self';frame-ancestors 'self';img-src 'self' data:;object-src 'none';script-src 'self';script-src-attr 'none';style-src 'self' https: 'unsafe-inline';upgrade-insecure-requests",
        "cross-origin-opener-policy": "same-origin",
        "cross-origin-resource-policy": "same-origin",
        "origin-agent-cluster": "?1",
        "referrer-policy": "no-referrer",
        "strict-transport-security": "max-age=31536000; includeSubDomains",
        "x-content-type-options": "nosniff",
        "x-dns-prefetch-control": "off",
        "x-download-options": "noopen",
        "x-frame-options": "SAMEORIGIN",
        "x-permitted-cross-domain-policies": "none",
        "x-xss-protection": "0",
        "vary": "Origin",
        "access-control-allow-credentials": "true",
        "x-ratelimit-limit": "120",
        "x-ratelimit-remaining": "112",
        "x-ratelimit-reset": "5",
        "x-correlation-id": "7ba1b499-f4a0-4878-a766-877a3f153f97",
        "content-type": "application/json; charset=utf-8",
        "content-length": "1660",
        "etag": "W/\"67c-rA3kT7brQtHpo93IX5p7X4KiUn0\""
      }
    }
    [35mresponseTime[39m: 11
[14:12:24.888] [32mINFO[39m (16748): [36mrequest completed[39m
    [35mreq[39m: {
      "id": 84,
      "method": "GET",
      "url": "/api/auth/me",
      "query": {},
      "params": {
        "path": [
          "auth",
          "me"
        ]
      },
      "headers": {
        "host": "localhost:4000",
        "connection": "keep-alive",
        "authorization": "Bearer eyJhbGciOiJIUzI1NiIsInR5cCI6IkpXVCJ9.eyJzdWIiOiJ1c2VyLWFkbWluIiwiZW1haWwiOiJhZG1pbkBndW5nbmlyLmxvY2FsIiwicm9sZXMiOlsiYWRtaW4iXSwiaWF0IjoxNzc5MTI3ODUyLCJleHAiOjE3NzkxMjg3NTJ9.Y9SQHLJLtvfaJeValbCE-gC__xFDJSQxJCfzyOh7Rb0",
        "accept": "*/*",
        "accept-language": "*",
        "sec-fetch-mode": "cors",
        "user-agent": "node",
        "pragma": "no-cache",
        "cache-control": "no-cache",
        "accept-encoding": "gzip, deflate"
      },
      "remoteAddress": "127.0.0.1",
      "remotePort": 63856
    }
    [35mres[39m: {
      "statusCode": 200,
      "headers": {
        "content-security-policy": "default-src 'self';base-uri 'self';font-src 'self' https: data:;form-action 'self';frame-ancestors 'self';img-src 'self' data:;object-src 'none';script-src 'self';script-src-attr 'none';style-src 'self' https: 'unsafe-inline';upgrade-insecure-requests",
        "cross-origin-opener-policy": "same-origin",
        "cross-origin-resource-policy": "same-origin",
        "origin-agent-cluster": "?1",
        "referrer-policy": "no-referrer",
        "strict-transport-security": "max-age=31536000; includeSubDomains",
        "x-content-type-options": "nosniff",
        "x-dns-prefetch-control": "off",
        "x-download-options": "noopen",
        "x-frame-options": "SAMEORIGIN",
        "x-permitted-cross-domain-policies": "none",
        "x-xss-protection": "0",
        "vary": "Origin",
        "access-control-allow-credentials": "true",
        "x-ratelimit-limit": "120",
        "x-ratelimit-remaining": "112",
        "x-ratelimit-reset": "29",
        "x-correlation-id": "49eac638-4e24-4025-858e-120e9c773976",
        "content-type": "application/json; charset=utf-8",
        "content-length": "116",
        "etag": "W/\"74-/b46aDDUaZf4MZqJ7pPQf3/bWeQ\""
      }
    }
    [35mresponseTime[39m: 5
[14:12:24.906] [32mINFO[39m (16748): [36mrequest completed[39m
    [35mreq[39m: {
      "id": 85,
      "method": "GET",
      "url": "/api/v1/operations/bootstrap",
      "query": {},
      "params": {
        "path": [
          "v1",
          "operations",
          "bootstrap"
        ]
      },
      "headers": {
        "host": "localhost:4000",
        "connection": "keep-alive",
        "authorization": "Bearer eyJhbGciOiJIUzI1NiIsInR5cCI6IkpXVCJ9.eyJzdWIiOiJ1c2VyLWFkbWluIiwiZW1haWwiOiJhZG1pbkBndW5nbmlyLmxvY2FsIiwicm9sZXMiOlsiYWRtaW4iXSwiaWF0IjoxNzc5MTI3ODUyLCJleHAiOjE3NzkxMjg3NTJ9.Y9SQHLJLtvfaJeValbCE-gC__xFDJSQxJCfzyOh7Rb0",
        "accept": "*/*",
        "accept-language": "*",
        "sec-fetch-mode": "cors",
        "user-agent": "node",
        "pragma": "no-cache",
        "cache-control": "no-cache",
        "accept-encoding": "gzip, deflate"
      },
      "remoteAddress": "127.0.0.1",
      "remotePort": 63858
    }
    [35mres[39m: {
      "statusCode": 200,
      "headers": {
        "content-security-policy": "default-src 'self';base-uri 'self';font-src 'self' https: data:;form-action 'self';frame-ancestors 'self';img-src 'self' data:;object-src 'none';script-src 'self';script-src-attr 'none';style-src 'self' https: 'unsafe-inline';upgrade-insecure-requests",
        "cross-origin-opener-policy": "same-origin",
        "cross-origin-resource-policy": "same-origin",
        "origin-agent-cluster": "?1",
        "referrer-policy": "no-referrer",
        "strict-transport-security": "max-age=31536000; includeSubDomains",
        "x-content-type-options": "nosniff",
        "x-dns-prefetch-control": "off",
        "x-download-options": "noopen",
        "x-frame-options": "SAMEORIGIN",
        "x-permitted-cross-domain-policies": "none",
        "x-xss-protection": "0",
        "vary": "Origin",
        "access-control-allow-credentials": "true",
        "x-ratelimit-limit": "120",
        "x-ratelimit-remaining": "112",
        "x-ratelimit-reset": "60",
        "x-correlation-id": "90d05391-a0bd-4605-8c6c-925ffc6fe08b",
        "content-type": "application/json; charset=utf-8",
        "content-length": "1660",
        "etag": "W/\"67c-RadU5j0MPp6Fkjb+kFTzoCJR1wM\""
      }
    }
    [35mresponseTime[39m: 9
[14:15:50.313] [32mINFO[39m (16748): [36mrequest completed[39m
    [35mreq[39m: {
      "id": 86,
      "method": "GET",
      "url": "/api/auth/me",
      "query": {},
      "params": {
        "path": [
          "auth",
          "me"
        ]
      },
      "headers": {
        "host": "localhost:4000",
        "connection": "keep-alive",
        "authorization": "Bearer eyJhbGciOiJIUzI1NiIsInR5cCI6IkpXVCJ9.eyJzdWIiOiJ1c2VyLWFkbWluIiwiZW1haWwiOiJhZG1pbkBndW5nbmlyLmxvY2FsIiwicm9sZXMiOlsiYWRtaW4iXSwiaWF0IjoxNzc5MTI3ODUyLCJleHAiOjE3NzkxMjg3NTJ9.Y9SQHLJLtvfaJeValbCE-gC__xFDJSQxJCfzyOh7Rb0",
        "accept": "*/*",
        "accept-language": "*",
        "sec-fetch-mode": "cors",
        "user-agent": "node",
        "pragma": "no-cache",
        "cache-control": "no-cache",
        "accept-encoding": "gzip, deflate"
      },
      "remoteAddress": "127.0.0.1",
      "remotePort": 55671
    }
    [35mres[39m: {
      "statusCode": 200,
      "headers": {
        "content-security-policy": "default-src 'self';base-uri 'self';font-src 'self' https: data:;form-action 'self';frame-ancestors 'self';img-src 'self' data:;object-src 'none';script-src 'self';script-src-attr 'none';style-src 'self' https: 'unsafe-inline';upgrade-insecure-requests",
        "cross-origin-opener-policy": "same-origin",
        "cross-origin-resource-policy": "same-origin",
        "origin-agent-cluster": "?1",
        "referrer-policy": "no-referrer",
        "strict-transport-security": "max-age=31536000; includeSubDomains",
        "x-content-type-options": "nosniff",
        "x-dns-prefetch-control": "off",
        "x-download-options": "noopen",
        "x-frame-options": "SAMEORIGIN",
        "x-permitted-cross-domain-policies": "none",
        "x-xss-protection": "0",
        "vary": "Origin",
        "access-control-allow-credentials": "true",
        "x-ratelimit-limit": "120",
        "x-ratelimit-remaining": "119",
        "x-ratelimit-reset": "60",
        "x-correlation-id": "2a5a3bf1-f305-4db0-9b1a-48f1abdd693c",
        "content-type": "application/json; charset=utf-8",
        "content-length": "116",
        "etag": "W/\"74-/b46aDDUaZf4MZqJ7pPQf3/bWeQ\""
      }
    }
    [35mresponseTime[39m: 8
[14:15:50.334] [32mINFO[39m (16748): [36mrequest completed[39m
    [35mreq[39m: {
      "id": 87,
      "method": "GET",
      "url": "/api/v1/operations/bootstrap",
      "query": {},
      "params": {
        "path": [
          "v1",
          "operations",
          "bootstrap"
        ]
      },
      "headers": {
        "host": "localhost:4000",
        "connection": "keep-alive",
        "authorization": "Bearer eyJhbGciOiJIUzI1NiIsInR5cCI6IkpXVCJ9.eyJzdWIiOiJ1c2VyLWFkbWluIiwiZW1haWwiOiJhZG1pbkBndW5nbmlyLmxvY2FsIiwicm9sZXMiOlsiYWRtaW4iXSwiaWF0IjoxNzc5MTI3ODUyLCJleHAiOjE3NzkxMjg3NTJ9.Y9SQHLJLtvfaJeValbCE-gC__xFDJSQxJCfzyOh7Rb0",
        "accept": "*/*",
        "accept-language": "*",
        "sec-fetch-mode": "cors",
        "user-agent": "node",
        "pragma": "no-cache",
        "cache-control": "no-cache",
        "accept-encoding": "gzip, deflate"
      },
      "remoteAddress": "127.0.0.1",
      "remotePort": 55673
    }
    [35mres[39m: {
      "statusCode": 200,
      "headers": {
        "content-security-policy": "default-src 'self';base-uri 'self';font-src 'self' https: data:;form-action 'self';frame-ancestors 'self';img-src 'self' data:;object-src 'none';script-src 'self';script-src-attr 'none';style-src 'self' https: 'unsafe-inline';upgrade-insecure-requests",
        "cross-origin-opener-policy": "same-origin",
        "cross-origin-resource-policy": "same-origin",
        "origin-agent-cluster": "?1",
        "referrer-policy": "no-referrer",
        "strict-transport-security": "max-age=31536000; includeSubDomains",
        "x-content-type-options": "nosniff",
        "x-dns-prefetch-control": "off",
        "x-download-options": "noopen",
        "x-frame-options": "SAMEORIGIN",
        "x-permitted-cross-domain-policies": "none",
        "x-xss-protection": "0",
        "vary": "Origin",
        "access-control-allow-credentials": "true",
        "x-ratelimit-limit": "120",
        "x-ratelimit-remaining": "119",
        "x-ratelimit-reset": "60",
        "x-correlation-id": "83a1aff4-bda8-4a89-8454-385c66a32c5f",
        "content-type": "application/json; charset=utf-8",
        "content-length": "1660",
        "etag": "W/\"67c-puzmqMxklipjCQ7YyFTMCAQlx4g\""
      }
    }
    [35mresponseTime[39m: 14
[14:15:55.443] [32mINFO[39m (16748): [36mrequest completed[39m
    [35mreq[39m: {
      "id": 88,
      "method": "GET",
      "url": "/api/auth/me",
      "query": {},
      "params": {
        "path": [
          "auth",
          "me"
        ]
      },
      "headers": {
        "host": "localhost:4000",
        "connection": "keep-alive",
        "authorization": "Bearer eyJhbGciOiJIUzI1NiIsInR5cCI6IkpXVCJ9.eyJzdWIiOiJ1c2VyLWFkbWluIiwiZW1haWwiOiJhZG1pbkBndW5nbmlyLmxvY2FsIiwicm9sZXMiOlsiYWRtaW4iXSwiaWF0IjoxNzc5MTI3ODUyLCJleHAiOjE3NzkxMjg3NTJ9.Y9SQHLJLtvfaJeValbCE-gC__xFDJSQxJCfzyOh7Rb0",
        "accept": "*/*",
        "accept-language": "*",
        "sec-fetch-mode": "cors",
        "user-agent": "node",
        "pragma": "no-cache",
        "cache-control": "no-cache",
        "accept-encoding": "gzip, deflate"
      },
      "remoteAddress": "127.0.0.1",
      "remotePort": 55682
    }
    [35mres[39m: {
      "statusCode": 200,
      "headers": {
        "content-security-policy": "default-src 'self';base-uri 'self';font-src 'self' https: data:;form-action 'self';frame-ancestors 'self';img-src 'self' data:;object-src 'none';script-src 'self';script-src-attr 'none';style-src 'self' https: 'unsafe-inline';upgrade-insecure-requests",
        "cross-origin-opener-policy": "same-origin",
        "cross-origin-resource-policy": "same-origin",
        "origin-agent-cluster": "?1",
        "referrer-policy": "no-referrer",
        "strict-transport-security": "max-age=31536000; includeSubDomains",
        "x-content-type-options": "nosniff",
        "x-dns-prefetch-control": "off",
        "x-download-options": "noopen",
        "x-frame-options": "SAMEORIGIN",
        "x-permitted-cross-domain-policies": "none",
        "x-xss-protection": "0",
        "vary": "Origin",
        "access-control-allow-credentials": "true",
        "x-ratelimit-limit": "120",
        "x-ratelimit-remaining": "118",
        "x-ratelimit-reset": "55",
        "x-correlation-id": "b6a5b4b8-fc4d-4741-b090-90419be93ed8",
        "content-type": "application/json; charset=utf-8",
        "content-length": "116",
        "etag": "W/\"74-/b46aDDUaZf4MZqJ7pPQf3/bWeQ\""
      }
    }
    [35mresponseTime[39m: 5
[14:15:55.466] [32mINFO[39m (16748): [36mrequest completed[39m
    [35mreq[39m: {
      "id": 89,
      "method": "GET",
      "url": "/api/v1/operations/bootstrap",
      "query": {},
      "params": {
        "path": [
          "v1",
          "operations",
          "bootstrap"
        ]
      },
      "headers": {
        "host": "localhost:4000",
        "connection": "keep-alive",
        "authorization": "Bearer eyJhbGciOiJIUzI1NiIsInR5cCI6IkpXVCJ9.eyJzdWIiOiJ1c2VyLWFkbWluIiwiZW1haWwiOiJhZG1pbkBndW5nbmlyLmxvY2FsIiwicm9sZXMiOlsiYWRtaW4iXSwiaWF0IjoxNzc5MTI3ODUyLCJleHAiOjE3NzkxMjg3NTJ9.Y9SQHLJLtvfaJeValbCE-gC__xFDJSQxJCfzyOh7Rb0",
        "accept": "*/*",
        "accept-language": "*",
        "sec-fetch-mode": "cors",
        "user-agent": "node",
        "pragma": "no-cache",
        "cache-control": "no-cache",
        "accept-encoding": "gzip, deflate"
      },
      "remoteAddress": "127.0.0.1",
      "remotePort": 55684
    }
    [35mres[39m: {
      "statusCode": 200,
      "headers": {
        "content-security-policy": "default-src 'self';base-uri 'self';font-src 'self' https: data:;form-action 'self';frame-ancestors 'self';img-src 'self' data:;object-src 'none';script-src 'self';script-src-attr 'none';style-src 'self' https: 'unsafe-inline';upgrade-insecure-requests",
        "cross-origin-opener-policy": "same-origin",
        "cross-origin-resource-policy": "same-origin",
        "origin-agent-cluster": "?1",
        "referrer-policy": "no-referrer",
        "strict-transport-security": "max-age=31536000; includeSubDomains",
        "x-content-type-options": "nosniff",
        "x-dns-prefetch-control": "off",
        "x-download-options": "noopen",
        "x-frame-options": "SAMEORIGIN",
        "x-permitted-cross-domain-policies": "none",
        "x-xss-protection": "0",
        "vary": "Origin",
        "access-control-allow-credentials": "true",
        "x-ratelimit-limit": "120",
        "x-ratelimit-remaining": "118",
        "x-ratelimit-reset": "55",
        "x-correlation-id": "5c3e21ae-76a9-4e59-98e8-ebb08c0099c7",
        "content-type": "application/json; charset=utf-8",
        "content-length": "1660",
        "etag": "W/\"67c-+MAoadJq3QkW5TDda4/4Dr0R2wI\""
      }
    }
    [35mresponseTime[39m: 13
[14:15:58.125] [32mINFO[39m (16748): [36mrequest completed[39m
    [35mreq[39m: {
      "id": 90,
      "method": "GET",
      "url": "/api/auth/me",
      "query": {},
      "params": {
        "path": [
          "auth",
          "me"
        ]
      },
      "headers": {
        "host": "localhost:4000",
        "connection": "keep-alive",
        "authorization": "Bearer eyJhbGciOiJIUzI1NiIsInR5cCI6IkpXVCJ9.eyJzdWIiOiJ1c2VyLWFkbWluIiwiZW1haWwiOiJhZG1pbkBndW5nbmlyLmxvY2FsIiwicm9sZXMiOlsiYWRtaW4iXSwiaWF0IjoxNzc5MTI3ODUyLCJleHAiOjE3NzkxMjg3NTJ9.Y9SQHLJLtvfaJeValbCE-gC__xFDJSQxJCfzyOh7Rb0",
        "accept": "*/*",
        "accept-language": "*",
        "sec-fetch-mode": "cors",
        "user-agent": "node",
        "pragma": "no-cache",
        "cache-control": "no-cache",
        "accept-encoding": "gzip, deflate"
      },
      "remoteAddress": "127.0.0.1",
      "remotePort": 55682
    }
    [35mres[39m: {
      "statusCode": 200,
      "headers": {
        "content-security-policy": "default-src 'self';base-uri 'self';font-src 'self' https: data:;form-action 'self';frame-ancestors 'self';img-src 'self' data:;object-src 'none';script-src 'self';script-src-attr 'none';style-src 'self' https: 'unsafe-inline';upgrade-insecure-requests",
        "cross-origin-opener-policy": "same-origin",
        "cross-origin-resource-policy": "same-origin",
        "origin-agent-cluster": "?1",
        "referrer-policy": "no-referrer",
        "strict-transport-security": "max-age=31536000; includeSubDomains",
        "x-content-type-options": "nosniff",
        "x-dns-prefetch-control": "off",
        "x-download-options": "noopen",
        "x-frame-options": "SAMEORIGIN",
        "x-permitted-cross-domain-policies": "none",
        "x-xss-protection": "0",
        "vary": "Origin",
        "access-control-allow-credentials": "true",
        "x-ratelimit-limit": "120",
        "x-ratelimit-remaining": "117",
        "x-ratelimit-reset": "53",
        "x-correlation-id": "25995503-af02-4880-a709-5ed7c119a357",
        "content-type": "application/json; charset=utf-8",
        "content-length": "116",
        "etag": "W/\"74-/b46aDDUaZf4MZqJ7pPQf3/bWeQ\""
      }
    }
    [35mresponseTime[39m: 6
[14:15:58.142] [32mINFO[39m (16748): [36mrequest completed[39m
    [35mreq[39m: {
      "id": 91,
      "method": "GET",
      "url": "/api/v1/operations/snapshot",
      "query": {},
      "params": {
        "path": [
          "v1",
          "operations",
          "snapshot"
        ]
      },
      "headers": {
        "host": "localhost:4000",
        "connection": "keep-alive",
        "authorization": "Bearer eyJhbGciOiJIUzI1NiIsInR5cCI6IkpXVCJ9.eyJzdWIiOiJ1c2VyLWFkbWluIiwiZW1haWwiOiJhZG1pbkBndW5nbmlyLmxvY2FsIiwicm9sZXMiOlsiYWRtaW4iXSwiaWF0IjoxNzc5MTI3ODUyLCJleHAiOjE3NzkxMjg3NTJ9.Y9SQHLJLtvfaJeValbCE-gC__xFDJSQxJCfzyOh7Rb0",
        "accept": "*/*",
        "accept-language": "*",
        "sec-fetch-mode": "cors",
        "user-agent": "node",
        "pragma": "no-cache",
        "cache-control": "no-cache",
        "accept-encoding": "gzip, deflate"
      },
      "remoteAddress": "127.0.0.1",
      "remotePort": 55684
    }
    [35mres[39m: {
      "statusCode": 200,
      "headers": {
        "content-security-policy": "default-src 'self';base-uri 'self';font-src 'self' https: data:;form-action 'self';frame-ancestors 'self';img-src 'self' data:;object-src 'none';script-src 'self';script-src-attr 'none';style-src 'self' https: 'unsafe-inline';upgrade-insecure-requests",
        "cross-origin-opener-policy": "same-origin",
        "cross-origin-resource-policy": "same-origin",
        "origin-agent-cluster": "?1",
        "referrer-policy": "no-referrer",
        "strict-transport-security": "max-age=31536000; includeSubDomains",
        "x-content-type-options": "nosniff",
        "x-dns-prefetch-control": "off",
        "x-download-options": "noopen",
        "x-frame-options": "SAMEORIGIN",
        "x-permitted-cross-domain-policies": "none",
        "x-xss-protection": "0",
        "vary": "Origin",
        "access-control-allow-credentials": "true",
        "x-ratelimit-limit": "120",
        "x-ratelimit-remaining": "119",
        "x-ratelimit-reset": "60",
        "x-correlation-id": "4c628369-8c57-4d04-a377-5701a9cbb8b0",
        "content-type": "application/json; charset=utf-8",
        "content-length": "1379",
        "etag": "W/\"563-axCvjgdm6sWi1wVRNb5Zw5Ffvds\""
      }
    }
    [35mresponseTime[39m: 11
[14:15:58.599] [34mDEBUG[39m (16748): [36mRealtime client connected: 1d3p7ZXtdkD8SzJNAAAF[39m
    [35mcontext[39m: "RealtimeGateway"
[14:15:58.898] [32mINFO[39m (16748): [36mrequest completed[39m
    [35mreq[39m: {
      "id": 92,
      "method": "GET",
      "url": "/api/auth/me",
      "query": {},
      "params": {
        "path": [
          "auth",
          "me"
        ]
      },
      "headers": {
        "host": "localhost:4000",
        "connection": "keep-alive",
        "authorization": "Bearer eyJhbGciOiJIUzI1NiIsInR5cCI6IkpXVCJ9.eyJzdWIiOiJ1c2VyLWFkbWluIiwiZW1haWwiOiJhZG1pbkBndW5nbmlyLmxvY2FsIiwicm9sZXMiOlsiYWRtaW4iXSwiaWF0IjoxNzc5MTI3ODUyLCJleHAiOjE3NzkxMjg3NTJ9.Y9SQHLJLtvfaJeValbCE-gC__xFDJSQxJCfzyOh7Rb0",
        "accept": "*/*",
        "accept-language": "*",
        "sec-fetch-mode": "cors",
        "user-agent": "node",
        "pragma": "no-cache",
        "cache-control": "no-cache",
        "accept-encoding": "gzip, deflate"
      },
      "remoteAddress": "127.0.0.1",
      "remotePort": 55682
    }
    [35mres[39m: {
      "statusCode": 200,
      "headers": {
        "content-security-policy": "default-src 'self';base-uri 'self';font-src 'self' https: data:;form-action 'self';frame-ancestors 'self';img-src 'self' data:;object-src 'none';script-src 'self';script-src-attr 'none';style-src 'self' https: 'unsafe-inline';upgrade-insecure-requests",
        "cross-origin-opener-policy": "same-origin",
        "cross-origin-resource-policy": "same-origin",
        "origin-agent-cluster": "?1",
        "referrer-policy": "no-referrer",
        "strict-transport-security": "max-age=31536000; includeSubDomains",
        "x-content-type-options": "nosniff",
        "x-dns-prefetch-control": "off",
        "x-download-options": "noopen",
        "x-frame-options": "SAMEORIGIN",
        "x-permitted-cross-domain-policies": "none",
        "x-xss-protection": "0",
        "vary": "Origin",
        "access-control-allow-credentials": "true",
        "x-ratelimit-limit": "120",
        "x-ratelimit-remaining": "116",
        "x-ratelimit-reset": "52",
        "x-correlation-id": "223b403d-5300-4b90-a8e4-d51e30eea719",
        "content-type": "application/json; charset=utf-8",
        "content-length": "116",
        "etag": "W/\"74-/b46aDDUaZf4MZqJ7pPQf3/bWeQ\""
      }
    }
    [35mresponseTime[39m: 5
[14:15:58.918] [32mINFO[39m (16748): [36mrequest completed[39m
    [35mreq[39m: {
      "id": 93,
      "method": "GET",
      "url": "/api/v1/operations/bootstrap",
      "query": {},
      "params": {
        "path": [
          "v1",
          "operations",
          "bootstrap"
        ]
      },
      "headers": {
        "host": "localhost:4000",
        "connection": "keep-alive",
        "authorization": "Bearer eyJhbGciOiJIUzI1NiIsInR5cCI6IkpXVCJ9.eyJzdWIiOiJ1c2VyLWFkbWluIiwiZW1haWwiOiJhZG1pbkBndW5nbmlyLmxvY2FsIiwicm9sZXMiOlsiYWRtaW4iXSwiaWF0IjoxNzc5MTI3ODUyLCJleHAiOjE3NzkxMjg3NTJ9.Y9SQHLJLtvfaJeValbCE-gC__xFDJSQxJCfzyOh7Rb0",
        "accept": "*/*",
        "accept-language": "*",
        "sec-fetch-mode": "cors",
        "user-agent": "node",
        "pragma": "no-cache",
        "cache-control": "no-cache",
        "accept-encoding": "gzip, deflate"
      },
      "remoteAddress": "127.0.0.1",
      "remotePort": 55684
    }
    [35mres[39m: {
      "statusCode": 200,
      "headers": {
        "content-security-policy": "default-src 'self';base-uri 'self';font-src 'self' https: data:;form-action 'self';frame-ancestors 'self';img-src 'self' data:;object-src 'none';script-src 'self';script-src-attr 'none';style-src 'self' https: 'unsafe-inline';upgrade-insecure-requests",
        "cross-origin-opener-policy": "same-origin",
        "cross-origin-resource-policy": "same-origin",
        "origin-agent-cluster": "?1",
        "referrer-policy": "no-referrer",
        "strict-transport-security": "max-age=31536000; includeSubDomains",
        "x-content-type-options": "nosniff",
        "x-dns-prefetch-control": "off",
        "x-download-options": "noopen",
        "x-frame-options": "SAMEORIGIN",
        "x-permitted-cross-domain-policies": "none",
        "x-xss-protection": "0",
        "vary": "Origin",
        "access-control-allow-credentials": "true",
        "x-ratelimit-limit": "120",
        "x-ratelimit-remaining": "117",
        "x-ratelimit-reset": "52",
        "x-correlation-id": "99b7037c-5b52-41d9-af01-ed2e19f45f54",
        "content-type": "application/json; charset=utf-8",
        "content-length": "1660",
        "etag": "W/\"67c-FwsBWka26Takwidqm9CiqAuTcd0\""
      }
    }
    [35mresponseTime[39m: 13
[14:15:58.987] [32mINFO[39m (16748): [36mrequest completed[39m
    [35mreq[39m: {
      "id": 94,
      "method": "GET",
      "url": "/api/auth/me",
      "query": {},
      "params": {
        "path": [
          "auth",
          "me"
        ]
      },
      "headers": {
        "host": "localhost:4000",
        "connection": "keep-alive",
        "authorization": "Bearer eyJhbGciOiJIUzI1NiIsInR5cCI6IkpXVCJ9.eyJzdWIiOiJ1c2VyLWFkbWluIiwiZW1haWwiOiJhZG1pbkBndW5nbmlyLmxvY2FsIiwicm9sZXMiOlsiYWRtaW4iXSwiaWF0IjoxNzc5MTI3ODUyLCJleHAiOjE3NzkxMjg3NTJ9.Y9SQHLJLtvfaJeValbCE-gC__xFDJSQxJCfzyOh7Rb0",
        "accept": "*/*",
        "accept-language": "*",
        "sec-fetch-mode": "cors",
        "user-agent": "node",
        "pragma": "no-cache",
        "cache-control": "no-cache",
        "accept-encoding": "gzip, deflate"
      },
      "remoteAddress": "127.0.0.1",
      "remotePort": 55682
    }
    [35mres[39m: {
      "statusCode": 200,
      "headers": {
        "content-security-policy": "default-src 'self';base-uri 'self';font-src 'self' https: data:;form-action 'self';frame-ancestors 'self';img-src 'self' data:;object-src 'none';script-src 'self';script-src-attr 'none';style-src 'self' https: 'unsafe-inline';upgrade-insecure-requests",
        "cross-origin-opener-policy": "same-origin",
        "cross-origin-resource-policy": "same-origin",
        "origin-agent-cluster": "?1",
        "referrer-policy": "no-referrer",
        "strict-transport-security": "max-age=31536000; includeSubDomains",
        "x-content-type-options": "nosniff",
        "x-dns-prefetch-control": "off",
        "x-download-options": "noopen",
        "x-frame-options": "SAMEORIGIN",
        "x-permitted-cross-domain-policies": "none",
        "x-xss-protection": "0",
        "vary": "Origin",
        "access-control-allow-credentials": "true",
        "x-ratelimit-limit": "120",
        "x-ratelimit-remaining": "115",
        "x-ratelimit-reset": "52",
        "x-correlation-id": "dbcf7ab9-b02d-404b-a695-c50364e85945",
        "content-type": "application/json; charset=utf-8",
        "content-length": "116",
        "etag": "W/\"74-/b46aDDUaZf4MZqJ7pPQf3/bWeQ\""
      }
    }
    [35mresponseTime[39m: 6
[14:15:59.036] [32mINFO[39m (16748): [36mrequest completed[39m
    [35mreq[39m: {
      "id": 95,
      "method": "GET",
      "url": "/api/v1/operations/snapshot",
      "query": {},
      "params": {
        "path": [
          "v1",
          "operations",
          "snapshot"
        ]
      },
      "headers": {
        "host": "localhost:4000",
        "connection": "keep-alive",
        "authorization": "Bearer eyJhbGciOiJIUzI1NiIsInR5cCI6IkpXVCJ9.eyJzdWIiOiJ1c2VyLWFkbWluIiwiZW1haWwiOiJhZG1pbkBndW5nbmlyLmxvY2FsIiwicm9sZXMiOlsiYWRtaW4iXSwiaWF0IjoxNzc5MTI3ODUyLCJleHAiOjE3NzkxMjg3NTJ9.Y9SQHLJLtvfaJeValbCE-gC__xFDJSQxJCfzyOh7Rb0",
        "accept": "*/*",
        "accept-language": "*",
        "sec-fetch-mode": "cors",
        "user-agent": "node",
        "pragma": "no-cache",
        "cache-control": "no-cache",
        "accept-encoding": "gzip, deflate"
      },
      "remoteAddress": "127.0.0.1",
      "remotePort": 55684
    }
    [35mres[39m: {
      "statusCode": 200,
      "headers": {
        "content-security-policy": "default-src 'self';base-uri 'self';font-src 'self' https: data:;form-action 'self';frame-ancestors 'self';img-src 'self' data:;object-src 'none';script-src 'self';script-src-attr 'none';style-src 'self' https: 'unsafe-inline';upgrade-insecure-requests",
        "cross-origin-opener-policy": "same-origin",
        "cross-origin-resource-policy": "same-origin",
        "origin-agent-cluster": "?1",
        "referrer-policy": "no-referrer",
        "strict-transport-security": "max-age=31536000; includeSubDomains",
        "x-content-type-options": "nosniff",
        "x-dns-prefetch-control": "off",
        "x-download-options": "noopen",
        "x-frame-options": "SAMEORIGIN",
        "x-permitted-cross-domain-policies": "none",
        "x-xss-protection": "0",
        "vary": "Origin",
        "access-control-allow-credentials": "true",
        "x-ratelimit-limit": "120",
        "x-ratelimit-remaining": "118",
        "x-ratelimit-reset": "60",
        "x-correlation-id": "9735ffdd-f121-4075-ad4d-b37ab2d5959c",
        "content-type": "application/json; charset=utf-8",
        "content-length": "1379",
        "etag": "W/\"563-axCvjgdm6sWi1wVRNb5Zw5Ffvds\""
      }
    }
    [35mresponseTime[39m: 10
[14:15:59.049] [32mINFO[39m (16748): [36mrequest completed[39m
    [35mreq[39m: {
      "id": 96,
      "method": "GET",
      "url": "/api/tracks/current",
      "query": {},
      "params": {
        "path": [
          "tracks",
          "current"
        ]
      },
      "headers": {
        "host": "localhost:4000",
        "connection": "keep-alive",
        "authorization": "Bearer eyJhbGciOiJIUzI1NiIsInR5cCI6IkpXVCJ9.eyJzdWIiOiJ1c2VyLWFkbWluIiwiZW1haWwiOiJhZG1pbkBndW5nbmlyLmxvY2FsIiwicm9sZXMiOlsiYWRtaW4iXSwiaWF0IjoxNzc5MTI3ODUyLCJleHAiOjE3NzkxMjg3NTJ9.Y9SQHLJLtvfaJeValbCE-gC__xFDJSQxJCfzyOh7Rb0",
        "accept": "*/*",
        "accept-language": "*",
        "sec-fetch-mode": "cors",
        "user-agent": "node",
        "pragma": "no-cache",
        "cache-control": "no-cache",
        "accept-encoding": "gzip, deflate"
      },
      "remoteAddress": "127.0.0.1",
      "remotePort": 55682
    }
    [35mres[39m: {
      "statusCode": 200,
      "headers": {
        "content-security-policy": "default-src 'self';base-uri 'self';font-src 'self' https: data:;form-action 'self';frame-ancestors 'self';img-src 'self' data:;object-src 'none';script-src 'self';script-src-attr 'none';style-src 'self' https: 'unsafe-inline';upgrade-insecure-requests",
        "cross-origin-opener-policy": "same-origin",
        "cross-origin-resource-policy": "same-origin",
        "origin-agent-cluster": "?1",
        "referrer-policy": "no-referrer",
        "strict-transport-security": "max-age=31536000; includeSubDomains",
        "x-content-type-options": "nosniff",
        "x-dns-prefetch-control": "off",
        "x-download-options": "noopen",
        "x-frame-options": "SAMEORIGIN",
        "x-permitted-cross-domain-policies": "none",
        "x-xss-protection": "0",
        "vary": "Origin",
        "access-control-allow-credentials": "true",
        "x-ratelimit-limit": "120",
        "x-ratelimit-remaining": "119",
        "x-ratelimit-reset": "60",
        "x-correlation-id": "979c6f8a-4ec8-458e-bbdf-3c120c9cc4b7",
        "content-type": "application/json; charset=utf-8",
        "content-length": "2",
        "etag": "W/\"2-l9Fw4VUO7kr8CvBlt4zaMCqXZ0w\""
      }
    }
    [35mresponseTime[39m: 2
[14:15:59.092] [32mINFO[39m (16748): [36mrequest completed[39m
    [35mreq[39m: {
      "id": 97,
      "method": "GET",
      "url": "/api/telemetry",
      "query": {},
      "params": {
        "path": [
          "telemetry"
        ]
      },
      "headers": {
        "host": "localhost:4000",
        "connection": "keep-alive",
        "authorization": "Bearer eyJhbGciOiJIUzI1NiIsInR5cCI6IkpXVCJ9.eyJzdWIiOiJ1c2VyLWFkbWluIiwiZW1haWwiOiJhZG1pbkBndW5nbmlyLmxvY2FsIiwicm9sZXMiOlsiYWRtaW4iXSwiaWF0IjoxNzc5MTI3ODUyLCJleHAiOjE3NzkxMjg3NTJ9.Y9SQHLJLtvfaJeValbCE-gC__xFDJSQxJCfzyOh7Rb0",
        "accept": "*/*",
        "accept-language": "*",
        "sec-fetch-mode": "cors",
        "user-agent": "node",
        "pragma": "no-cache",
        "cache-control": "no-cache",
        "accept-encoding": "gzip, deflate"
      },
      "remoteAddress": "127.0.0.1",
      "remotePort": 55684
    }
    [35mres[39m: {
      "statusCode": 200,
      "headers": {
        "content-security-policy": "default-src 'self';base-uri 'self';font-src 'self' https: data:;form-action 'self';frame-ancestors 'self';img-src 'self' data:;object-src 'none';script-src 'self';script-src-attr 'none';style-src 'self' https: 'unsafe-inline';upgrade-insecure-requests",
        "cross-origin-opener-policy": "same-origin",
        "cross-origin-resource-policy": "same-origin",
        "origin-agent-cluster": "?1",
        "referrer-policy": "no-referrer",
        "strict-transport-security": "max-age=31536000; includeSubDomains",
        "x-content-type-options": "nosniff",
        "x-dns-prefetch-control": "off",
        "x-download-options": "noopen",
        "x-frame-options": "SAMEORIGIN",
        "x-permitted-cross-domain-policies": "none",
        "x-xss-protection": "0",
        "vary": "Origin",
        "access-control-allow-credentials": "true",
        "x-ratelimit-limit": "120",
        "x-ratelimit-remaining": "119",
        "x-ratelimit-reset": "60",
        "x-correlation-id": "d7e11085-012b-4d33-af58-083c7a01f8cc",
        "content-type": "application/json; charset=utf-8",
        "content-length": "426",
        "etag": "W/\"1aa-bjbCYD4WhTpb5Q/I7yK/VOE8NPE\""
      }
    }
    [35mresponseTime[39m: 4
[14:15:59.102] [32mINFO[39m (16748): [36mrequest completed[39m
    [35mreq[39m: {
      "id": 98,
      "method": "GET",
      "url": "/api/devices",
      "query": {},
      "params": {
        "path": [
          "devices"
        ]
      },
      "headers": {
        "host": "localhost:4000",
        "connection": "keep-alive",
        "authorization": "Bearer eyJhbGciOiJIUzI1NiIsInR5cCI6IkpXVCJ9.eyJzdWIiOiJ1c2VyLWFkbWluIiwiZW1haWwiOiJhZG1pbkBndW5nbmlyLmxvY2FsIiwicm9sZXMiOlsiYWRtaW4iXSwiaWF0IjoxNzc5MTI3ODUyLCJleHAiOjE3NzkxMjg3NTJ9.Y9SQHLJLtvfaJeValbCE-gC__xFDJSQxJCfzyOh7Rb0",
        "accept": "*/*",
        "accept-language": "*",
        "sec-fetch-mode": "cors",
        "user-agent": "node",
        "pragma": "no-cache",
        "cache-control": "no-cache",
        "accept-encoding": "gzip, deflate"
      },
      "remoteAddress": "127.0.0.1",
      "remotePort": 51961
    }
    [35mres[39m: {
      "statusCode": 200,
      "headers": {
        "content-security-policy": "default-src 'self';base-uri 'self';font-src 'self' https: data:;form-action 'self';frame-ancestors 'self';img-src 'self' data:;object-src 'none';script-src 'self';script-src-attr 'none';style-src 'self' https: 'unsafe-inline';upgrade-insecure-requests",
        "cross-origin-opener-policy": "same-origin",
        "cross-origin-resource-policy": "same-origin",
        "origin-agent-cluster": "?1",
        "referrer-policy": "no-referrer",
        "strict-transport-security": "max-age=31536000; includeSubDomains",
        "x-content-type-options": "nosniff",
        "x-dns-prefetch-control": "off",
        "x-download-options": "noopen",
        "x-frame-options": "SAMEORIGIN",
        "x-permitted-cross-domain-policies": "none",
        "x-xss-protection": "0",
        "vary": "Origin",
        "access-control-allow-credentials": "true",
        "x-ratelimit-limit": "120",
        "x-ratelimit-remaining": "119",
        "x-ratelimit-reset": "60",
        "x-correlation-id": "2a28bdaa-26ca-4691-80be-4c0f851515e7",
        "content-type": "application/json; charset=utf-8",
        "content-length": "391",
        "etag": "W/\"187-wFixndeDMExMbypLdc/dp5I7KtI\""
      }
    }
    [35mresponseTime[39m: 4
[14:15:59.103] [32mINFO[39m (16748): [36mrequest completed[39m
    [35mreq[39m: {
      "id": 99,
      "method": "GET",
      "url": "/api/tracks/history",
      "query": {},
      "params": {
        "path": [
          "tracks",
          "history"
        ]
      },
      "headers": {
        "host": "localhost:4000",
        "connection": "keep-alive",
        "authorization": "Bearer eyJhbGciOiJIUzI1NiIsInR5cCI6IkpXVCJ9.eyJzdWIiOiJ1c2VyLWFkbWluIiwiZW1haWwiOiJhZG1pbkBndW5nbmlyLmxvY2FsIiwicm9sZXMiOlsiYWRtaW4iXSwiaWF0IjoxNzc5MTI3ODUyLCJleHAiOjE3NzkxMjg3NTJ9.Y9SQHLJLtvfaJeValbCE-gC__xFDJSQxJCfzyOh7Rb0",
        "accept": "*/*",
        "accept-language": "*",
        "sec-fetch-mode": "cors",
        "user-agent": "node",
        "pragma": "no-cache",
        "cache-control": "no-cache",
        "accept-encoding": "gzip, deflate"
      },
      "remoteAddress": "127.0.0.1",
      "remotePort": 51963
    }
    [35mres[39m: {
      "statusCode": 200,
      "headers": {
        "content-security-policy": "default-src 'self';base-uri 'self';font-src 'self' https: data:;form-action 'self';frame-ancestors 'self';img-src 'self' data:;object-src 'none';script-src 'self';script-src-attr 'none';style-src 'self' https: 'unsafe-inline';upgrade-insecure-requests",
        "cross-origin-opener-policy": "same-origin",
        "cross-origin-resource-policy": "same-origin",
        "origin-agent-cluster": "?1",
        "referrer-policy": "no-referrer",
        "strict-transport-security": "max-age=31536000; includeSubDomains",
        "x-content-type-options": "nosniff",
        "x-dns-prefetch-control": "off",
        "x-download-options": "noopen",
        "x-frame-options": "SAMEORIGIN",
        "x-permitted-cross-domain-policies": "none",
        "x-xss-protection": "0",
        "vary": "Origin",
        "access-control-allow-credentials": "true",
        "x-ratelimit-limit": "120",
        "x-ratelimit-remaining": "119",
        "x-ratelimit-reset": "60",
        "x-correlation-id": "dc87dc38-228b-49d6-9a58-8c84ca10049a",
        "content-type": "application/json; charset=utf-8",
        "content-length": "2",
        "etag": "W/\"2-l9Fw4VUO7kr8CvBlt4zaMCqXZ0w\""
      }
    }
    [35mresponseTime[39m: 3
[14:15:59.140] [32mINFO[39m (16748): [36mrequest completed[39m
    [35mreq[39m: {
      "id": 101,
      "method": "GET",
      "url": "/api/missions",
      "query": {},
      "params": {
        "path": [
          "missions"
        ]
      },
      "headers": {
        "host": "localhost:4000",
        "connection": "keep-alive",
        "authorization": "Bearer eyJhbGciOiJIUzI1NiIsInR5cCI6IkpXVCJ9.eyJzdWIiOiJ1c2VyLWFkbWluIiwiZW1haWwiOiJhZG1pbkBndW5nbmlyLmxvY2FsIiwicm9sZXMiOlsiYWRtaW4iXSwiaWF0IjoxNzc5MTI3ODUyLCJleHAiOjE3NzkxMjg3NTJ9.Y9SQHLJLtvfaJeValbCE-gC__xFDJSQxJCfzyOh7Rb0",
        "accept": "*/*",
        "accept-language": "*",
        "sec-fetch-mode": "cors",
        "user-agent": "node",
        "pragma": "no-cache",
        "cache-control": "no-cache",
        "accept-encoding": "gzip, deflate"
      },
      "remoteAddress": "127.0.0.1",
      "remotePort": 55684
    }
    [35mres[39m: {
      "statusCode": 200,
      "headers": {
        "content-security-policy": "default-src 'self';base-uri 'self';font-src 'self' https: data:;form-action 'self';frame-ancestors 'self';img-src 'self' data:;object-src 'none';script-src 'self';script-src-attr 'none';style-src 'self' https: 'unsafe-inline';upgrade-insecure-requests",
        "cross-origin-opener-policy": "same-origin",
        "cross-origin-resource-policy": "same-origin",
        "origin-agent-cluster": "?1",
        "referrer-policy": "no-referrer",
        "strict-transport-security": "max-age=31536000; includeSubDomains",
        "x-content-type-options": "nosniff",
        "x-dns-prefetch-control": "off",
        "x-download-options": "noopen",
        "x-frame-options": "SAMEORIGIN",
        "x-permitted-cross-domain-policies": "none",
        "x-xss-protection": "0",
        "vary": "Origin",
        "access-control-allow-credentials": "true",
        "x-ratelimit-limit": "120",
        "x-ratelimit-remaining": "119",
        "x-ratelimit-reset": "60",
        "x-correlation-id": "bd76309e-6ed2-4951-9160-6e3c7188b233",
        "content-type": "application/json; charset=utf-8",
        "content-length": "2",
        "etag": "W/\"2-l9Fw4VUO7kr8CvBlt4zaMCqXZ0w\""
      }
    }
    [35mresponseTime[39m: 2
[14:15:59.140] [32mINFO[39m (16748): [36mrequest completed[39m
    [35mreq[39m: {
      "id": 100,
      "method": "GET",
      "url": "/api/commands",
      "query": {},
      "params": {
        "path": [
          "commands"
        ]
      },
      "headers": {
        "host": "localhost:4000",
        "connection": "keep-alive",
        "authorization": "Bearer eyJhbGciOiJIUzI1NiIsInR5cCI6IkpXVCJ9.eyJzdWIiOiJ1c2VyLWFkbWluIiwiZW1haWwiOiJhZG1pbkBndW5nbmlyLmxvY2FsIiwicm9sZXMiOlsiYWRtaW4iXSwiaWF0IjoxNzc5MTI3ODUyLCJleHAiOjE3NzkxMjg3NTJ9.Y9SQHLJLtvfaJeValbCE-gC__xFDJSQxJCfzyOh7Rb0",
        "accept": "*/*",
        "accept-language": "*",
        "sec-fetch-mode": "cors",
        "user-agent": "node",
        "pragma": "no-cache",
        "cache-control": "no-cache",
        "accept-encoding": "gzip, deflate"
      },
      "remoteAddress": "127.0.0.1",
      "remotePort": 55682
    }
    [35mres[39m: {
      "statusCode": 200,
      "headers": {
        "content-security-policy": "default-src 'self';base-uri 'self';font-src 'self' https: data:;form-action 'self';frame-ancestors 'self';img-src 'self' data:;object-src 'none';script-src 'self';script-src-attr 'none';style-src 'self' https: 'unsafe-inline';upgrade-insecure-requests",
        "cross-origin-opener-policy": "same-origin",
        "cross-origin-resource-policy": "same-origin",
        "origin-agent-cluster": "?1",
        "referrer-policy": "no-referrer",
        "strict-transport-security": "max-age=31536000; includeSubDomains",
        "x-content-type-options": "nosniff",
        "x-dns-prefetch-control": "off",
        "x-download-options": "noopen",
        "x-frame-options": "SAMEORIGIN",
        "x-permitted-cross-domain-policies": "none",
        "x-xss-protection": "0",
        "vary": "Origin",
        "access-control-allow-credentials": "true",
        "x-ratelimit-limit": "120",
        "x-ratelimit-remaining": "119",
        "x-ratelimit-reset": "60",
        "x-correlation-id": "b326eb9a-3eee-49c8-9f1a-10bdc0e55e12",
        "content-type": "application/json; charset=utf-8",
        "content-length": "2",
        "etag": "W/\"2-l9Fw4VUO7kr8CvBlt4zaMCqXZ0w\""
      }
    }
    [35mresponseTime[39m: 4
[14:15:59.170] [32mINFO[39m (16748): [36mrequest completed[39m
    [35mreq[39m: {
      "id": 102,
      "method": "GET",
      "url": "/api/geofences",
      "query": {},
      "params": {
        "path": [
          "geofences"
        ]
      },
      "headers": {
        "host": "localhost:4000",
        "connection": "keep-alive",
        "authorization": "Bearer eyJhbGciOiJIUzI1NiIsInR5cCI6IkpXVCJ9.eyJzdWIiOiJ1c2VyLWFkbWluIiwiZW1haWwiOiJhZG1pbkBndW5nbmlyLmxvY2FsIiwicm9sZXMiOlsiYWRtaW4iXSwiaWF0IjoxNzc5MTI3ODUyLCJleHAiOjE3NzkxMjg3NTJ9.Y9SQHLJLtvfaJeValbCE-gC__xFDJSQxJCfzyOh7Rb0",
        "accept": "*/*",
        "accept-language": "*",
        "sec-fetch-mode": "cors",
        "user-agent": "node",
        "pragma": "no-cache",
        "cache-control": "no-cache",
        "accept-encoding": "gzip, deflate"
      },
      "remoteAddress": "127.0.0.1",
      "remotePort": 55682
    }
    [35mres[39m: {
      "statusCode": 200,
      "headers": {
        "content-security-policy": "default-src 'self';base-uri 'self';font-src 'self' https: data:;form-action 'self';frame-ancestors 'self';img-src 'self' data:;object-src 'none';script-src 'self';script-src-attr 'none';style-src 'self' https: 'unsafe-inline';upgrade-insecure-requests",
        "cross-origin-opener-policy": "same-origin",
        "cross-origin-resource-policy": "same-origin",
        "origin-agent-cluster": "?1",
        "referrer-policy": "no-referrer",
        "strict-transport-security": "max-age=31536000; includeSubDomains",
        "x-content-type-options": "nosniff",
        "x-dns-prefetch-control": "off",
        "x-download-options": "noopen",
        "x-frame-options": "SAMEORIGIN",
        "x-permitted-cross-domain-policies": "none",
        "x-xss-protection": "0",
        "vary": "Origin",
        "access-control-allow-credentials": "true",
        "x-ratelimit-limit": "120",
        "x-ratelimit-remaining": "119",
        "x-ratelimit-reset": "60",
        "x-correlation-id": "b240899a-e5cd-43fa-90f0-90b29a12b193",
        "content-type": "application/json; charset=utf-8",
        "content-length": "2",
        "etag": "W/\"2-l9Fw4VUO7kr8CvBlt4zaMCqXZ0w\""
      }
    }
    [35mresponseTime[39m: 4
[14:15:59.210] [32mINFO[39m (16748): [36mrequest completed[39m
    [35mreq[39m: {
      "id": 103,
      "method": "GET",
      "url": "/api/map-layers",
      "query": {},
      "params": {
        "path": [
          "map-layers"
        ]
      },
      "headers": {
        "host": "localhost:4000",
        "connection": "keep-alive",
        "authorization": "Bearer eyJhbGciOiJIUzI1NiIsInR5cCI6IkpXVCJ9.eyJzdWIiOiJ1c2VyLWFkbWluIiwiZW1haWwiOiJhZG1pbkBndW5nbmlyLmxvY2FsIiwicm9sZXMiOlsiYWRtaW4iXSwiaWF0IjoxNzc5MTI3ODUyLCJleHAiOjE3NzkxMjg3NTJ9.Y9SQHLJLtvfaJeValbCE-gC__xFDJSQxJCfzyOh7Rb0",
        "accept": "*/*",
        "accept-language": "*",
        "sec-fetch-mode": "cors",
        "user-agent": "node",
        "pragma": "no-cache",
        "cache-control": "no-cache",
        "accept-encoding": "gzip, deflate"
      },
      "remoteAddress": "127.0.0.1",
      "remotePort": 55682
    }
    [35mres[39m: {
      "statusCode": 200,
      "headers": {
        "content-security-policy": "default-src 'self';base-uri 'self';font-src 'self' https: data:;form-action 'self';frame-ancestors 'self';img-src 'self' data:;object-src 'none';script-src 'self';script-src-attr 'none';style-src 'self' https: 'unsafe-inline';upgrade-insecure-requests",
        "cross-origin-opener-policy": "same-origin",
        "cross-origin-resource-policy": "same-origin",
        "origin-agent-cluster": "?1",
        "referrer-policy": "no-referrer",
        "strict-transport-security": "max-age=31536000; includeSubDomains",
        "x-content-type-options": "nosniff",
        "x-dns-prefetch-control": "off",
        "x-download-options": "noopen",
        "x-frame-options": "SAMEORIGIN",
        "x-permitted-cross-domain-policies": "none",
        "x-xss-protection": "0",
        "vary": "Origin",
        "access-control-allow-credentials": "true",
        "x-ratelimit-limit": "120",
        "x-ratelimit-remaining": "119",
        "x-ratelimit-reset": "60",
        "x-correlation-id": "b9e846e1-08a6-4990-9fea-ec35ea5f7286",
        "content-type": "application/json; charset=utf-8",
        "content-length": "597",
        "etag": "W/\"255-N1baj20QjdYxGICsfd35XDtAAQw\""
      }
    }
    [35mresponseTime[39m: 3
[14:15:59.213] [32mINFO[39m (16748): [36mrequest completed[39m
    [35mreq[39m: {
      "id": 104,
      "method": "GET",
      "url": "/api/auth/me",
      "query": {},
      "params": {
        "path": [
          "auth",
          "me"
        ]
      },
      "headers": {
        "host": "localhost:4000",
        "connection": "keep-alive",
        "authorization": "Bearer eyJhbGciOiJIUzI1NiIsInR5cCI6IkpXVCJ9.eyJzdWIiOiJ1c2VyLWFkbWluIiwiZW1haWwiOiJhZG1pbkBndW5nbmlyLmxvY2FsIiwicm9sZXMiOlsiYWRtaW4iXSwiaWF0IjoxNzc5MTI3ODUyLCJleHAiOjE3NzkxMjg3NTJ9.Y9SQHLJLtvfaJeValbCE-gC__xFDJSQxJCfzyOh7Rb0",
        "accept": "*/*",
        "accept-language": "*",
        "sec-fetch-mode": "cors",
        "user-agent": "node",
        "pragma": "no-cache",
        "cache-control": "no-cache",
        "accept-encoding": "gzip, deflate"
      },
      "remoteAddress": "127.0.0.1",
      "remotePort": 55684
    }
    [35mres[39m: {
      "statusCode": 200,
      "headers": {
        "content-security-policy": "default-src 'self';base-uri 'self';font-src 'self' https: data:;form-action 'self';frame-ancestors 'self';img-src 'self' data:;object-src 'none';script-src 'self';script-src-attr 'none';style-src 'self' https: 'unsafe-inline';upgrade-insecure-requests",
        "cross-origin-opener-policy": "same-origin",
        "cross-origin-resource-policy": "same-origin",
        "origin-agent-cluster": "?1",
        "referrer-policy": "no-referrer",
        "strict-transport-security": "max-age=31536000; includeSubDomains",
        "x-content-type-options": "nosniff",
        "x-dns-prefetch-control": "off",
        "x-download-options": "noopen",
        "x-frame-options": "SAMEORIGIN",
        "x-permitted-cross-domain-policies": "none",
        "x-xss-protection": "0",
        "vary": "Origin",
        "access-control-allow-credentials": "true",
        "x-ratelimit-limit": "120",
        "x-ratelimit-remaining": "114",
        "x-ratelimit-reset": "52",
        "x-correlation-id": "b5fcf6c0-3cda-4183-8c3e-3628685e1959",
        "content-type": "application/json; charset=utf-8",
        "content-length": "116",
        "etag": "W/\"74-/b46aDDUaZf4MZqJ7pPQf3/bWeQ\""
      }
    }
    [35mresponseTime[39m: 5
[14:15:59.241] [32mINFO[39m (16748): [36mrequest completed[39m
    [35mreq[39m: {
      "id": 105,
      "method": "GET",
      "url": "/api/v1/operations/snapshot",
      "query": {},
      "params": {
        "path": [
          "v1",
          "operations",
          "snapshot"
        ]
      },
      "headers": {
        "host": "localhost:4000",
        "connection": "keep-alive",
        "authorization": "Bearer eyJhbGciOiJIUzI1NiIsInR5cCI6IkpXVCJ9.eyJzdWIiOiJ1c2VyLWFkbWluIiwiZW1haWwiOiJhZG1pbkBndW5nbmlyLmxvY2FsIiwicm9sZXMiOlsiYWRtaW4iXSwiaWF0IjoxNzc5MTI3ODUyLCJleHAiOjE3NzkxMjg3NTJ9.Y9SQHLJLtvfaJeValbCE-gC__xFDJSQxJCfzyOh7Rb0",
        "accept": "*/*",
        "accept-language": "*",
        "sec-fetch-mode": "cors",
        "user-agent": "node",
        "pragma": "no-cache",
        "cache-control": "no-cache",
        "accept-encoding": "gzip, deflate"
      },
      "remoteAddress": "127.0.0.1",
      "remotePort": 55682
    }
    [35mres[39m: {
      "statusCode": 200,
      "headers": {
        "content-security-policy": "default-src 'self';base-uri 'self';font-src 'self' https: data:;form-action 'self';frame-ancestors 'self';img-src 'self' data:;object-src 'none';script-src 'self';script-src-attr 'none';style-src 'self' https: 'unsafe-inline';upgrade-insecure-requests",
        "cross-origin-opener-policy": "same-origin",
        "cross-origin-resource-policy": "same-origin",
        "origin-agent-cluster": "?1",
        "referrer-policy": "no-referrer",
        "strict-transport-security": "max-age=31536000; includeSubDomains",
        "x-content-type-options": "nosniff",
        "x-dns-prefetch-control": "off",
        "x-download-options": "noopen",
        "x-frame-options": "SAMEORIGIN",
        "x-permitted-cross-domain-policies": "none",
        "x-xss-protection": "0",
        "vary": "Origin",
        "access-control-allow-credentials": "true",
        "x-ratelimit-limit": "120",
        "x-ratelimit-remaining": "117",
        "x-ratelimit-reset": "59",
        "x-correlation-id": "be7a3e51-82d0-4f87-b770-379f041fbba9",
        "content-type": "application/json; charset=utf-8",
        "content-length": "1379",
        "etag": "W/\"563-axCvjgdm6sWi1wVRNb5Zw5Ffvds\""
      }
    }
    [35mresponseTime[39m: 10
[14:15:59.254] [32mINFO[39m (16748): [36mrequest completed[39m
    [35mreq[39m: {
      "id": 106,
      "method": "GET",
      "url": "/api/devices",
      "query": {},
      "params": {
        "path": [
          "devices"
        ]
      },
      "headers": {
        "host": "localhost:4000",
        "connection": "keep-alive",
        "authorization": "Bearer eyJhbGciOiJIUzI1NiIsInR5cCI6IkpXVCJ9.eyJzdWIiOiJ1c2VyLWFkbWluIiwiZW1haWwiOiJhZG1pbkBndW5nbmlyLmxvY2FsIiwicm9sZXMiOlsiYWRtaW4iXSwiaWF0IjoxNzc5MTI3ODUyLCJleHAiOjE3NzkxMjg3NTJ9.Y9SQHLJLtvfaJeValbCE-gC__xFDJSQxJCfzyOh7Rb0",
        "accept": "*/*",
        "accept-language": "*",
        "sec-fetch-mode": "cors",
        "user-agent": "node",
        "pragma": "no-cache",
        "cache-control": "no-cache",
        "accept-encoding": "gzip, deflate"
      },
      "remoteAddress": "127.0.0.1",
      "remotePort": 55684
    }
    [35mres[39m: {
      "statusCode": 200,
      "headers": {
        "content-security-policy": "default-src 'self';base-uri 'self';font-src 'self' https: data:;form-action 'self';frame-ancestors 'self';img-src 'self' data:;object-src 'none';script-src 'self';script-src-attr 'none';style-src 'self' https: 'unsafe-inline';upgrade-insecure-requests",
        "cross-origin-opener-policy": "same-origin",
        "cross-origin-resource-policy": "same-origin",
        "origin-agent-cluster": "?1",
        "referrer-policy": "no-referrer",
        "strict-transport-security": "max-age=31536000; includeSubDomains",
        "x-content-type-options": "nosniff",
        "x-dns-prefetch-control": "off",
        "x-download-options": "noopen",
        "x-frame-options": "SAMEORIGIN",
        "x-permitted-cross-domain-policies": "none",
        "x-xss-protection": "0",
        "vary": "Origin",
        "access-control-allow-credentials": "true",
        "x-ratelimit-limit": "120",
        "x-ratelimit-remaining": "118",
        "x-ratelimit-reset": "60",
        "x-correlation-id": "78c73cf2-f8d1-42b8-972b-70ae30316af6",
        "content-type": "application/json; charset=utf-8",
        "content-length": "391",
        "etag": "W/\"187-wFixndeDMExMbypLdc/dp5I7KtI\""
      }
    }
    [35mresponseTime[39m: 2
[14:15:59.279] [32mINFO[39m (16748): [36mrequest completed[39m
    [35mreq[39m: {
      "id": 107,
      "method": "GET",
      "url": "/api/tracks/current",
      "query": {},
      "params": {
        "path": [
          "tracks",
          "current"
        ]
      },
      "headers": {
        "host": "localhost:4000",
        "connection": "keep-alive",
        "authorization": "Bearer eyJhbGciOiJIUzI1NiIsInR5cCI6IkpXVCJ9.eyJzdWIiOiJ1c2VyLWFkbWluIiwiZW1haWwiOiJhZG1pbkBndW5nbmlyLmxvY2FsIiwicm9sZXMiOlsiYWRtaW4iXSwiaWF0IjoxNzc5MTI3ODUyLCJleHAiOjE3NzkxMjg3NTJ9.Y9SQHLJLtvfaJeValbCE-gC__xFDJSQxJCfzyOh7Rb0",
        "accept": "*/*",
        "accept-language": "*",
        "sec-fetch-mode": "cors",
        "user-agent": "node",
        "pragma": "no-cache",
        "cache-control": "no-cache",
        "accept-encoding": "gzip, deflate"
      },
      "remoteAddress": "127.0.0.1",
      "remotePort": 55682
    }
    [35mres[39m: {
      "statusCode": 200,
      "headers": {
        "content-security-policy": "default-src 'self';base-uri 'self';font-src 'self' https: data:;form-action 'self';frame-ancestors 'self';img-src 'self' data:;object-src 'none';script-src 'self';script-src-attr 'none';style-src 'self' https: 'unsafe-inline';upgrade-insecure-requests",
        "cross-origin-opener-policy": "same-origin",
        "cross-origin-resource-policy": "same-origin",
        "origin-agent-cluster": "?1",
        "referrer-policy": "no-referrer",
        "strict-transport-security": "max-age=31536000; includeSubDomains",
        "x-content-type-options": "nosniff",
        "x-dns-prefetch-control": "off",
        "x-download-options": "noopen",
        "x-frame-options": "SAMEORIGIN",
        "x-permitted-cross-domain-policies": "none",
        "x-xss-protection": "0",
        "vary": "Origin",
        "access-control-allow-credentials": "true",
        "x-ratelimit-limit": "120",
        "x-ratelimit-remaining": "118",
        "x-ratelimit-reset": "60",
        "x-correlation-id": "a3b02fc8-05b6-44c7-9ff6-5675eb4168e3",
        "content-type": "application/json; charset=utf-8",
        "content-length": "2",
        "etag": "W/\"2-l9Fw4VUO7kr8CvBlt4zaMCqXZ0w\""
      }
    }
    [35mresponseTime[39m: 2
[14:15:59.285] [34mDEBUG[39m (16748): [36mRealtime client connected: JsEdJyeEG3b7Zgc8AAAH[39m
    [35mcontext[39m: "RealtimeGateway"
[14:15:59.301] [32mINFO[39m (16748): [36mrequest completed[39m
    [35mreq[39m: {
      "id": 108,
      "method": "GET",
      "url": "/api/tracks/history",
      "query": {},
      "params": {
        "path": [
          "tracks",
          "history"
        ]
      },
      "headers": {
        "host": "localhost:4000",
        "connection": "keep-alive",
        "authorization": "Bearer eyJhbGciOiJIUzI1NiIsInR5cCI6IkpXVCJ9.eyJzdWIiOiJ1c2VyLWFkbWluIiwiZW1haWwiOiJhZG1pbkBndW5nbmlyLmxvY2FsIiwicm9sZXMiOlsiYWRtaW4iXSwiaWF0IjoxNzc5MTI3ODUyLCJleHAiOjE3NzkxMjg3NTJ9.Y9SQHLJLtvfaJeValbCE-gC__xFDJSQxJCfzyOh7Rb0",
        "accept": "*/*",
        "accept-language": "*",
        "sec-fetch-mode": "cors",
        "user-agent": "node",
        "pragma": "no-cache",
        "cache-control": "no-cache",
        "accept-encoding": "gzip, deflate"
      },
      "remoteAddress": "127.0.0.1",
      "remotePort": 55682
    }
    [35mres[39m: {
      "statusCode": 200,
      "headers": {
        "content-security-policy": "default-src 'self';base-uri 'self';font-src 'self' https: data:;form-action 'self';frame-ancestors 'self';img-src 'self' data:;object-src 'none';script-src 'self';script-src-attr 'none';style-src 'self' https: 'unsafe-inline';upgrade-insecure-requests",
        "cross-origin-opener-policy": "same-origin",
        "cross-origin-resource-policy": "same-origin",
        "origin-agent-cluster": "?1",
        "referrer-policy": "no-referrer",
        "strict-transport-security": "max-age=31536000; includeSubDomains",
        "x-content-type-options": "nosniff",
        "x-dns-prefetch-control": "off",
        "x-download-options": "noopen",
        "x-frame-options": "SAMEORIGIN",
        "x-permitted-cross-domain-policies": "none",
        "x-xss-protection": "0",
        "vary": "Origin",
        "access-control-allow-credentials": "true",
        "x-ratelimit-limit": "120",
        "x-ratelimit-remaining": "118",
        "x-ratelimit-reset": "60",
        "x-correlation-id": "0321da4d-fd84-4c73-8106-4b45e393c42b",
        "content-type": "application/json; charset=utf-8",
        "content-length": "2",
        "etag": "W/\"2-l9Fw4VUO7kr8CvBlt4zaMCqXZ0w\""
      }
    }
    [35mresponseTime[39m: 3
[14:15:59.332] [32mINFO[39m (16748): [36mrequest completed[39m
    [35mreq[39m: {
      "id": 109,
      "method": "GET",
      "url": "/api/telemetry",
      "query": {},
      "params": {
        "path": [
          "telemetry"
        ]
      },
      "headers": {
        "host": "localhost:4000",
        "connection": "keep-alive",
        "authorization": "Bearer eyJhbGciOiJIUzI1NiIsInR5cCI6IkpXVCJ9.eyJzdWIiOiJ1c2VyLWFkbWluIiwiZW1haWwiOiJhZG1pbkBndW5nbmlyLmxvY2FsIiwicm9sZXMiOlsiYWRtaW4iXSwiaWF0IjoxNzc5MTI3ODUyLCJleHAiOjE3NzkxMjg3NTJ9.Y9SQHLJLtvfaJeValbCE-gC__xFDJSQxJCfzyOh7Rb0",
        "accept": "*/*",
        "accept-language": "*",
        "sec-fetch-mode": "cors",
        "user-agent": "node",
        "pragma": "no-cache",
        "cache-control": "no-cache",
        "accept-encoding": "gzip, deflate"
      },
      "remoteAddress": "127.0.0.1",
      "remotePort": 55682
    }
    [35mres[39m: {
      "statusCode": 200,
      "headers": {
        "content-security-policy": "default-src 'self';base-uri 'self';font-src 'self' https: data:;form-action 'self';frame-ancestors 'self';img-src 'self' data:;object-src 'none';script-src 'self';script-src-attr 'none';style-src 'self' https: 'unsafe-inline';upgrade-insecure-requests",
        "cross-origin-opener-policy": "same-origin",
        "cross-origin-resource-policy": "same-origin",
        "origin-agent-cluster": "?1",
        "referrer-policy": "no-referrer",
        "strict-transport-security": "max-age=31536000; includeSubDomains",
        "x-content-type-options": "nosniff",
        "x-dns-prefetch-control": "off",
        "x-download-options": "noopen",
        "x-frame-options": "SAMEORIGIN",
        "x-permitted-cross-domain-policies": "none",
        "x-xss-protection": "0",
        "vary": "Origin",
        "access-control-allow-credentials": "true",
        "x-ratelimit-limit": "120",
        "x-ratelimit-remaining": "118",
        "x-ratelimit-reset": "60",
        "x-correlation-id": "bbe2f91a-3aba-4dd9-b1e1-41b2d68cbb8f",
        "content-type": "application/json; charset=utf-8",
        "content-length": "426",
        "etag": "W/\"1aa-bjbCYD4WhTpb5Q/I7yK/VOE8NPE\""
      }
    }
    [35mresponseTime[39m: 3
[14:15:59.332] [32mINFO[39m (16748): [36mrequest completed[39m
    [35mreq[39m: {
      "id": 110,
      "method": "GET",
      "url": "/api/commands",
      "query": {},
      "params": {
        "path": [
          "commands"
        ]
      },
      "headers": {
        "host": "localhost:4000",
        "connection": "keep-alive",
        "authorization": "Bearer eyJhbGciOiJIUzI1NiIsInR5cCI6IkpXVCJ9.eyJzdWIiOiJ1c2VyLWFkbWluIiwiZW1haWwiOiJhZG1pbkBndW5nbmlyLmxvY2FsIiwicm9sZXMiOlsiYWRtaW4iXSwiaWF0IjoxNzc5MTI3ODUyLCJleHAiOjE3NzkxMjg3NTJ9.Y9SQHLJLtvfaJeValbCE-gC__xFDJSQxJCfzyOh7Rb0",
        "accept": "*/*",
        "accept-language": "*",
        "sec-fetch-mode": "cors",
        "user-agent": "node",
        "pragma": "no-cache",
        "cache-control": "no-cache",
        "accept-encoding": "gzip, deflate"
      },
      "remoteAddress": "127.0.0.1",
      "remotePort": 55684
    }
    [35mres[39m: {
      "statusCode": 200,
      "headers": {
        "content-security-policy": "default-src 'self';base-uri 'self';font-src 'self' https: data:;form-action 'self';frame-ancestors 'self';img-src 'self' data:;object-src 'none';script-src 'self';script-src-attr 'none';style-src 'self' https: 'unsafe-inline';upgrade-insecure-requests",
        "cross-origin-opener-policy": "same-origin",
        "cross-origin-resource-policy": "same-origin",
        "origin-agent-cluster": "?1",
        "referrer-policy": "no-referrer",
        "strict-transport-security": "max-age=31536000; includeSubDomains",
        "x-content-type-options": "nosniff",
        "x-dns-prefetch-control": "off",
        "x-download-options": "noopen",
        "x-frame-options": "SAMEORIGIN",
        "x-permitted-cross-domain-policies": "none",
        "x-xss-protection": "0",
        "vary": "Origin",
        "access-control-allow-credentials": "true",
        "x-ratelimit-limit": "120",
        "x-ratelimit-remaining": "118",
        "x-ratelimit-reset": "60",
        "x-correlation-id": "7f19eb51-7707-4360-9c9e-56dc72353a5d",
        "content-type": "application/json; charset=utf-8",
        "content-length": "2",
        "etag": "W/\"2-l9Fw4VUO7kr8CvBlt4zaMCqXZ0w\""
      }
    }
    [35mresponseTime[39m: 2
[14:15:59.361] [32mINFO[39m (16748): [36mrequest completed[39m
    [35mreq[39m: {
      "id": 111,
      "method": "GET",
      "url": "/api/geofences",
      "query": {},
      "params": {
        "path": [
          "geofences"
        ]
      },
      "headers": {
        "host": "localhost:4000",
        "connection": "keep-alive",
        "authorization": "Bearer eyJhbGciOiJIUzI1NiIsInR5cCI6IkpXVCJ9.eyJzdWIiOiJ1c2VyLWFkbWluIiwiZW1haWwiOiJhZG1pbkBndW5nbmlyLmxvY2FsIiwicm9sZXMiOlsiYWRtaW4iXSwiaWF0IjoxNzc5MTI3ODUyLCJleHAiOjE3NzkxMjg3NTJ9.Y9SQHLJLtvfaJeValbCE-gC__xFDJSQxJCfzyOh7Rb0",
        "accept": "*/*",
        "accept-language": "*",
        "sec-fetch-mode": "cors",
        "user-agent": "node",
        "pragma": "no-cache",
        "cache-control": "no-cache",
        "accept-encoding": "gzip, deflate"
      },
      "remoteAddress": "127.0.0.1",
      "remotePort": 51961
    }
    [35mres[39m: {
      "statusCode": 200,
      "headers": {
        "content-security-policy": "default-src 'self';base-uri 'self';font-src 'self' https: data:;form-action 'self';frame-ancestors 'self';img-src 'self' data:;object-src 'none';script-src 'self';script-src-attr 'none';style-src 'self' https: 'unsafe-inline';upgrade-insecure-requests",
        "cross-origin-opener-policy": "same-origin",
        "cross-origin-resource-policy": "same-origin",
        "origin-agent-cluster": "?1",
        "referrer-policy": "no-referrer",
        "strict-transport-security": "max-age=31536000; includeSubDomains",
        "x-content-type-options": "nosniff",
        "x-dns-prefetch-control": "off",
        "x-download-options": "noopen",
        "x-frame-options": "SAMEORIGIN",
        "x-permitted-cross-domain-policies": "none",
        "x-xss-protection": "0",
        "vary": "Origin",
        "access-control-allow-credentials": "true",
        "x-ratelimit-limit": "120",
        "x-ratelimit-remaining": "118",
        "x-ratelimit-reset": "60",
        "x-correlation-id": "4ebe4752-92fd-4ef4-8722-a16ef56dd777",
        "content-type": "application/json; charset=utf-8",
        "content-length": "2",
        "etag": "W/\"2-l9Fw4VUO7kr8CvBlt4zaMCqXZ0w\""
      }
    }
    [35mresponseTime[39m: 2
[14:15:59.365] [32mINFO[39m (16748): [36mrequest completed[39m
    [35mreq[39m: {
      "id": 112,
      "method": "GET",
      "url": "/api/missions",
      "query": {},
      "params": {
        "path": [
          "missions"
        ]
      },
      "headers": {
        "host": "localhost:4000",
        "connection": "keep-alive",
        "authorization": "Bearer eyJhbGciOiJIUzI1NiIsInR5cCI6IkpXVCJ9.eyJzdWIiOiJ1c2VyLWFkbWluIiwiZW1haWwiOiJhZG1pbkBndW5nbmlyLmxvY2FsIiwicm9sZXMiOlsiYWRtaW4iXSwiaWF0IjoxNzc5MTI3ODUyLCJleHAiOjE3NzkxMjg3NTJ9.Y9SQHLJLtvfaJeValbCE-gC__xFDJSQxJCfzyOh7Rb0",
        "accept": "*/*",
        "accept-language": "*",
        "sec-fetch-mode": "cors",
        "user-agent": "node",
        "pragma": "no-cache",
        "cache-control": "no-cache",
        "accept-encoding": "gzip, deflate"
      },
      "remoteAddress": "127.0.0.1",
      "remotePort": 55682
    }
    [35mres[39m: {
      "statusCode": 200,
      "headers": {
        "content-security-policy": "default-src 'self';base-uri 'self';font-src 'self' https: data:;form-action 'self';frame-ancestors 'self';img-src 'self' data:;object-src 'none';script-src 'self';script-src-attr 'none';style-src 'self' https: 'unsafe-inline';upgrade-insecure-requests",
        "cross-origin-opener-policy": "same-origin",
        "cross-origin-resource-policy": "same-origin",
        "origin-agent-cluster": "?1",
        "referrer-policy": "no-referrer",
        "strict-transport-security": "max-age=31536000; includeSubDomains",
        "x-content-type-options": "nosniff",
        "x-dns-prefetch-control": "off",
        "x-download-options": "noopen",
        "x-frame-options": "SAMEORIGIN",
        "x-permitted-cross-domain-policies": "none",
        "x-xss-protection": "0",
        "vary": "Origin",
        "access-control-allow-credentials": "true",
        "x-ratelimit-limit": "120",
        "x-ratelimit-remaining": "118",
        "x-ratelimit-reset": "60",
        "x-correlation-id": "14182659-7839-43ce-9c8c-780fde0cadc3",
        "content-type": "application/json; charset=utf-8",
        "content-length": "2",
        "etag": "W/\"2-l9Fw4VUO7kr8CvBlt4zaMCqXZ0w\""
      }
    }
    [35mresponseTime[39m: 2
[14:15:59.384] [32mINFO[39m (16748): [36mrequest completed[39m
    [35mreq[39m: {
      "id": 113,
      "method": "GET",
      "url": "/api/map-layers",
      "query": {},
      "params": {
        "path": [
          "map-layers"
        ]
      },
      "headers": {
        "host": "localhost:4000",
        "connection": "keep-alive",
        "authorization": "Bearer eyJhbGciOiJIUzI1NiIsInR5cCI6IkpXVCJ9.eyJzdWIiOiJ1c2VyLWFkbWluIiwiZW1haWwiOiJhZG1pbkBndW5nbmlyLmxvY2FsIiwicm9sZXMiOlsiYWRtaW4iXSwiaWF0IjoxNzc5MTI3ODUyLCJleHAiOjE3NzkxMjg3NTJ9.Y9SQHLJLtvfaJeValbCE-gC__xFDJSQxJCfzyOh7Rb0",
        "accept": "*/*",
        "accept-language": "*",
        "sec-fetch-mode": "cors",
        "user-agent": "node",
        "pragma": "no-cache",
        "cache-control": "no-cache",
        "accept-encoding": "gzip, deflate"
      },
      "remoteAddress": "127.0.0.1",
      "remotePort": 55682
    }
    [35mres[39m: {
      "statusCode": 200,
      "headers": {
        "content-security-policy": "default-src 'self';base-uri 'self';font-src 'self' https: data:;form-action 'self';frame-ancestors 'self';img-src 'self' data:;object-src 'none';script-src 'self';script-src-attr 'none';style-src 'self' https: 'unsafe-inline';upgrade-insecure-requests",
        "cross-origin-opener-policy": "same-origin",
        "cross-origin-resource-policy": "same-origin",
        "origin-agent-cluster": "?1",
        "referrer-policy": "no-referrer",
        "strict-transport-security": "max-age=31536000; includeSubDomains",
        "x-content-type-options": "nosniff",
        "x-dns-prefetch-control": "off",
        "x-download-options": "noopen",
        "x-frame-options": "SAMEORIGIN",
        "x-permitted-cross-domain-policies": "none",
        "x-xss-protection": "0",
        "vary": "Origin",
        "access-control-allow-credentials": "true",
        "x-ratelimit-limit": "120",
        "x-ratelimit-remaining": "118",
        "x-ratelimit-reset": "60",
        "x-correlation-id": "2d808b9a-e345-46ef-8f77-37749b9fdb67",
        "content-type": "application/json; charset=utf-8",
        "content-length": "597",
        "etag": "W/\"255-N1baj20QjdYxGICsfd35XDtAAQw\""
      }
    }
    [35mresponseTime[39m: 2
[14:15:59.400] [32mINFO[39m (16748): [36mrequest completed[39m
    [35mreq[39m: {
      "id": 114,
      "method": "GET",
      "url": "/api/map-layers/layer-fire-intel/geojson",
      "query": {},
      "params": {
        "path": [
          "map-layers",
          "layer-fire-intel",
          "geojson"
        ]
      },
      "headers": {
        "host": "localhost:4000",
        "connection": "keep-alive",
        "authorization": "Bearer eyJhbGciOiJIUzI1NiIsInR5cCI6IkpXVCJ9.eyJzdWIiOiJ1c2VyLWFkbWluIiwiZW1haWwiOiJhZG1pbkBndW5nbmlyLmxvY2FsIiwicm9sZXMiOlsiYWRtaW4iXSwiaWF0IjoxNzc5MTI3ODUyLCJleHAiOjE3NzkxMjg3NTJ9.Y9SQHLJLtvfaJeValbCE-gC__xFDJSQxJCfzyOh7Rb0",
        "accept": "*/*",
        "accept-language": "*",
        "sec-fetch-mode": "cors",
        "user-agent": "node",
        "pragma": "no-cache",
        "cache-control": "no-cache",
        "accept-encoding": "gzip, deflate"
      },
      "remoteAddress": "127.0.0.1",
      "remotePort": 55682
    }
    [35mres[39m: {
      "statusCode": 200,
      "headers": {
        "content-security-policy": "default-src 'self';base-uri 'self';font-src 'self' https: data:;form-action 'self';frame-ancestors 'self';img-src 'self' data:;object-src 'none';script-src 'self';script-src-attr 'none';style-src 'self' https: 'unsafe-inline';upgrade-insecure-requests",
        "cross-origin-opener-policy": "same-origin",
        "cross-origin-resource-policy": "same-origin",
        "origin-agent-cluster": "?1",
        "referrer-policy": "no-referrer",
        "strict-transport-security": "max-age=31536000; includeSubDomains",
        "x-content-type-options": "nosniff",
        "x-dns-prefetch-control": "off",
        "x-download-options": "noopen",
        "x-frame-options": "SAMEORIGIN",
        "x-permitted-cross-domain-policies": "none",
        "x-xss-protection": "0",
        "vary": "Origin",
        "access-control-allow-credentials": "true",
        "x-ratelimit-limit": "120",
        "x-ratelimit-remaining": "119",
        "x-ratelimit-reset": "60",
        "x-correlation-id": "eed4d6dc-0b5e-4b95-b9e3-b4a194b8a4da",
        "content-type": "application/json; charset=utf-8",
        "content-length": "42",
        "etag": "W/\"2a-YF4qkQu1OiQfcNelFeHSJ4hLkOE\""
      }
    }
    [35mresponseTime[39m: 4
[14:15:59.411] [32mINFO[39m (16748): [36mrequest completed[39m
    [35mreq[39m: {
      "id": 115,
      "method": "GET",
      "url": "/api/map-layers/layer-air-traffic/geojson",
      "query": {},
      "params": {
        "path": [
          "map-layers",
          "layer-air-traffic",
          "geojson"
        ]
      },
      "headers": {
        "host": "localhost:4000",
        "connection": "keep-alive",
        "authorization": "Bearer eyJhbGciOiJIUzI1NiIsInR5cCI6IkpXVCJ9.eyJzdWIiOiJ1c2VyLWFkbWluIiwiZW1haWwiOiJhZG1pbkBndW5nbmlyLmxvY2FsIiwicm9sZXMiOlsiYWRtaW4iXSwiaWF0IjoxNzc5MTI3ODUyLCJleHAiOjE3NzkxMjg3NTJ9.Y9SQHLJLtvfaJeValbCE-gC__xFDJSQxJCfzyOh7Rb0",
        "accept": "*/*",
        "accept-language": "*",
        "sec-fetch-mode": "cors",
        "user-agent": "node",
        "pragma": "no-cache",
        "cache-control": "no-cache",
        "accept-encoding": "gzip, deflate"
      },
      "remoteAddress": "127.0.0.1",
      "remotePort": 55684
    }
    [35mres[39m: {
      "statusCode": 200,
      "headers": {
        "content-security-policy": "default-src 'self';base-uri 'self';font-src 'self' https: data:;form-action 'self';frame-ancestors 'self';img-src 'self' data:;object-src 'none';script-src 'self';script-src-attr 'none';style-src 'self' https: 'unsafe-inline';upgrade-insecure-requests",
        "cross-origin-opener-policy": "same-origin",
        "cross-origin-resource-policy": "same-origin",
        "origin-agent-cluster": "?1",
        "referrer-policy": "no-referrer",
        "strict-transport-security": "max-age=31536000; includeSubDomains",
        "x-content-type-options": "nosniff",
        "x-dns-prefetch-control": "off",
        "x-download-options": "noopen",
        "x-frame-options": "SAMEORIGIN",
        "x-permitted-cross-domain-policies": "none",
        "x-xss-protection": "0",
        "vary": "Origin",
        "access-control-allow-credentials": "true",
        "x-ratelimit-limit": "120",
        "x-ratelimit-remaining": "118",
        "x-ratelimit-reset": "60",
        "x-correlation-id": "0707d33a-a51b-4d8e-aaff-db1fbcb44867",
        "content-type": "application/json; charset=utf-8",
        "content-length": "42",
        "etag": "W/\"2a-YF4qkQu1OiQfcNelFeHSJ4hLkOE\""
      }
    }
    [35mresponseTime[39m: 4
[14:15:59.445] [32mINFO[39m (16748): [36mrequest completed[39m
    [35mreq[39m: {
      "id": 117,
      "method": "GET",
      "url": "/api/map-layers/layer-air-traffic/geojson",
      "query": {},
      "params": {
        "path": [
          "map-layers",
          "layer-air-traffic",
          "geojson"
        ]
      },
      "headers": {
        "host": "localhost:4000",
        "connection": "keep-alive",
        "authorization": "Bearer eyJhbGciOiJIUzI1NiIsInR5cCI6IkpXVCJ9.eyJzdWIiOiJ1c2VyLWFkbWluIiwiZW1haWwiOiJhZG1pbkBndW5nbmlyLmxvY2FsIiwicm9sZXMiOlsiYWRtaW4iXSwiaWF0IjoxNzc5MTI3ODUyLCJleHAiOjE3NzkxMjg3NTJ9.Y9SQHLJLtvfaJeValbCE-gC__xFDJSQxJCfzyOh7Rb0",
        "accept": "*/*",
        "accept-language": "*",
        "sec-fetch-mode": "cors",
        "user-agent": "node",
        "pragma": "no-cache",
        "cache-control": "no-cache",
        "accept-encoding": "gzip, deflate"
      },
      "remoteAddress": "127.0.0.1",
      "remotePort": 55684
    }
    [35mres[39m: {
      "statusCode": 200,
      "headers": {
        "content-security-policy": "default-src 'self';base-uri 'self';font-src 'self' https: data:;form-action 'self';frame-ancestors 'self';img-src 'self' data:;object-src 'none';script-src 'self';script-src-attr 'none';style-src 'self' https: 'unsafe-inline';upgrade-insecure-requests",
        "cross-origin-opener-policy": "same-origin",
        "cross-origin-resource-policy": "same-origin",
        "origin-agent-cluster": "?1",
        "referrer-policy": "no-referrer",
        "strict-transport-security": "max-age=31536000; includeSubDomains",
        "x-content-type-options": "nosniff",
        "x-dns-prefetch-control": "off",
        "x-download-options": "noopen",
        "x-frame-options": "SAMEORIGIN",
        "x-permitted-cross-domain-policies": "none",
        "x-xss-protection": "0",
        "vary": "Origin",
        "access-control-allow-credentials": "true",
        "x-ratelimit-limit": "120",
        "x-ratelimit-remaining": "116",
        "x-ratelimit-reset": "60",
        "x-correlation-id": "2608d3c5-0b46-40aa-b6e3-473710c24209",
        "content-type": "application/json; charset=utf-8",
        "content-length": "42",
        "etag": "W/\"2a-YF4qkQu1OiQfcNelFeHSJ4hLkOE\""
      }
    }
    [35mresponseTime[39m: 3
[14:15:59.445] [32mINFO[39m (16748): [36mrequest completed[39m
    [35mreq[39m: {
      "id": 116,
      "method": "GET",
      "url": "/api/map-layers/layer-fire-intel/geojson",
      "query": {},
      "params": {
        "path": [
          "map-layers",
          "layer-fire-intel",
          "geojson"
        ]
      },
      "headers": {
        "host": "localhost:4000",
        "connection": "keep-alive",
        "authorization": "Bearer eyJhbGciOiJIUzI1NiIsInR5cCI6IkpXVCJ9.eyJzdWIiOiJ1c2VyLWFkbWluIiwiZW1haWwiOiJhZG1pbkBndW5nbmlyLmxvY2FsIiwicm9sZXMiOlsiYWRtaW4iXSwiaWF0IjoxNzc5MTI3ODUyLCJleHAiOjE3NzkxMjg3NTJ9.Y9SQHLJLtvfaJeValbCE-gC__xFDJSQxJCfzyOh7Rb0",
        "accept": "*/*",
        "accept-language": "*",
        "sec-fetch-mode": "cors",
        "user-agent": "node",
        "pragma": "no-cache",
        "cache-control": "no-cache",
        "accept-encoding": "gzip, deflate"
      },
      "remoteAddress": "127.0.0.1",
      "remotePort": 55682
    }
    [35mres[39m: {
      "statusCode": 200,
      "headers": {
        "content-security-policy": "default-src 'self';base-uri 'self';font-src 'self' https: data:;form-action 'self';frame-ancestors 'self';img-src 'self' data:;object-src 'none';script-src 'self';script-src-attr 'none';style-src 'self' https: 'unsafe-inline';upgrade-insecure-requests",
        "cross-origin-opener-policy": "same-origin",
        "cross-origin-resource-policy": "same-origin",
        "origin-agent-cluster": "?1",
        "referrer-policy": "no-referrer",
        "strict-transport-security": "max-age=31536000; includeSubDomains",
        "x-content-type-options": "nosniff",
        "x-dns-prefetch-control": "off",
        "x-download-options": "noopen",
        "x-frame-options": "SAMEORIGIN",
        "x-permitted-cross-domain-policies": "none",
        "x-xss-protection": "0",
        "vary": "Origin",
        "access-control-allow-credentials": "true",
        "x-ratelimit-limit": "120",
        "x-ratelimit-remaining": "117",
        "x-ratelimit-reset": "60",
        "x-correlation-id": "5979db74-9871-4b83-a32d-56538c765fed",
        "content-type": "application/json; charset=utf-8",
        "content-length": "42",
        "etag": "W/\"2a-YF4qkQu1OiQfcNelFeHSJ4hLkOE\""
      }
    }
    [35mresponseTime[39m: 5
[14:16:00.093] [32mINFO[39m (16748): [36mrequest completed[39m
    [35mreq[39m: {
      "id": 118,
      "method": "GET",
      "url": "/api/auth/me",
      "query": {},
      "params": {
        "path": [
          "auth",
          "me"
        ]
      },
      "headers": {
        "host": "localhost:4000",
        "connection": "keep-alive",
        "authorization": "Bearer eyJhbGciOiJIUzI1NiIsInR5cCI6IkpXVCJ9.eyJzdWIiOiJ1c2VyLWFkbWluIiwiZW1haWwiOiJhZG1pbkBndW5nbmlyLmxvY2FsIiwicm9sZXMiOlsiYWRtaW4iXSwiaWF0IjoxNzc5MTI3ODUyLCJleHAiOjE3NzkxMjg3NTJ9.Y9SQHLJLtvfaJeValbCE-gC__xFDJSQxJCfzyOh7Rb0",
        "accept": "*/*",
        "accept-language": "*",
        "sec-fetch-mode": "cors",
        "user-agent": "node",
        "pragma": "no-cache",
        "cache-control": "no-cache",
        "accept-encoding": "gzip, deflate"
      },
      "remoteAddress": "127.0.0.1",
      "remotePort": 55682
    }
    [35mres[39m: {
      "statusCode": 200,
      "headers": {
        "content-security-policy": "default-src 'self';base-uri 'self';font-src 'self' https: data:;form-action 'self';frame-ancestors 'self';img-src 'self' data:;object-src 'none';script-src 'self';script-src-attr 'none';style-src 'self' https: 'unsafe-inline';upgrade-insecure-requests",
        "cross-origin-opener-policy": "same-origin",
        "cross-origin-resource-policy": "same-origin",
        "origin-agent-cluster": "?1",
        "referrer-policy": "no-referrer",
        "strict-transport-security": "max-age=31536000; includeSubDomains",
        "x-content-type-options": "nosniff",
        "x-dns-prefetch-control": "off",
        "x-download-options": "noopen",
        "x-frame-options": "SAMEORIGIN",
        "x-permitted-cross-domain-policies": "none",
        "x-xss-protection": "0",
        "vary": "Origin",
        "access-control-allow-credentials": "true",
        "x-ratelimit-limit": "120",
        "x-ratelimit-remaining": "113",
        "x-ratelimit-reset": "51",
        "x-correlation-id": "8ead531c-d823-4876-8211-2938a3b55f15",
        "content-type": "application/json; charset=utf-8",
        "content-length": "116",
        "etag": "W/\"74-/b46aDDUaZf4MZqJ7pPQf3/bWeQ\""
      }
    }
    [35mresponseTime[39m: 7
[14:16:00.115] [32mINFO[39m (16748): [36mrequest completed[39m
    [35mreq[39m: {
      "id": 119,
      "method": "GET",
      "url": "/api/v1/operations/snapshot",
      "query": {},
      "params": {
        "path": [
          "v1",
          "operations",
          "snapshot"
        ]
      },
      "headers": {
        "host": "localhost:4000",
        "connection": "keep-alive",
        "authorization": "Bearer eyJhbGciOiJIUzI1NiIsInR5cCI6IkpXVCJ9.eyJzdWIiOiJ1c2VyLWFkbWluIiwiZW1haWwiOiJhZG1pbkBndW5nbmlyLmxvY2FsIiwicm9sZXMiOlsiYWRtaW4iXSwiaWF0IjoxNzc5MTI3ODUyLCJleHAiOjE3NzkxMjg3NTJ9.Y9SQHLJLtvfaJeValbCE-gC__xFDJSQxJCfzyOh7Rb0",
        "accept": "*/*",
        "accept-language": "*",
        "sec-fetch-mode": "cors",
        "user-agent": "node",
        "pragma": "no-cache",
        "cache-control": "no-cache",
        "accept-encoding": "gzip, deflate"
      },
      "remoteAddress": "127.0.0.1",
      "remotePort": 55684
    }
    [35mres[39m: {
      "statusCode": 200,
      "headers": {
        "content-security-policy": "default-src 'self';base-uri 'self';font-src 'self' https: data:;form-action 'self';frame-ancestors 'self';img-src 'self' data:;object-src 'none';script-src 'self';script-src-attr 'none';style-src 'self' https: 'unsafe-inline';upgrade-insecure-requests",
        "cross-origin-opener-policy": "same-origin",
        "cross-origin-resource-policy": "same-origin",
        "origin-agent-cluster": "?1",
        "referrer-policy": "no-referrer",
        "strict-transport-security": "max-age=31536000; includeSubDomains",
        "x-content-type-options": "nosniff",
        "x-dns-prefetch-control": "off",
        "x-download-options": "noopen",
        "x-frame-options": "SAMEORIGIN",
        "x-permitted-cross-domain-policies": "none",
        "x-xss-protection": "0",
        "vary": "Origin",
        "access-control-allow-credentials": "true",
        "x-ratelimit-limit": "120",
        "x-ratelimit-remaining": "116",
        "x-ratelimit-reset": "59",
        "x-correlation-id": "85cd83f7-6843-4012-bd5c-3cf82a4aafde",
        "content-type": "application/json; charset=utf-8",
        "content-length": "1379",
        "etag": "W/\"563-axCvjgdm6sWi1wVRNb5Zw5Ffvds\""
      }
    }
    [35mresponseTime[39m: 12
[14:16:00.923] [32mINFO[39m (16748): [36mrequest completed[39m
    [35mreq[39m: {
      "id": 120,
      "method": "GET",
      "url": "/api/auth/me",
      "query": {},
      "params": {
        "path": [
          "auth",
          "me"
        ]
      },
      "headers": {
        "host": "localhost:4000",
        "connection": "keep-alive",
        "authorization": "Bearer eyJhbGciOiJIUzI1NiIsInR5cCI6IkpXVCJ9.eyJzdWIiOiJ1c2VyLWFkbWluIiwiZW1haWwiOiJhZG1pbkBndW5nbmlyLmxvY2FsIiwicm9sZXMiOlsiYWRtaW4iXSwiaWF0IjoxNzc5MTI3ODUyLCJleHAiOjE3NzkxMjg3NTJ9.Y9SQHLJLtvfaJeValbCE-gC__xFDJSQxJCfzyOh7Rb0",
        "accept": "*/*",
        "accept-language": "*",
        "sec-fetch-mode": "cors",
        "user-agent": "node",
        "pragma": "no-cache",
        "cache-control": "no-cache",
        "accept-encoding": "gzip, deflate"
      },
      "remoteAddress": "127.0.0.1",
      "remotePort": 55682
    }
    [35mres[39m: {
      "statusCode": 200,
      "headers": {
        "content-security-policy": "default-src 'self';base-uri 'self';font-src 'self' https: data:;form-action 'self';frame-ancestors 'self';img-src 'self' data:;object-src 'none';script-src 'self';script-src-attr 'none';style-src 'self' https: 'unsafe-inline';upgrade-insecure-requests",
        "cross-origin-opener-policy": "same-origin",
        "cross-origin-resource-policy": "same-origin",
        "origin-agent-cluster": "?1",
        "referrer-policy": "no-referrer",
        "strict-transport-security": "max-age=31536000; includeSubDomains",
        "x-content-type-options": "nosniff",
        "x-dns-prefetch-control": "off",
        "x-download-options": "noopen",
        "x-frame-options": "SAMEORIGIN",
        "x-permitted-cross-domain-policies": "none",
        "x-xss-protection": "0",
        "vary": "Origin",
        "access-control-allow-credentials": "true",
        "x-ratelimit-limit": "120",
        "x-ratelimit-remaining": "112",
        "x-ratelimit-reset": "50",
        "x-correlation-id": "e93a84fb-211a-404e-8a48-36ad6099f25a",
        "content-type": "application/json; charset=utf-8",
        "content-length": "116",
        "etag": "W/\"74-/b46aDDUaZf4MZqJ7pPQf3/bWeQ\""
      }
    }
    [35mresponseTime[39m: 7
[14:16:00.936] [32mINFO[39m (16748): [36mrequest completed[39m
    [35mreq[39m: {
      "id": 122,
      "method": "GET",
      "url": "/api/missions",
      "query": {},
      "params": {
        "path": [
          "missions"
        ]
      },
      "headers": {
        "host": "localhost:4000",
        "connection": "keep-alive",
        "authorization": "Bearer eyJhbGciOiJIUzI1NiIsInR5cCI6IkpXVCJ9.eyJzdWIiOiJ1c2VyLWFkbWluIiwiZW1haWwiOiJhZG1pbkBndW5nbmlyLmxvY2FsIiwicm9sZXMiOlsiYWRtaW4iXSwiaWF0IjoxNzc5MTI3ODUyLCJleHAiOjE3NzkxMjg3NTJ9.Y9SQHLJLtvfaJeValbCE-gC__xFDJSQxJCfzyOh7Rb0",
        "accept": "*/*",
        "accept-language": "*",
        "sec-fetch-mode": "cors",
        "user-agent": "node",
        "pragma": "no-cache",
        "cache-control": "no-cache",
        "accept-encoding": "gzip, deflate"
      },
      "remoteAddress": "127.0.0.1",
      "remotePort": 51961
    }
    [35mres[39m: {
      "statusCode": 200,
      "headers": {
        "content-security-policy": "default-src 'self';base-uri 'self';font-src 'self' https: data:;form-action 'self';frame-ancestors 'self';img-src 'self' data:;object-src 'none';script-src 'self';script-src-attr 'none';style-src 'self' https: 'unsafe-inline';upgrade-insecure-requests",
        "cross-origin-opener-policy": "same-origin",
        "cross-origin-resource-policy": "same-origin",
        "origin-agent-cluster": "?1",
        "referrer-policy": "no-referrer",
        "strict-transport-security": "max-age=31536000; includeSubDomains",
        "x-content-type-options": "nosniff",
        "x-dns-prefetch-control": "off",
        "x-download-options": "noopen",
        "x-frame-options": "SAMEORIGIN",
        "x-permitted-cross-domain-policies": "none",
        "x-xss-protection": "0",
        "vary": "Origin",
        "access-control-allow-credentials": "true",
        "x-ratelimit-limit": "120",
        "x-ratelimit-remaining": "117",
        "x-ratelimit-reset": "59",
        "x-correlation-id": "b10f4ed6-fb27-4f50-a006-1ab47ef42dbe",
        "content-type": "application/json; charset=utf-8",
        "content-length": "2",
        "etag": "W/\"2-l9Fw4VUO7kr8CvBlt4zaMCqXZ0w\""
      }
    }
    [35mresponseTime[39m: 2
[14:16:00.945] [32mINFO[39m (16748): [36mrequest completed[39m
    [35mreq[39m: {
      "id": 121,
      "method": "GET",
      "url": "/api/v1/operations/snapshot",
      "query": {},
      "params": {
        "path": [
          "v1",
          "operations",
          "snapshot"
        ]
      },
      "headers": {
        "host": "localhost:4000",
        "connection": "keep-alive",
        "authorization": "Bearer eyJhbGciOiJIUzI1NiIsInR5cCI6IkpXVCJ9.eyJzdWIiOiJ1c2VyLWFkbWluIiwiZW1haWwiOiJhZG1pbkBndW5nbmlyLmxvY2FsIiwicm9sZXMiOlsiYWRtaW4iXSwiaWF0IjoxNzc5MTI3ODUyLCJleHAiOjE3NzkxMjg3NTJ9.Y9SQHLJLtvfaJeValbCE-gC__xFDJSQxJCfzyOh7Rb0",
        "accept": "*/*",
        "accept-language": "*",
        "sec-fetch-mode": "cors",
        "user-agent": "node",
        "pragma": "no-cache",
        "cache-control": "no-cache",
        "accept-encoding": "gzip, deflate"
      },
      "remoteAddress": "127.0.0.1",
      "remotePort": 55684
    }
    [35mres[39m: {
      "statusCode": 200,
      "headers": {
        "content-security-policy": "default-src 'self';base-uri 'self';font-src 'self' https: data:;form-action 'self';frame-ancestors 'self';img-src 'self' data:;object-src 'none';script-src 'self';script-src-attr 'none';style-src 'self' https: 'unsafe-inline';upgrade-insecure-requests",
        "cross-origin-opener-policy": "same-origin",
        "cross-origin-resource-policy": "same-origin",
        "origin-agent-cluster": "?1",
        "referrer-policy": "no-referrer",
        "strict-transport-security": "max-age=31536000; includeSubDomains",
        "x-content-type-options": "nosniff",
        "x-dns-prefetch-control": "off",
        "x-download-options": "noopen",
        "x-frame-options": "SAMEORIGIN",
        "x-permitted-cross-domain-policies": "none",
        "x-xss-protection": "0",
        "vary": "Origin",
        "access-control-allow-credentials": "true",
        "x-ratelimit-limit": "120",
        "x-ratelimit-remaining": "115",
        "x-ratelimit-reset": "58",
        "x-correlation-id": "880dace7-786c-49a8-b9cb-319e288ae0a4",
        "content-type": "application/json; charset=utf-8",
        "content-length": "1379",
        "etag": "W/\"563-axCvjgdm6sWi1wVRNb5Zw5Ffvds\""
      }
    }
    [35mresponseTime[39m: 12
[14:16:03.903] [32mINFO[39m (16748): [36mrequest completed[39m
    [35mreq[39m: {
      "id": 123,
      "method": "GET",
      "url": "/api/auth/me",
      "query": {},
      "params": {
        "path": [
          "auth",
          "me"
        ]
      },
      "headers": {
        "host": "localhost:4000",
        "connection": "keep-alive",
        "authorization": "Bearer eyJhbGciOiJIUzI1NiIsInR5cCI6IkpXVCJ9.eyJzdWIiOiJ1c2VyLWFkbWluIiwiZW1haWwiOiJhZG1pbkBndW5nbmlyLmxvY2FsIiwicm9sZXMiOlsiYWRtaW4iXSwiaWF0IjoxNzc5MTI3ODUyLCJleHAiOjE3NzkxMjg3NTJ9.Y9SQHLJLtvfaJeValbCE-gC__xFDJSQxJCfzyOh7Rb0",
        "accept": "*/*",
        "accept-language": "*",
        "sec-fetch-mode": "cors",
        "user-agent": "node",
        "pragma": "no-cache",
        "cache-control": "no-cache",
        "accept-encoding": "gzip, deflate"
      },
      "remoteAddress": "127.0.0.1",
      "remotePort": 55682
    }
    [35mres[39m: {
      "statusCode": 200,
      "headers": {
        "content-security-policy": "default-src 'self';base-uri 'self';font-src 'self' https: data:;form-action 'self';frame-ancestors 'self';img-src 'self' data:;object-src 'none';script-src 'self';script-src-attr 'none';style-src 'self' https: 'unsafe-inline';upgrade-insecure-requests",
        "cross-origin-opener-policy": "same-origin",
        "cross-origin-resource-policy": "same-origin",
        "origin-agent-cluster": "?1",
        "referrer-policy": "no-referrer",
        "strict-transport-security": "max-age=31536000; includeSubDomains",
        "x-content-type-options": "nosniff",
        "x-dns-prefetch-control": "off",
        "x-download-options": "noopen",
        "x-frame-options": "SAMEORIGIN",
        "x-permitted-cross-domain-policies": "none",
        "x-xss-protection": "0",
        "vary": "Origin",
        "access-control-allow-credentials": "true",
        "x-ratelimit-limit": "120",
        "x-ratelimit-remaining": "111",
        "x-ratelimit-reset": "47",
        "x-correlation-id": "a1dcfd65-3675-49ae-ba48-8d98dedc4f95",
        "content-type": "application/json; charset=utf-8",
        "content-length": "116",
        "etag": "W/\"74-/b46aDDUaZf4MZqJ7pPQf3/bWeQ\""
      }
    }
    [35mresponseTime[39m: 9
[14:16:03.926] [32mINFO[39m (16748): [36mrequest completed[39m
    [35mreq[39m: {
      "id": 124,
      "method": "GET",
      "url": "/api/v1/operations/snapshot",
      "query": {},
      "params": {
        "path": [
          "v1",
          "operations",
          "snapshot"
        ]
      },
      "headers": {
        "host": "localhost:4000",
        "connection": "keep-alive",
        "authorization": "Bearer eyJhbGciOiJIUzI1NiIsInR5cCI6IkpXVCJ9.eyJzdWIiOiJ1c2VyLWFkbWluIiwiZW1haWwiOiJhZG1pbkBndW5nbmlyLmxvY2FsIiwicm9sZXMiOlsiYWRtaW4iXSwiaWF0IjoxNzc5MTI3ODUyLCJleHAiOjE3NzkxMjg3NTJ9.Y9SQHLJLtvfaJeValbCE-gC__xFDJSQxJCfzyOh7Rb0",
        "accept": "*/*",
        "accept-language": "*",
        "sec-fetch-mode": "cors",
        "user-agent": "node",
        "pragma": "no-cache",
        "cache-control": "no-cache",
        "accept-encoding": "gzip, deflate"
      },
      "remoteAddress": "127.0.0.1",
      "remotePort": 55684
    }
    [35mres[39m: {
      "statusCode": 200,
      "headers": {
        "content-security-policy": "default-src 'self';base-uri 'self';font-src 'self' https: data:;form-action 'self';frame-ancestors 'self';img-src 'self' data:;object-src 'none';script-src 'self';script-src-attr 'none';style-src 'self' https: 'unsafe-inline';upgrade-insecure-requests",
        "cross-origin-opener-policy": "same-origin",
        "cross-origin-resource-policy": "same-origin",
        "origin-agent-cluster": "?1",
        "referrer-policy": "no-referrer",
        "strict-transport-security": "max-age=31536000; includeSubDomains",
        "x-content-type-options": "nosniff",
        "x-dns-prefetch-control": "off",
        "x-download-options": "noopen",
        "x-frame-options": "SAMEORIGIN",
        "x-permitted-cross-domain-policies": "none",
        "x-xss-protection": "0",
        "vary": "Origin",
        "access-control-allow-credentials": "true",
        "x-ratelimit-limit": "120",
        "x-ratelimit-remaining": "114",
        "x-ratelimit-reset": "55",
        "x-correlation-id": "06a8829b-189a-4527-b516-0a5cb4765539",
        "content-type": "application/json; charset=utf-8",
        "content-length": "1379",
        "etag": "W/\"563-axCvjgdm6sWi1wVRNb5Zw5Ffvds\""
      }
    }
    [35mresponseTime[39m: 14
[14:16:04.281] [34mDEBUG[39m (16748): [36mRealtime client connected: Z220gn1oyp42PAqZAAAJ[39m
    [35mcontext[39m: "RealtimeGateway"
[14:16:05.914] [32mINFO[39m (16748): [36mrequest completed[39m
    [35mreq[39m: {
      "id": 125,
      "method": "POST",
      "url": "/api/alerts/alert-001/ack",
      "query": {},
      "params": {
        "path": [
          "alerts",
          "alert-001",
          "ack"
        ]
      },
      "headers": {
        "host": "localhost:4000",
        "connection": "keep-alive",
        "authorization": "Bearer eyJhbGciOiJIUzI1NiIsInR5cCI6IkpXVCJ9.eyJzdWIiOiJ1c2VyLWFkbWluIiwiZW1haWwiOiJhZG1pbkBndW5nbmlyLmxvY2FsIiwicm9sZXMiOlsiYWRtaW4iXSwiaWF0IjoxNzc5MTI3ODUyLCJleHAiOjE3NzkxMjg3NTJ9.Y9SQHLJLtvfaJeValbCE-gC__xFDJSQxJCfzyOh7Rb0",
        "content-type": "text/plain;charset=UTF-8",
        "accept": "*/*",
        "accept-language": "*",
        "sec-fetch-mode": "cors",
        "user-agent": "node",
        "pragma": "no-cache",
        "cache-control": "no-cache",
        "accept-encoding": "gzip, deflate",
        "content-length": "0"
      },
      "remoteAddress": "127.0.0.1",
      "remotePort": 55682
    }
    [35mres[39m: {
      "statusCode": 201,
      "headers": {
        "content-security-policy": "default-src 'self';base-uri 'self';font-src 'self' https: data:;form-action 'self';frame-ancestors 'self';img-src 'self' data:;object-src 'none';script-src 'self';script-src-attr 'none';style-src 'self' https: 'unsafe-inline';upgrade-insecure-requests",
        "cross-origin-opener-policy": "same-origin",
        "cross-origin-resource-policy": "same-origin",
        "origin-agent-cluster": "?1",
        "referrer-policy": "no-referrer",
        "strict-transport-security": "max-age=31536000; includeSubDomains",
        "x-content-type-options": "nosniff",
        "x-dns-prefetch-control": "off",
        "x-download-options": "noopen",
        "x-frame-options": "SAMEORIGIN",
        "x-permitted-cross-domain-policies": "none",
        "x-xss-protection": "0",
        "vary": "Origin",
        "access-control-allow-credentials": "true",
        "x-ratelimit-limit": "120",
        "x-ratelimit-remaining": "119",
        "x-ratelimit-reset": "60",
        "x-correlation-id": "4c111a5a-5004-4090-bb7a-a23e55665127",
        "content-type": "application/json; charset=utf-8",
        "content-length": "362",
        "etag": "W/\"16a-nI1JewSDKCwKSmHIf0g3HZI7mY4\""
      }
    }
    [35mresponseTime[39m: 13
[14:16:05.939] [32mINFO[39m (16748): [36mrequest completed[39m
    [35mreq[39m: {
      "id": 126,
      "method": "GET",
      "url": "/api/alerts",
      "query": {},
      "params": {
        "path": [
          "alerts"
        ]
      },
      "headers": {
        "host": "localhost:4000",
        "connection": "keep-alive",
        "authorization": "Bearer eyJhbGciOiJIUzI1NiIsInR5cCI6IkpXVCJ9.eyJzdWIiOiJ1c2VyLWFkbWluIiwiZW1haWwiOiJhZG1pbkBndW5nbmlyLmxvY2FsIiwicm9sZXMiOlsiYWRtaW4iXSwiaWF0IjoxNzc5MTI3ODUyLCJleHAiOjE3NzkxMjg3NTJ9.Y9SQHLJLtvfaJeValbCE-gC__xFDJSQxJCfzyOh7Rb0",
        "accept": "*/*",
        "accept-language": "*",
        "sec-fetch-mode": "cors",
        "user-agent": "node",
        "pragma": "no-cache",
        "cache-control": "no-cache",
        "accept-encoding": "gzip, deflate"
      },
      "remoteAddress": "127.0.0.1",
      "remotePort": 55682
    }
    [35mres[39m: {
      "statusCode": 200,
      "headers": {
        "content-security-policy": "default-src 'self';base-uri 'self';font-src 'self' https: data:;form-action 'self';frame-ancestors 'self';img-src 'self' data:;object-src 'none';script-src 'self';script-src-attr 'none';style-src 'self' https: 'unsafe-inline';upgrade-insecure-requests",
        "cross-origin-opener-policy": "same-origin",
        "cross-origin-resource-policy": "same-origin",
        "origin-agent-cluster": "?1",
        "referrer-policy": "no-referrer",
        "strict-transport-security": "max-age=31536000; includeSubDomains",
        "x-content-type-options": "nosniff",
        "x-dns-prefetch-control": "off",
        "x-download-options": "noopen",
        "x-frame-options": "SAMEORIGIN",
        "x-permitted-cross-domain-policies": "none",
        "x-xss-protection": "0",
        "vary": "Origin",
        "access-control-allow-credentials": "true",
        "x-ratelimit-limit": "120",
        "x-ratelimit-remaining": "119",
        "x-ratelimit-reset": "60",
        "x-correlation-id": "f5e0bdfa-60ed-4535-8b49-c2412c3140d2",
        "content-type": "application/json; charset=utf-8",
        "content-length": "364",
        "etag": "W/\"16c-0THK190k6qXZMXAFqgYgREE5Qzs\""
      }
    }
    [35mresponseTime[39m: 3
[14:16:06.874] [32mINFO[39m (16748): [36mrequest completed[39m
    [35mreq[39m: {
      "id": 127,
      "method": "POST",
      "url": "/api/alerts/alert-001/resolve",
      "query": {},
      "params": {
        "path": [
          "alerts",
          "alert-001",
          "resolve"
        ]
      },
      "headers": {
        "host": "localhost:4000",
        "connection": "keep-alive",
        "authorization": "Bearer eyJhbGciOiJIUzI1NiIsInR5cCI6IkpXVCJ9.eyJzdWIiOiJ1c2VyLWFkbWluIiwiZW1haWwiOiJhZG1pbkBndW5nbmlyLmxvY2FsIiwicm9sZXMiOlsiYWRtaW4iXSwiaWF0IjoxNzc5MTI3ODUyLCJleHAiOjE3NzkxMjg3NTJ9.Y9SQHLJLtvfaJeValbCE-gC__xFDJSQxJCfzyOh7Rb0",
        "content-type": "text/plain;charset=UTF-8",
        "accept": "*/*",
        "accept-language": "*",
        "sec-fetch-mode": "cors",
        "user-agent": "node",
        "pragma": "no-cache",
        "cache-control": "no-cache",
        "accept-encoding": "gzip, deflate",
        "content-length": "0"
      },
      "remoteAddress": "127.0.0.1",
      "remotePort": 55682
    }
    [35mres[39m: {
      "statusCode": 201,
      "headers": {
        "content-security-policy": "default-src 'self';base-uri 'self';font-src 'self' https: data:;form-action 'self';frame-ancestors 'self';img-src 'self' data:;object-src 'none';script-src 'self';script-src-attr 'none';style-src 'self' https: 'unsafe-inline';upgrade-insecure-requests",
        "cross-origin-opener-policy": "same-origin",
        "cross-origin-resource-policy": "same-origin",
        "origin-agent-cluster": "?1",
        "referrer-policy": "no-referrer",
        "strict-transport-security": "max-age=31536000; includeSubDomains",
        "x-content-type-options": "nosniff",
        "x-dns-prefetch-control": "off",
        "x-download-options": "noopen",
        "x-frame-options": "SAMEORIGIN",
        "x-permitted-cross-domain-policies": "none",
        "x-xss-protection": "0",
        "vary": "Origin",
        "access-control-allow-credentials": "true",
        "x-ratelimit-limit": "120",
        "x-ratelimit-remaining": "119",
        "x-ratelimit-reset": "60",
        "x-correlation-id": "f89cffec-5b7b-44b6-96cc-a96b9c511390",
        "content-type": "application/json; charset=utf-8",
        "content-length": "380",
        "etag": "W/\"17c-AEVgIFQmZPRNGsprhOTRBfypQQ8\""
      }
    }
    [35mresponseTime[39m: 18
[14:16:06.920] [32mINFO[39m (16748): [36mrequest completed[39m
    [35mreq[39m: {
      "id": 128,
      "method": "GET",
      "url": "/api/alerts",
      "query": {},
      "params": {
        "path": [
          "alerts"
        ]
      },
      "headers": {
        "host": "localhost:4000",
        "connection": "keep-alive",
        "authorization": "Bearer eyJhbGciOiJIUzI1NiIsInR5cCI6IkpXVCJ9.eyJzdWIiOiJ1c2VyLWFkbWluIiwiZW1haWwiOiJhZG1pbkBndW5nbmlyLmxvY2FsIiwicm9sZXMiOlsiYWRtaW4iXSwiaWF0IjoxNzc5MTI3ODUyLCJleHAiOjE3NzkxMjg3NTJ9.Y9SQHLJLtvfaJeValbCE-gC__xFDJSQxJCfzyOh7Rb0",
        "accept": "*/*",
        "accept-language": "*",
        "sec-fetch-mode": "cors",
        "user-agent": "node",
        "pragma": "no-cache",
        "cache-control": "no-cache",
        "accept-encoding": "gzip, deflate"
      },
      "remoteAddress": "127.0.0.1",
      "remotePort": 55682
    }
    [35mres[39m: {
      "statusCode": 200,
      "headers": {
        "content-security-policy": "default-src 'self';base-uri 'self';font-src 'self' https: data:;form-action 'self';frame-ancestors 'self';img-src 'self' data:;object-src 'none';script-src 'self';script-src-attr 'none';style-src 'self' https: 'unsafe-inline';upgrade-insecure-requests",
        "cross-origin-opener-policy": "same-origin",
        "cross-origin-resource-policy": "same-origin",
        "origin-agent-cluster": "?1",
        "referrer-policy": "no-referrer",
        "strict-transport-security": "max-age=31536000; includeSubDomains",
        "x-content-type-options": "nosniff",
        "x-dns-prefetch-control": "off",
        "x-download-options": "noopen",
        "x-frame-options": "SAMEORIGIN",
        "x-permitted-cross-domain-policies": "none",
        "x-xss-protection": "0",
        "vary": "Origin",
        "access-control-allow-credentials": "true",
        "x-ratelimit-limit": "120",
        "x-ratelimit-remaining": "118",
        "x-ratelimit-reset": "60",
        "x-correlation-id": "e02e2535-30c6-42e0-af0e-df1017f66cd0",
        "content-type": "application/json; charset=utf-8",
        "content-length": "382",
        "etag": "W/\"17e-7aZc0mzKDNfun4bMMeGVFimoCL8\""
      }
    }
    [35mresponseTime[39m: 2
[14:16:07.953] [32mINFO[39m (16748): [36mrequest completed[39m
    [35mreq[39m: {
      "id": 129,
      "method": "GET",
      "url": "/api/auth/me",
      "query": {},
      "params": {
        "path": [
          "auth",
          "me"
        ]
      },
      "headers": {
        "host": "localhost:4000",
        "connection": "keep-alive",
        "authorization": "Bearer eyJhbGciOiJIUzI1NiIsInR5cCI6IkpXVCJ9.eyJzdWIiOiJ1c2VyLWFkbWluIiwiZW1haWwiOiJhZG1pbkBndW5nbmlyLmxvY2FsIiwicm9sZXMiOlsiYWRtaW4iXSwiaWF0IjoxNzc5MTI3ODUyLCJleHAiOjE3NzkxMjg3NTJ9.Y9SQHLJLtvfaJeValbCE-gC__xFDJSQxJCfzyOh7Rb0",
        "accept": "*/*",
        "accept-language": "*",
        "sec-fetch-mode": "cors",
        "user-agent": "node",
        "pragma": "no-cache",
        "cache-control": "no-cache",
        "accept-encoding": "gzip, deflate"
      },
      "remoteAddress": "127.0.0.1",
      "remotePort": 55682
    }
    [35mres[39m: {
      "statusCode": 200,
      "headers": {
        "content-security-policy": "default-src 'self';base-uri 'self';font-src 'self' https: data:;form-action 'self';frame-ancestors 'self';img-src 'self' data:;object-src 'none';script-src 'self';script-src-attr 'none';style-src 'self' https: 'unsafe-inline';upgrade-insecure-requests",
        "cross-origin-opener-policy": "same-origin",
        "cross-origin-resource-policy": "same-origin",
        "origin-agent-cluster": "?1",
        "referrer-policy": "no-referrer",
        "strict-transport-security": "max-age=31536000; includeSubDomains",
        "x-content-type-options": "nosniff",
        "x-dns-prefetch-control": "off",
        "x-download-options": "noopen",
        "x-frame-options": "SAMEORIGIN",
        "x-permitted-cross-domain-policies": "none",
        "x-xss-protection": "0",
        "vary": "Origin",
        "access-control-allow-credentials": "true",
        "x-ratelimit-limit": "120",
        "x-ratelimit-remaining": "110",
        "x-ratelimit-reset": "43",
        "x-correlation-id": "6ef6884b-9da1-48d5-a198-2b4692be66eb",
        "content-type": "application/json; charset=utf-8",
        "content-length": "116",
        "etag": "W/\"74-/b46aDDUaZf4MZqJ7pPQf3/bWeQ\""
      }
    }
    [35mresponseTime[39m: 7
[14:16:07.984] [32mINFO[39m (16748): [36mrequest completed[39m
    [35mreq[39m: {
      "id": 130,
      "method": "GET",
      "url": "/api/v1/operations/bootstrap",
      "query": {},
      "params": {
        "path": [
          "v1",
          "operations",
          "bootstrap"
        ]
      },
      "headers": {
        "host": "localhost:4000",
        "connection": "keep-alive",
        "authorization": "Bearer eyJhbGciOiJIUzI1NiIsInR5cCI6IkpXVCJ9.eyJzdWIiOiJ1c2VyLWFkbWluIiwiZW1haWwiOiJhZG1pbkBndW5nbmlyLmxvY2FsIiwicm9sZXMiOlsiYWRtaW4iXSwiaWF0IjoxNzc5MTI3ODUyLCJleHAiOjE3NzkxMjg3NTJ9.Y9SQHLJLtvfaJeValbCE-gC__xFDJSQxJCfzyOh7Rb0",
        "accept": "*/*",
        "accept-language": "*",
        "sec-fetch-mode": "cors",
        "user-agent": "node",
        "pragma": "no-cache",
        "cache-control": "no-cache",
        "accept-encoding": "gzip, deflate"
      },
      "remoteAddress": "127.0.0.1",
      "remotePort": 62752
    }
    [35mres[39m: {
      "statusCode": 200,
      "headers": {
        "content-security-policy": "default-src 'self';base-uri 'self';font-src 'self' https: data:;form-action 'self';frame-ancestors 'self';img-src 'self' data:;object-src 'none';script-src 'self';script-src-attr 'none';style-src 'self' https: 'unsafe-inline';upgrade-insecure-requests",
        "cross-origin-opener-policy": "same-origin",
        "cross-origin-resource-policy": "same-origin",
        "origin-agent-cluster": "?1",
        "referrer-policy": "no-referrer",
        "strict-transport-security": "max-age=31536000; includeSubDomains",
        "x-content-type-options": "nosniff",
        "x-dns-prefetch-control": "off",
        "x-download-options": "noopen",
        "x-frame-options": "SAMEORIGIN",
        "x-permitted-cross-domain-policies": "none",
        "x-xss-protection": "0",
        "vary": "Origin",
        "access-control-allow-credentials": "true",
        "x-ratelimit-limit": "120",
        "x-ratelimit-remaining": "116",
        "x-ratelimit-reset": "43",
        "x-correlation-id": "4172a663-8bf0-4abc-a849-736983aa854a",
        "content-type": "application/json; charset=utf-8",
        "content-length": "1664",
        "etag": "W/\"680-D+Khs932xKrkqHJ/OifJAG0fYgo\""
      }
    }
    [35mresponseTime[39m: 16
[14:16:08.032] [32mINFO[39m (16748): [36mrequest completed[39m
    [35mreq[39m: {
      "id": 131,
      "method": "GET",
      "url": "/api/auth/me",
      "query": {},
      "params": {
        "path": [
          "auth",
          "me"
        ]
      },
      "headers": {
        "host": "localhost:4000",
        "connection": "keep-alive",
        "authorization": "Bearer eyJhbGciOiJIUzI1NiIsInR5cCI6IkpXVCJ9.eyJzdWIiOiJ1c2VyLWFkbWluIiwiZW1haWwiOiJhZG1pbkBndW5nbmlyLmxvY2FsIiwicm9sZXMiOlsiYWRtaW4iXSwiaWF0IjoxNzc5MTI3ODUyLCJleHAiOjE3NzkxMjg3NTJ9.Y9SQHLJLtvfaJeValbCE-gC__xFDJSQxJCfzyOh7Rb0",
        "accept": "*/*",
        "accept-language": "*",
        "sec-fetch-mode": "cors",
        "user-agent": "node",
        "pragma": "no-cache",
        "cache-control": "no-cache",
        "accept-encoding": "gzip, deflate"
      },
      "remoteAddress": "127.0.0.1",
      "remotePort": 55682
    }
    [35mres[39m: {
      "statusCode": 200,
      "headers": {
        "content-security-policy": "default-src 'self';base-uri 'self';font-src 'self' https: data:;form-action 'self';frame-ancestors 'self';img-src 'self' data:;object-src 'none';script-src 'self';script-src-attr 'none';style-src 'self' https: 'unsafe-inline';upgrade-insecure-requests",
        "cross-origin-opener-policy": "same-origin",
        "cross-origin-resource-policy": "same-origin",
        "origin-agent-cluster": "?1",
        "referrer-policy": "no-referrer",
        "strict-transport-security": "max-age=31536000; includeSubDomains",
        "x-content-type-options": "nosniff",
        "x-dns-prefetch-control": "off",
        "x-download-options": "noopen",
        "x-frame-options": "SAMEORIGIN",
        "x-permitted-cross-domain-policies": "none",
        "x-xss-protection": "0",
        "vary": "Origin",
        "access-control-allow-credentials": "true",
        "x-ratelimit-limit": "120",
        "x-ratelimit-remaining": "109",
        "x-ratelimit-reset": "43",
        "x-correlation-id": "7fe4fd2d-04a4-4e3b-b07b-14439a4e9d84",
        "content-type": "application/json; charset=utf-8",
        "content-length": "116",
        "etag": "W/\"74-/b46aDDUaZf4MZqJ7pPQf3/bWeQ\""
      }
    }
    [35mresponseTime[39m: 4
[14:16:08.091] [32mINFO[39m (16748): [36mrequest completed[39m
    [35mreq[39m: {
      "id": 133,
      "method": "GET",
      "url": "/api/devices",
      "query": {},
      "params": {
        "path": [
          "devices"
        ]
      },
      "headers": {
        "host": "localhost:4000",
        "connection": "keep-alive",
        "authorization": "Bearer eyJhbGciOiJIUzI1NiIsInR5cCI6IkpXVCJ9.eyJzdWIiOiJ1c2VyLWFkbWluIiwiZW1haWwiOiJhZG1pbkBndW5nbmlyLmxvY2FsIiwicm9sZXMiOlsiYWRtaW4iXSwiaWF0IjoxNzc5MTI3ODUyLCJleHAiOjE3NzkxMjg3NTJ9.Y9SQHLJLtvfaJeValbCE-gC__xFDJSQxJCfzyOh7Rb0",
        "accept": "*/*",
        "accept-language": "*",
        "sec-fetch-mode": "cors",
        "user-agent": "node",
        "pragma": "no-cache",
        "cache-control": "no-cache",
        "accept-encoding": "gzip, deflate"
      },
      "remoteAddress": "127.0.0.1",
      "remotePort": 62752
    }
    [35mres[39m: {
      "statusCode": 200,
      "headers": {
        "content-security-policy": "default-src 'self';base-uri 'self';font-src 'self' https: data:;form-action 'self';frame-ancestors 'self';img-src 'self' data:;object-src 'none';script-src 'self';script-src-attr 'none';style-src 'self' https: 'unsafe-inline';upgrade-insecure-requests",
        "cross-origin-opener-policy": "same-origin",
        "cross-origin-resource-policy": "same-origin",
        "origin-agent-cluster": "?1",
        "referrer-policy": "no-referrer",
        "strict-transport-security": "max-age=31536000; includeSubDomains",
        "x-content-type-options": "nosniff",
        "x-dns-prefetch-control": "off",
        "x-download-options": "noopen",
        "x-frame-options": "SAMEORIGIN",
        "x-permitted-cross-domain-policies": "none",
        "x-xss-protection": "0",
        "vary": "Origin",
        "access-control-allow-credentials": "true",
        "x-ratelimit-limit": "120",
        "x-ratelimit-remaining": "117",
        "x-ratelimit-reset": "52",
        "x-correlation-id": "4e2f35cf-d902-4516-9d10-768153aec61a",
        "content-type": "application/json; charset=utf-8",
        "content-length": "391",
        "etag": "W/\"187-wFixndeDMExMbypLdc/dp5I7KtI\""
      }
    }
    [35mresponseTime[39m: 4
[14:16:08.102] [32mINFO[39m (16748): [36mrequest completed[39m
    [35mreq[39m: {
      "id": 132,
      "method": "GET",
      "url": "/api/v1/operations/snapshot",
      "query": {},
      "params": {
        "path": [
          "v1",
          "operations",
          "snapshot"
        ]
      },
      "headers": {
        "host": "localhost:4000",
        "connection": "keep-alive",
        "authorization": "Bearer eyJhbGciOiJIUzI1NiIsInR5cCI6IkpXVCJ9.eyJzdWIiOiJ1c2VyLWFkbWluIiwiZW1haWwiOiJhZG1pbkBndW5nbmlyLmxvY2FsIiwicm9sZXMiOlsiYWRtaW4iXSwiaWF0IjoxNzc5MTI3ODUyLCJleHAiOjE3NzkxMjg3NTJ9.Y9SQHLJLtvfaJeValbCE-gC__xFDJSQxJCfzyOh7Rb0",
        "accept": "*/*",
        "accept-language": "*",
        "sec-fetch-mode": "cors",
        "user-agent": "node",
        "pragma": "no-cache",
        "cache-control": "no-cache",
        "accept-encoding": "gzip, deflate"
      },
      "remoteAddress": "127.0.0.1",
      "remotePort": 55682
    }
    [35mres[39m: {
      "statusCode": 200,
      "headers": {
        "content-security-policy": "default-src 'self';base-uri 'self';font-src 'self' https: data:;form-action 'self';frame-ancestors 'self';img-src 'self' data:;object-src 'none';script-src 'self';script-src-attr 'none';style-src 'self' https: 'unsafe-inline';upgrade-insecure-requests",
        "cross-origin-opener-policy": "same-origin",
        "cross-origin-resource-policy": "same-origin",
        "origin-agent-cluster": "?1",
        "referrer-policy": "no-referrer",
        "strict-transport-security": "max-age=31536000; includeSubDomains",
        "x-content-type-options": "nosniff",
        "x-dns-prefetch-control": "off",
        "x-download-options": "noopen",
        "x-frame-options": "SAMEORIGIN",
        "x-permitted-cross-domain-policies": "none",
        "x-xss-protection": "0",
        "vary": "Origin",
        "access-control-allow-credentials": "true",
        "x-ratelimit-limit": "120",
        "x-ratelimit-remaining": "113",
        "x-ratelimit-reset": "51",
        "x-correlation-id": "d67f12b5-fff8-42b7-a6d6-3a72b9fc631b",
        "content-type": "application/json; charset=utf-8",
        "content-length": "1383",
        "etag": "W/\"567-unN6uVC2nbWpSFQK1cI7Tj+KpGM\""
      }
    }
    [35mresponseTime[39m: 16
[14:16:08.141] [32mINFO[39m (16748): [36mrequest completed[39m
    [35mreq[39m: {
      "id": 135,
      "method": "GET",
      "url": "/api/tracks/current",
      "query": {},
      "params": {
        "path": [
          "tracks",
          "current"
        ]
      },
      "headers": {
        "host": "localhost:4000",
        "connection": "keep-alive",
        "authorization": "Bearer eyJhbGciOiJIUzI1NiIsInR5cCI6IkpXVCJ9.eyJzdWIiOiJ1c2VyLWFkbWluIiwiZW1haWwiOiJhZG1pbkBndW5nbmlyLmxvY2FsIiwicm9sZXMiOlsiYWRtaW4iXSwiaWF0IjoxNzc5MTI3ODUyLCJleHAiOjE3NzkxMjg3NTJ9.Y9SQHLJLtvfaJeValbCE-gC__xFDJSQxJCfzyOh7Rb0",
        "accept": "*/*",
        "accept-language": "*",
        "sec-fetch-mode": "cors",
        "user-agent": "node",
        "pragma": "no-cache",
        "cache-control": "no-cache",
        "accept-encoding": "gzip, deflate"
      },
      "remoteAddress": "127.0.0.1",
      "remotePort": 64607
    }
    [35mres[39m: {
      "statusCode": 200,
      "headers": {
        "content-security-policy": "default-src 'self';base-uri 'self';font-src 'self' https: data:;form-action 'self';frame-ancestors 'self';img-src 'self' data:;object-src 'none';script-src 'self';script-src-attr 'none';style-src 'self' https: 'unsafe-inline';upgrade-insecure-requests",
        "cross-origin-opener-policy": "same-origin",
        "cross-origin-resource-policy": "same-origin",
        "origin-agent-cluster": "?1",
        "referrer-policy": "no-referrer",
        "strict-transport-security": "max-age=31536000; includeSubDomains",
        "x-content-type-options": "nosniff",
        "x-dns-prefetch-control": "off",
        "x-download-options": "noopen",
        "x-frame-options": "SAMEORIGIN",
        "x-permitted-cross-domain-policies": "none",
        "x-xss-protection": "0",
        "vary": "Origin",
        "access-control-allow-credentials": "true",
        "x-ratelimit-limit": "120",
        "x-ratelimit-remaining": "117",
        "x-ratelimit-reset": "51",
        "x-correlation-id": "b89b6f55-72a4-4ae6-8659-7c2d6e2b9f88",
        "content-type": "application/json; charset=utf-8",
        "content-length": "2",
        "etag": "W/\"2-l9Fw4VUO7kr8CvBlt4zaMCqXZ0w\""
      }
    }
    [35mresponseTime[39m: 4
[14:16:08.142] [32mINFO[39m (16748): [36mrequest completed[39m
    [35mreq[39m: {
      "id": 134,
      "method": "GET",
      "url": "/api/telemetry",
      "query": {},
      "params": {
        "path": [
          "telemetry"
        ]
      },
      "headers": {
        "host": "localhost:4000",
        "connection": "keep-alive",
        "authorization": "Bearer eyJhbGciOiJIUzI1NiIsInR5cCI6IkpXVCJ9.eyJzdWIiOiJ1c2VyLWFkbWluIiwiZW1haWwiOiJhZG1pbkBndW5nbmlyLmxvY2FsIiwicm9sZXMiOlsiYWRtaW4iXSwiaWF0IjoxNzc5MTI3ODUyLCJleHAiOjE3NzkxMjg3NTJ9.Y9SQHLJLtvfaJeValbCE-gC__xFDJSQxJCfzyOh7Rb0",
        "accept": "*/*",
        "accept-language": "*",
        "sec-fetch-mode": "cors",
        "user-agent": "node",
        "pragma": "no-cache",
        "cache-control": "no-cache",
        "accept-encoding": "gzip, deflate"
      },
      "remoteAddress": "127.0.0.1",
      "remotePort": 55682
    }
    [35mres[39m: {
      "statusCode": 200,
      "headers": {
        "content-security-policy": "default-src 'self';base-uri 'self';font-src 'self' https: data:;form-action 'self';frame-ancestors 'self';img-src 'self' data:;object-src 'none';script-src 'self';script-src-attr 'none';style-src 'self' https: 'unsafe-inline';upgrade-insecure-requests",
        "cross-origin-opener-policy": "same-origin",
        "cross-origin-resource-policy": "same-origin",
        "origin-agent-cluster": "?1",
        "referrer-policy": "no-referrer",
        "strict-transport-security": "max-age=31536000; includeSubDomains",
        "x-content-type-options": "nosniff",
        "x-dns-prefetch-control": "off",
        "x-download-options": "noopen",
        "x-frame-options": "SAMEORIGIN",
        "x-permitted-cross-domain-policies": "none",
        "x-xss-protection": "0",
        "vary": "Origin",
        "access-control-allow-credentials": "true",
        "x-ratelimit-limit": "120",
        "x-ratelimit-remaining": "117",
        "x-ratelimit-reset": "51",
        "x-correlation-id": "9954366d-8951-4f9f-a0b8-f08748fe2a15",
        "content-type": "application/json; charset=utf-8",
        "content-length": "426",
        "etag": "W/\"1aa-bjbCYD4WhTpb5Q/I7yK/VOE8NPE\""
      }
    }
    [35mresponseTime[39m: 7
[14:16:08.143] [32mINFO[39m (16748): [36mrequest completed[39m
    [35mreq[39m: {
      "id": 136,
      "method": "GET",
      "url": "/api/tracks/history",
      "query": {},
      "params": {
        "path": [
          "tracks",
          "history"
        ]
      },
      "headers": {
        "host": "localhost:4000",
        "connection": "keep-alive",
        "authorization": "Bearer eyJhbGciOiJIUzI1NiIsInR5cCI6IkpXVCJ9.eyJzdWIiOiJ1c2VyLWFkbWluIiwiZW1haWwiOiJhZG1pbkBndW5nbmlyLmxvY2FsIiwicm9sZXMiOlsiYWRtaW4iXSwiaWF0IjoxNzc5MTI3ODUyLCJleHAiOjE3NzkxMjg3NTJ9.Y9SQHLJLtvfaJeValbCE-gC__xFDJSQxJCfzyOh7Rb0",
        "accept": "*/*",
        "accept-language": "*",
        "sec-fetch-mode": "cors",
        "user-agent": "node",
        "pragma": "no-cache",
        "cache-control": "no-cache",
        "accept-encoding": "gzip, deflate"
      },
      "remoteAddress": "127.0.0.1",
      "remotePort": 64608
    }
    [35mres[39m: {
      "statusCode": 200,
      "headers": {
        "content-security-policy": "default-src 'self';base-uri 'self';font-src 'self' https: data:;form-action 'self';frame-ancestors 'self';img-src 'self' data:;object-src 'none';script-src 'self';script-src-attr 'none';style-src 'self' https: 'unsafe-inline';upgrade-insecure-requests",
        "cross-origin-opener-policy": "same-origin",
        "cross-origin-resource-policy": "same-origin",
        "origin-agent-cluster": "?1",
        "referrer-policy": "no-referrer",
        "strict-transport-security": "max-age=31536000; includeSubDomains",
        "x-content-type-options": "nosniff",
        "x-dns-prefetch-control": "off",
        "x-download-options": "noopen",
        "x-frame-options": "SAMEORIGIN",
        "x-permitted-cross-domain-policies": "none",
        "x-xss-protection": "0",
        "vary": "Origin",
        "access-control-allow-credentials": "true",
        "x-ratelimit-limit": "120",
        "x-ratelimit-remaining": "117",
        "x-ratelimit-reset": "51",
        "x-correlation-id": "8d836010-c637-4fc0-85d0-09413663651f",
        "content-type": "application/json; charset=utf-8",
        "content-length": "2",
        "etag": "W/\"2-l9Fw4VUO7kr8CvBlt4zaMCqXZ0w\""
      }
    }
    [35mresponseTime[39m: 3
[14:16:08.159] [32mINFO[39m (16748): [36mrequest completed[39m
    [35mreq[39m: {
      "id": 137,
      "method": "GET",
      "url": "/api/commands",
      "query": {},
      "params": {
        "path": [
          "commands"
        ]
      },
      "headers": {
        "host": "localhost:4000",
        "connection": "keep-alive",
        "authorization": "Bearer eyJhbGciOiJIUzI1NiIsInR5cCI6IkpXVCJ9.eyJzdWIiOiJ1c2VyLWFkbWluIiwiZW1haWwiOiJhZG1pbkBndW5nbmlyLmxvY2FsIiwicm9sZXMiOlsiYWRtaW4iXSwiaWF0IjoxNzc5MTI3ODUyLCJleHAiOjE3NzkxMjg3NTJ9.Y9SQHLJLtvfaJeValbCE-gC__xFDJSQxJCfzyOh7Rb0",
        "accept": "*/*",
        "accept-language": "*",
        "sec-fetch-mode": "cors",
        "user-agent": "node",
        "pragma": "no-cache",
        "cache-control": "no-cache",
        "accept-encoding": "gzip, deflate"
      },
      "remoteAddress": "127.0.0.1",
      "remotePort": 62752
    }
    [35mres[39m: {
      "statusCode": 200,
      "headers": {
        "content-security-policy": "default-src 'self';base-uri 'self';font-src 'self' https: data:;form-action 'self';frame-ancestors 'self';img-src 'self' data:;object-src 'none';script-src 'self';script-src-attr 'none';style-src 'self' https: 'unsafe-inline';upgrade-insecure-requests",
        "cross-origin-opener-policy": "same-origin",
        "cross-origin-resource-policy": "same-origin",
        "origin-agent-cluster": "?1",
        "referrer-policy": "no-referrer",
        "strict-transport-security": "max-age=31536000; includeSubDomains",
        "x-content-type-options": "nosniff",
        "x-dns-prefetch-control": "off",
        "x-download-options": "noopen",
        "x-frame-options": "SAMEORIGIN",
        "x-permitted-cross-domain-policies": "none",
        "x-xss-protection": "0",
        "vary": "Origin",
        "access-control-allow-credentials": "true",
        "x-ratelimit-limit": "120",
        "x-ratelimit-remaining": "117",
        "x-ratelimit-reset": "51",
        "x-correlation-id": "da781daa-6105-40cb-a79e-b332856b6721",
        "content-type": "application/json; charset=utf-8",
        "content-length": "2",
        "etag": "W/\"2-l9Fw4VUO7kr8CvBlt4zaMCqXZ0w\""
      }
    }
    [35mresponseTime[39m: 4
[14:16:08.189] [32mINFO[39m (16748): [36mrequest completed[39m
    [35mreq[39m: {
      "id": 138,
      "method": "GET",
      "url": "/api/missions",
      "query": {},
      "params": {
        "path": [
          "missions"
        ]
      },
      "headers": {
        "host": "localhost:4000",
        "connection": "keep-alive",
        "authorization": "Bearer eyJhbGciOiJIUzI1NiIsInR5cCI6IkpXVCJ9.eyJzdWIiOiJ1c2VyLWFkbWluIiwiZW1haWwiOiJhZG1pbkBndW5nbmlyLmxvY2FsIiwicm9sZXMiOlsiYWRtaW4iXSwiaWF0IjoxNzc5MTI3ODUyLCJleHAiOjE3NzkxMjg3NTJ9.Y9SQHLJLtvfaJeValbCE-gC__xFDJSQxJCfzyOh7Rb0",
        "accept": "*/*",
        "accept-language": "*",
        "sec-fetch-mode": "cors",
        "user-agent": "node",
        "pragma": "no-cache",
        "cache-control": "no-cache",
        "accept-encoding": "gzip, deflate"
      },
      "remoteAddress": "127.0.0.1",
      "remotePort": 55682
    }
    [35mres[39m: {
      "statusCode": 200,
      "headers": {
        "content-security-policy": "default-src 'self';base-uri 'self';font-src 'self' https: data:;form-action 'self';frame-ancestors 'self';img-src 'self' data:;object-src 'none';script-src 'self';script-src-attr 'none';style-src 'self' https: 'unsafe-inline';upgrade-insecure-requests",
        "cross-origin-opener-policy": "same-origin",
        "cross-origin-resource-policy": "same-origin",
        "origin-agent-cluster": "?1",
        "referrer-policy": "no-referrer",
        "strict-transport-security": "max-age=31536000; includeSubDomains",
        "x-content-type-options": "nosniff",
        "x-dns-prefetch-control": "off",
        "x-download-options": "noopen",
        "x-frame-options": "SAMEORIGIN",
        "x-permitted-cross-domain-policies": "none",
        "x-xss-protection": "0",
        "vary": "Origin",
        "access-control-allow-credentials": "true",
        "x-ratelimit-limit": "120",
        "x-ratelimit-remaining": "116",
        "x-ratelimit-reset": "51",
        "x-correlation-id": "c2787294-70ff-4c75-a743-b7f65462bc65",
        "content-type": "application/json; charset=utf-8",
        "content-length": "2",
        "etag": "W/\"2-l9Fw4VUO7kr8CvBlt4zaMCqXZ0w\""
      }
    }
    [35mresponseTime[39m: 3
[14:16:08.210] [32mINFO[39m (16748): [36mrequest completed[39m
    [35mreq[39m: {
      "id": 139,
      "method": "GET",
      "url": "/api/auth/me",
      "query": {},
      "params": {
        "path": [
          "auth",
          "me"
        ]
      },
      "headers": {
        "host": "localhost:4000",
        "connection": "keep-alive",
        "authorization": "Bearer eyJhbGciOiJIUzI1NiIsInR5cCI6IkpXVCJ9.eyJzdWIiOiJ1c2VyLWFkbWluIiwiZW1haWwiOiJhZG1pbkBndW5nbmlyLmxvY2FsIiwicm9sZXMiOlsiYWRtaW4iXSwiaWF0IjoxNzc5MTI3ODUyLCJleHAiOjE3NzkxMjg3NTJ9.Y9SQHLJLtvfaJeValbCE-gC__xFDJSQxJCfzyOh7Rb0",
        "accept": "*/*",
        "accept-language": "*",
        "sec-fetch-mode": "cors",
        "user-agent": "node",
        "pragma": "no-cache",
        "cache-control": "no-cache",
        "accept-encoding": "gzip, deflate"
      },
      "remoteAddress": "127.0.0.1",
      "remotePort": 55682
    }
    [35mres[39m: {
      "statusCode": 200,
      "headers": {
        "content-security-policy": "default-src 'self';base-uri 'self';font-src 'self' https: data:;form-action 'self';frame-ancestors 'self';img-src 'self' data:;object-src 'none';script-src 'self';script-src-attr 'none';style-src 'self' https: 'unsafe-inline';upgrade-insecure-requests",
        "cross-origin-opener-policy": "same-origin",
        "cross-origin-resource-policy": "same-origin",
        "origin-agent-cluster": "?1",
        "referrer-policy": "no-referrer",
        "strict-transport-security": "max-age=31536000; includeSubDomains",
        "x-content-type-options": "nosniff",
        "x-dns-prefetch-control": "off",
        "x-download-options": "noopen",
        "x-frame-options": "SAMEORIGIN",
        "x-permitted-cross-domain-policies": "none",
        "x-xss-protection": "0",
        "vary": "Origin",
        "access-control-allow-credentials": "true",
        "x-ratelimit-limit": "120",
        "x-ratelimit-remaining": "108",
        "x-ratelimit-reset": "43",
        "x-correlation-id": "b3c83f85-4f27-4d29-84de-72fb49ce1013",
        "content-type": "application/json; charset=utf-8",
        "content-length": "116",
        "etag": "W/\"74-/b46aDDUaZf4MZqJ7pPQf3/bWeQ\""
      }
    }
    [35mresponseTime[39m: 5
[14:16:08.223] [32mINFO[39m (16748): [36mrequest completed[39m
    [35mreq[39m: {
      "id": 140,
      "method": "GET",
      "url": "/api/geofences",
      "query": {},
      "params": {
        "path": [
          "geofences"
        ]
      },
      "headers": {
        "host": "localhost:4000",
        "connection": "keep-alive",
        "authorization": "Bearer eyJhbGciOiJIUzI1NiIsInR5cCI6IkpXVCJ9.eyJzdWIiOiJ1c2VyLWFkbWluIiwiZW1haWwiOiJhZG1pbkBndW5nbmlyLmxvY2FsIiwicm9sZXMiOlsiYWRtaW4iXSwiaWF0IjoxNzc5MTI3ODUyLCJleHAiOjE3NzkxMjg3NTJ9.Y9SQHLJLtvfaJeValbCE-gC__xFDJSQxJCfzyOh7Rb0",
        "accept": "*/*",
        "accept-language": "*",
        "sec-fetch-mode": "cors",
        "user-agent": "node",
        "pragma": "no-cache",
        "cache-control": "no-cache",
        "accept-encoding": "gzip, deflate"
      },
      "remoteAddress": "127.0.0.1",
      "remotePort": 62752
    }
    [35mres[39m: {
      "statusCode": 200,
      "headers": {
        "content-security-policy": "default-src 'self';base-uri 'self';font-src 'self' https: data:;form-action 'self';frame-ancestors 'self';img-src 'self' data:;object-src 'none';script-src 'self';script-src-attr 'none';style-src 'self' https: 'unsafe-inline';upgrade-insecure-requests",
        "cross-origin-opener-policy": "same-origin",
        "cross-origin-resource-policy": "same-origin",
        "origin-agent-cluster": "?1",
        "referrer-policy": "no-referrer",
        "strict-transport-security": "max-age=31536000; includeSubDomains",
        "x-content-type-options": "nosniff",
        "x-dns-prefetch-control": "off",
        "x-download-options": "noopen",
        "x-frame-options": "SAMEORIGIN",
        "x-permitted-cross-domain-policies": "none",
        "x-xss-protection": "0",
        "vary": "Origin",
        "access-control-allow-credentials": "true",
        "x-ratelimit-limit": "120",
        "x-ratelimit-remaining": "117",
        "x-ratelimit-reset": "51",
        "x-correlation-id": "95af654a-ddd7-42d9-a810-aade87a51ec8",
        "content-type": "application/json; charset=utf-8",
        "content-length": "2",
        "etag": "W/\"2-l9Fw4VUO7kr8CvBlt4zaMCqXZ0w\""
      }
    }
    [35mresponseTime[39m: 2
[14:16:08.244] [32mINFO[39m (16748): [36mrequest completed[39m
    [35mreq[39m: {
      "id": 141,
      "method": "GET",
      "url": "/api/map-layers",
      "query": {},
      "params": {
        "path": [
          "map-layers"
        ]
      },
      "headers": {
        "host": "localhost:4000",
        "connection": "keep-alive",
        "authorization": "Bearer eyJhbGciOiJIUzI1NiIsInR5cCI6IkpXVCJ9.eyJzdWIiOiJ1c2VyLWFkbWluIiwiZW1haWwiOiJhZG1pbkBndW5nbmlyLmxvY2FsIiwicm9sZXMiOlsiYWRtaW4iXSwiaWF0IjoxNzc5MTI3ODUyLCJleHAiOjE3NzkxMjg3NTJ9.Y9SQHLJLtvfaJeValbCE-gC__xFDJSQxJCfzyOh7Rb0",
        "accept": "*/*",
        "accept-language": "*",
        "sec-fetch-mode": "cors",
        "user-agent": "node",
        "pragma": "no-cache",
        "cache-control": "no-cache",
        "accept-encoding": "gzip, deflate"
      },
      "remoteAddress": "127.0.0.1",
      "remotePort": 55682
    }
    [35mres[39m: {
      "statusCode": 200,
      "headers": {
        "content-security-policy": "default-src 'self';base-uri 'self';font-src 'self' https: data:;form-action 'self';frame-ancestors 'self';img-src 'self' data:;object-src 'none';script-src 'self';script-src-attr 'none';style-src 'self' https: 'unsafe-inline';upgrade-insecure-requests",
        "cross-origin-opener-policy": "same-origin",
        "cross-origin-resource-policy": "same-origin",
        "origin-agent-cluster": "?1",
        "referrer-policy": "no-referrer",
        "strict-transport-security": "max-age=31536000; includeSubDomains",
        "x-content-type-options": "nosniff",
        "x-dns-prefetch-control": "off",
        "x-download-options": "noopen",
        "x-frame-options": "SAMEORIGIN",
        "x-permitted-cross-domain-policies": "none",
        "x-xss-protection": "0",
        "vary": "Origin",
        "access-control-allow-credentials": "true",
        "x-ratelimit-limit": "120",
        "x-ratelimit-remaining": "117",
        "x-ratelimit-reset": "51",
        "x-correlation-id": "3bd41e3d-b4da-4a19-a960-359dbc3a4375",
        "content-type": "application/json; charset=utf-8",
        "content-length": "597",
        "etag": "W/\"255-N1baj20QjdYxGICsfd35XDtAAQw\""
      }
    }
    [35mresponseTime[39m: 4
[14:16:08.284] [32mINFO[39m (16748): [36mrequest completed[39m
    [35mreq[39m: {
      "id": 143,
      "method": "GET",
      "url": "/api/devices",
      "query": {},
      "params": {
        "path": [
          "devices"
        ]
      },
      "headers": {
        "host": "localhost:4000",
        "connection": "keep-alive",
        "authorization": "Bearer eyJhbGciOiJIUzI1NiIsInR5cCI6IkpXVCJ9.eyJzdWIiOiJ1c2VyLWFkbWluIiwiZW1haWwiOiJhZG1pbkBndW5nbmlyLmxvY2FsIiwicm9sZXMiOlsiYWRtaW4iXSwiaWF0IjoxNzc5MTI3ODUyLCJleHAiOjE3NzkxMjg3NTJ9.Y9SQHLJLtvfaJeValbCE-gC__xFDJSQxJCfzyOh7Rb0",
        "accept": "*/*",
        "accept-language": "*",
        "sec-fetch-mode": "cors",
        "user-agent": "node",
        "pragma": "no-cache",
        "cache-control": "no-cache",
        "accept-encoding": "gzip, deflate"
      },
      "remoteAddress": "127.0.0.1",
      "remotePort": 62752
    }
    [35mres[39m: {
      "statusCode": 200,
      "headers": {
        "content-security-policy": "default-src 'self';base-uri 'self';font-src 'self' https: data:;form-action 'self';frame-ancestors 'self';img-src 'self' data:;object-src 'none';script-src 'self';script-src-attr 'none';style-src 'self' https: 'unsafe-inline';upgrade-insecure-requests",
        "cross-origin-opener-policy": "same-origin",
        "cross-origin-resource-policy": "same-origin",
        "origin-agent-cluster": "?1",
        "referrer-policy": "no-referrer",
        "strict-transport-security": "max-age=31536000; includeSubDomains",
        "x-content-type-options": "nosniff",
        "x-dns-prefetch-control": "off",
        "x-download-options": "noopen",
        "x-frame-options": "SAMEORIGIN",
        "x-permitted-cross-domain-policies": "none",
        "x-xss-protection": "0",
        "vary": "Origin",
        "access-control-allow-credentials": "true",
        "x-ratelimit-limit": "120",
        "x-ratelimit-remaining": "116",
        "x-ratelimit-reset": "51",
        "x-correlation-id": "83a39125-7b41-4dc9-85bc-2a6d52f8d6d5",
        "content-type": "application/json; charset=utf-8",
        "content-length": "391",
        "etag": "W/\"187-wFixndeDMExMbypLdc/dp5I7KtI\""
      }
    }
    [35mresponseTime[39m: 3
[14:16:08.292] [32mINFO[39m (16748): [36mrequest completed[39m
    [35mreq[39m: {
      "id": 142,
      "method": "GET",
      "url": "/api/v1/operations/snapshot",
      "query": {},
      "params": {
        "path": [
          "v1",
          "operations",
          "snapshot"
        ]
      },
      "headers": {
        "host": "localhost:4000",
        "connection": "keep-alive",
        "authorization": "Bearer eyJhbGciOiJIUzI1NiIsInR5cCI6IkpXVCJ9.eyJzdWIiOiJ1c2VyLWFkbWluIiwiZW1haWwiOiJhZG1pbkBndW5nbmlyLmxvY2FsIiwicm9sZXMiOlsiYWRtaW4iXSwiaWF0IjoxNzc5MTI3ODUyLCJleHAiOjE3NzkxMjg3NTJ9.Y9SQHLJLtvfaJeValbCE-gC__xFDJSQxJCfzyOh7Rb0",
        "accept": "*/*",
        "accept-language": "*",
        "sec-fetch-mode": "cors",
        "user-agent": "node",
        "pragma": "no-cache",
        "cache-control": "no-cache",
        "accept-encoding": "gzip, deflate"
      },
      "remoteAddress": "127.0.0.1",
      "remotePort": 55682
    }
    [35mres[39m: {
      "statusCode": 200,
      "headers": {
        "content-security-policy": "default-src 'self';base-uri 'self';font-src 'self' https: data:;form-action 'self';frame-ancestors 'self';img-src 'self' data:;object-src 'none';script-src 'self';script-src-attr 'none';style-src 'self' https: 'unsafe-inline';upgrade-insecure-requests",
        "cross-origin-opener-policy": "same-origin",
        "cross-origin-resource-policy": "same-origin",
        "origin-agent-cluster": "?1",
        "referrer-policy": "no-referrer",
        "strict-transport-security": "max-age=31536000; includeSubDomains",
        "x-content-type-options": "nosniff",
        "x-dns-prefetch-control": "off",
        "x-download-options": "noopen",
        "x-frame-options": "SAMEORIGIN",
        "x-permitted-cross-domain-policies": "none",
        "x-xss-protection": "0",
        "vary": "Origin",
        "access-control-allow-credentials": "true",
        "x-ratelimit-limit": "120",
        "x-ratelimit-remaining": "112",
        "x-ratelimit-reset": "50",
        "x-correlation-id": "91dae13a-0ff6-4ade-8a1e-0f70bc847ecc",
        "content-type": "application/json; charset=utf-8",
        "content-length": "1383",
        "etag": "W/\"567-unN6uVC2nbWpSFQK1cI7Tj+KpGM\""
      }
    }
    [35mresponseTime[39m: 13
[14:16:08.303] [32mINFO[39m (16748): [36mrequest completed[39m
    [35mreq[39m: {
      "id": 144,
      "method": "GET",
      "url": "/api/tracks/current",
      "query": {},
      "params": {
        "path": [
          "tracks",
          "current"
        ]
      },
      "headers": {
        "host": "localhost:4000",
        "connection": "keep-alive",
        "authorization": "Bearer eyJhbGciOiJIUzI1NiIsInR5cCI6IkpXVCJ9.eyJzdWIiOiJ1c2VyLWFkbWluIiwiZW1haWwiOiJhZG1pbkBndW5nbmlyLmxvY2FsIiwicm9sZXMiOlsiYWRtaW4iXSwiaWF0IjoxNzc5MTI3ODUyLCJleHAiOjE3NzkxMjg3NTJ9.Y9SQHLJLtvfaJeValbCE-gC__xFDJSQxJCfzyOh7Rb0",
        "accept": "*/*",
        "accept-language": "*",
        "sec-fetch-mode": "cors",
        "user-agent": "node",
        "pragma": "no-cache",
        "cache-control": "no-cache",
        "accept-encoding": "gzip, deflate"
      },
      "remoteAddress": "127.0.0.1",
      "remotePort": 55682
    }
    [35mres[39m: {
      "statusCode": 200,
      "headers": {
        "content-security-policy": "default-src 'self';base-uri 'self';font-src 'self' https: data:;form-action 'self';frame-ancestors 'self';img-src 'self' data:;object-src 'none';script-src 'self';script-src-attr 'none';style-src 'self' https: 'unsafe-inline';upgrade-insecure-requests",
        "cross-origin-opener-policy": "same-origin",
        "cross-origin-resource-policy": "same-origin",
        "origin-agent-cluster": "?1",
        "referrer-policy": "no-referrer",
        "strict-transport-security": "max-age=31536000; includeSubDomains",
        "x-content-type-options": "nosniff",
        "x-dns-prefetch-control": "off",
        "x-download-options": "noopen",
        "x-frame-options": "SAMEORIGIN",
        "x-permitted-cross-domain-policies": "none",
        "x-xss-protection": "0",
        "vary": "Origin",
        "access-control-allow-credentials": "true",
        "x-ratelimit-limit": "120",
        "x-ratelimit-remaining": "116",
        "x-ratelimit-reset": "51",
        "x-correlation-id": "76faa7bd-50fd-4b24-a2c7-f20651dfe651",
        "content-type": "application/json; charset=utf-8",
        "content-length": "2",
        "etag": "W/\"2-l9Fw4VUO7kr8CvBlt4zaMCqXZ0w\""
      }
    }
    [35mresponseTime[39m: 2
[14:16:08.323] [32mINFO[39m (16748): [36mrequest completed[39m
    [35mreq[39m: {
      "id": 145,
      "method": "GET",
      "url": "/api/tracks/history",
      "query": {},
      "params": {
        "path": [
          "tracks",
          "history"
        ]
      },
      "headers": {
        "host": "localhost:4000",
        "connection": "keep-alive",
        "authorization": "Bearer eyJhbGciOiJIUzI1NiIsInR5cCI6IkpXVCJ9.eyJzdWIiOiJ1c2VyLWFkbWluIiwiZW1haWwiOiJhZG1pbkBndW5nbmlyLmxvY2FsIiwicm9sZXMiOlsiYWRtaW4iXSwiaWF0IjoxNzc5MTI3ODUyLCJleHAiOjE3NzkxMjg3NTJ9.Y9SQHLJLtvfaJeValbCE-gC__xFDJSQxJCfzyOh7Rb0",
        "accept": "*/*",
        "accept-language": "*",
        "sec-fetch-mode": "cors",
        "user-agent": "node",
        "pragma": "no-cache",
        "cache-control": "no-cache",
        "accept-encoding": "gzip, deflate"
      },
      "remoteAddress": "127.0.0.1",
      "remotePort": 55682
    }
    [35mres[39m: {
      "statusCode": 200,
      "headers": {
        "content-security-policy": "default-src 'self';base-uri 'self';font-src 'self' https: data:;form-action 'self';frame-ancestors 'self';img-src 'self' data:;object-src 'none';script-src 'self';script-src-attr 'none';style-src 'self' https: 'unsafe-inline';upgrade-insecure-requests",
        "cross-origin-opener-policy": "same-origin",
        "cross-origin-resource-policy": "same-origin",
        "origin-agent-cluster": "?1",
        "referrer-policy": "no-referrer",
        "strict-transport-security": "max-age=31536000; includeSubDomains",
        "x-content-type-options": "nosniff",
        "x-dns-prefetch-control": "off",
        "x-download-options": "noopen",
        "x-frame-options": "SAMEORIGIN",
        "x-permitted-cross-domain-policies": "none",
        "x-xss-protection": "0",
        "vary": "Origin",
        "access-control-allow-credentials": "true",
        "x-ratelimit-limit": "120",
        "x-ratelimit-remaining": "116",
        "x-ratelimit-reset": "51",
        "x-correlation-id": "6c43d5db-b147-480b-96d4-ab91a21c5c37",
        "content-type": "application/json; charset=utf-8",
        "content-length": "2",
        "etag": "W/\"2-l9Fw4VUO7kr8CvBlt4zaMCqXZ0w\""
      }
    }
    [35mresponseTime[39m: 3
[14:16:08.340] [34mDEBUG[39m (16748): [36mRealtime client connected: btsygTfpXKhpGW5pAAAL[39m
    [35mcontext[39m: "RealtimeGateway"
[14:16:08.350] [32mINFO[39m (16748): [36mrequest completed[39m
    [35mreq[39m: {
      "id": 146,
      "method": "GET",
      "url": "/api/telemetry",
      "query": {},
      "params": {
        "path": [
          "telemetry"
        ]
      },
      "headers": {
        "host": "localhost:4000",
        "connection": "keep-alive",
        "authorization": "Bearer eyJhbGciOiJIUzI1NiIsInR5cCI6IkpXVCJ9.eyJzdWIiOiJ1c2VyLWFkbWluIiwiZW1haWwiOiJhZG1pbkBndW5nbmlyLmxvY2FsIiwicm9sZXMiOlsiYWRtaW4iXSwiaWF0IjoxNzc5MTI3ODUyLCJleHAiOjE3NzkxMjg3NTJ9.Y9SQHLJLtvfaJeValbCE-gC__xFDJSQxJCfzyOh7Rb0",
        "accept": "*/*",
        "accept-language": "*",
        "sec-fetch-mode": "cors",
        "user-agent": "node",
        "pragma": "no-cache",
        "cache-control": "no-cache",
        "accept-encoding": "gzip, deflate"
      },
      "remoteAddress": "127.0.0.1",
      "remotePort": 62752
    }
    [35mres[39m: {
      "statusCode": 200,
      "headers": {
        "content-security-policy": "default-src 'self';base-uri 'self';font-src 'self' https: data:;form-action 'self';frame-ancestors 'self';img-src 'self' data:;object-src 'none';script-src 'self';script-src-attr 'none';style-src 'self' https: 'unsafe-inline';upgrade-insecure-requests",
        "cross-origin-opener-policy": "same-origin",
        "cross-origin-resource-policy": "same-origin",
        "origin-agent-cluster": "?1",
        "referrer-policy": "no-referrer",
        "strict-transport-security": "max-age=31536000; includeSubDomains",
        "x-content-type-options": "nosniff",
        "x-dns-prefetch-control": "off",
        "x-download-options": "noopen",
        "x-frame-options": "SAMEORIGIN",
        "x-permitted-cross-domain-policies": "none",
        "x-xss-protection": "0",
        "vary": "Origin",
        "access-control-allow-credentials": "true",
        "x-ratelimit-limit": "120",
        "x-ratelimit-remaining": "116",
        "x-ratelimit-reset": "51",
        "x-correlation-id": "02935f42-6f9f-4309-9c62-41a3f58ea9c9",
        "content-type": "application/json; charset=utf-8",
        "content-length": "426",
        "etag": "W/\"1aa-bjbCYD4WhTpb5Q/I7yK/VOE8NPE\""
      }
    }
    [35mresponseTime[39m: 3
[14:16:08.354] [32mINFO[39m (16748): [36mrequest completed[39m
    [35mreq[39m: {
      "id": 147,
      "method": "GET",
      "url": "/api/commands",
      "query": {},
      "params": {
        "path": [
          "commands"
        ]
      },
      "headers": {
        "host": "localhost:4000",
        "connection": "keep-alive",
        "authorization": "Bearer eyJhbGciOiJIUzI1NiIsInR5cCI6IkpXVCJ9.eyJzdWIiOiJ1c2VyLWFkbWluIiwiZW1haWwiOiJhZG1pbkBndW5nbmlyLmxvY2FsIiwicm9sZXMiOlsiYWRtaW4iXSwiaWF0IjoxNzc5MTI3ODUyLCJleHAiOjE3NzkxMjg3NTJ9.Y9SQHLJLtvfaJeValbCE-gC__xFDJSQxJCfzyOh7Rb0",
        "accept": "*/*",
        "accept-language": "*",
        "sec-fetch-mode": "cors",
        "user-agent": "node",
        "pragma": "no-cache",
        "cache-control": "no-cache",
        "accept-encoding": "gzip, deflate"
      },
      "remoteAddress": "127.0.0.1",
      "remotePort": 55682
    }
    [35mres[39m: {
      "statusCode": 200,
      "headers": {
        "content-security-policy": "default-src 'self';base-uri 'self';font-src 'self' https: data:;form-action 'self';frame-ancestors 'self';img-src 'self' data:;object-src 'none';script-src 'self';script-src-attr 'none';style-src 'self' https: 'unsafe-inline';upgrade-insecure-requests",
        "cross-origin-opener-policy": "same-origin",
        "cross-origin-resource-policy": "same-origin",
        "origin-agent-cluster": "?1",
        "referrer-policy": "no-referrer",
        "strict-transport-security": "max-age=31536000; includeSubDomains",
        "x-content-type-options": "nosniff",
        "x-dns-prefetch-control": "off",
        "x-download-options": "noopen",
        "x-frame-options": "SAMEORIGIN",
        "x-permitted-cross-domain-policies": "none",
        "x-xss-protection": "0",
        "vary": "Origin",
        "access-control-allow-credentials": "true",
        "x-ratelimit-limit": "120",
        "x-ratelimit-remaining": "116",
        "x-ratelimit-reset": "51",
        "x-correlation-id": "6ac69b98-aab7-4c77-9395-e7e2fe155f37",
        "content-type": "application/json; charset=utf-8",
        "content-length": "2",
        "etag": "W/\"2-l9Fw4VUO7kr8CvBlt4zaMCqXZ0w\""
      }
    }
    [35mresponseTime[39m: 3
[14:16:08.392] [32mINFO[39m (16748): [36mrequest completed[39m
    [35mreq[39m: {
      "id": 148,
      "method": "GET",
      "url": "/api/missions",
      "query": {},
      "params": {
        "path": [
          "missions"
        ]
      },
      "headers": {
        "host": "localhost:4000",
        "connection": "keep-alive",
        "authorization": "Bearer eyJhbGciOiJIUzI1NiIsInR5cCI6IkpXVCJ9.eyJzdWIiOiJ1c2VyLWFkbWluIiwiZW1haWwiOiJhZG1pbkBndW5nbmlyLmxvY2FsIiwicm9sZXMiOlsiYWRtaW4iXSwiaWF0IjoxNzc5MTI3ODUyLCJleHAiOjE3NzkxMjg3NTJ9.Y9SQHLJLtvfaJeValbCE-gC__xFDJSQxJCfzyOh7Rb0",
        "accept": "*/*",
        "accept-language": "*",
        "sec-fetch-mode": "cors",
        "user-agent": "node",
        "pragma": "no-cache",
        "cache-control": "no-cache",
        "accept-encoding": "gzip, deflate"
      },
      "remoteAddress": "127.0.0.1",
      "remotePort": 55682
    }
    [35mres[39m: {
      "statusCode": 200,
      "headers": {
        "content-security-policy": "default-src 'self';base-uri 'self';font-src 'self' https: data:;form-action 'self';frame-ancestors 'self';img-src 'self' data:;object-src 'none';script-src 'self';script-src-attr 'none';style-src 'self' https: 'unsafe-inline';upgrade-insecure-requests",
        "cross-origin-opener-policy": "same-origin",
        "cross-origin-resource-policy": "same-origin",
        "origin-agent-cluster": "?1",
        "referrer-policy": "no-referrer",
        "strict-transport-security": "max-age=31536000; includeSubDomains",
        "x-content-type-options": "nosniff",
        "x-dns-prefetch-control": "off",
        "x-download-options": "noopen",
        "x-frame-options": "SAMEORIGIN",
        "x-permitted-cross-domain-policies": "none",
        "x-xss-protection": "0",
        "vary": "Origin",
        "access-control-allow-credentials": "true",
        "x-ratelimit-limit": "120",
        "x-ratelimit-remaining": "115",
        "x-ratelimit-reset": "51",
        "x-correlation-id": "0a840a7d-fb04-44db-84fd-bfbabae56191",
        "content-type": "application/json; charset=utf-8",
        "content-length": "2",
        "etag": "W/\"2-l9Fw4VUO7kr8CvBlt4zaMCqXZ0w\""
      }
    }
    [35mresponseTime[39m: 3
[14:16:08.392] [32mINFO[39m (16748): [36mrequest completed[39m
    [35mreq[39m: {
      "id": 149,
      "method": "GET",
      "url": "/api/geofences",
      "query": {},
      "params": {
        "path": [
          "geofences"
        ]
      },
      "headers": {
        "host": "localhost:4000",
        "connection": "keep-alive",
        "authorization": "Bearer eyJhbGciOiJIUzI1NiIsInR5cCI6IkpXVCJ9.eyJzdWIiOiJ1c2VyLWFkbWluIiwiZW1haWwiOiJhZG1pbkBndW5nbmlyLmxvY2FsIiwicm9sZXMiOlsiYWRtaW4iXSwiaWF0IjoxNzc5MTI3ODUyLCJleHAiOjE3NzkxMjg3NTJ9.Y9SQHLJLtvfaJeValbCE-gC__xFDJSQxJCfzyOh7Rb0",
        "accept": "*/*",
        "accept-language": "*",
        "sec-fetch-mode": "cors",
        "user-agent": "node",
        "pragma": "no-cache",
        "cache-control": "no-cache",
        "accept-encoding": "gzip, deflate"
      },
      "remoteAddress": "127.0.0.1",
      "remotePort": 62752
    }
    [35mres[39m: {
      "statusCode": 200,
      "headers": {
        "content-security-policy": "default-src 'self';base-uri 'self';font-src 'self' https: data:;form-action 'self';frame-ancestors 'self';img-src 'self' data:;object-src 'none';script-src 'self';script-src-attr 'none';style-src 'self' https: 'unsafe-inline';upgrade-insecure-requests",
        "cross-origin-opener-policy": "same-origin",
        "cross-origin-resource-policy": "same-origin",
        "origin-agent-cluster": "?1",
        "referrer-policy": "no-referrer",
        "strict-transport-security": "max-age=31536000; includeSubDomains",
        "x-content-type-options": "nosniff",
        "x-dns-prefetch-control": "off",
        "x-download-options": "noopen",
        "x-frame-options": "SAMEORIGIN",
        "x-permitted-cross-domain-policies": "none",
        "x-xss-protection": "0",
        "vary": "Origin",
        "access-control-allow-credentials": "true",
        "x-ratelimit-limit": "120",
        "x-ratelimit-remaining": "116",
        "x-ratelimit-reset": "51",
        "x-correlation-id": "b5b43218-2832-4b9c-8f77-4131551610a3",
        "content-type": "application/json; charset=utf-8",
        "content-length": "2",
        "etag": "W/\"2-l9Fw4VUO7kr8CvBlt4zaMCqXZ0w\""
      }
    }
    [35mresponseTime[39m: 2
[14:16:08.418] [32mINFO[39m (16748): [36mrequest completed[39m
    [35mreq[39m: {
      "id": 150,
      "method": "GET",
      "url": "/api/map-layers",
      "query": {},
      "params": {
        "path": [
          "map-layers"
        ]
      },
      "headers": {
        "host": "localhost:4000",
        "connection": "keep-alive",
        "authorization": "Bearer eyJhbGciOiJIUzI1NiIsInR5cCI6IkpXVCJ9.eyJzdWIiOiJ1c2VyLWFkbWluIiwiZW1haWwiOiJhZG1pbkBndW5nbmlyLmxvY2FsIiwicm9sZXMiOlsiYWRtaW4iXSwiaWF0IjoxNzc5MTI3ODUyLCJleHAiOjE3NzkxMjg3NTJ9.Y9SQHLJLtvfaJeValbCE-gC__xFDJSQxJCfzyOh7Rb0",
        "accept": "*/*",
        "accept-language": "*",
        "sec-fetch-mode": "cors",
        "user-agent": "node",
        "pragma": "no-cache",
        "cache-control": "no-cache",
        "accept-encoding": "gzip, deflate"
      },
      "remoteAddress": "127.0.0.1",
      "remotePort": 55682
    }
    [35mres[39m: {
      "statusCode": 200,
      "headers": {
        "content-security-policy": "default-src 'self';base-uri 'self';font-src 'self' https: data:;form-action 'self';frame-ancestors 'self';img-src 'self' data:;object-src 'none';script-src 'self';script-src-attr 'none';style-src 'self' https: 'unsafe-inline';upgrade-insecure-requests",
        "cross-origin-opener-policy": "same-origin",
        "cross-origin-resource-policy": "same-origin",
        "origin-agent-cluster": "?1",
        "referrer-policy": "no-referrer",
        "strict-transport-security": "max-age=31536000; includeSubDomains",
        "x-content-type-options": "nosniff",
        "x-dns-prefetch-control": "off",
        "x-download-options": "noopen",
        "x-frame-options": "SAMEORIGIN",
        "x-permitted-cross-domain-policies": "none",
        "x-xss-protection": "0",
        "vary": "Origin",
        "access-control-allow-credentials": "true",
        "x-ratelimit-limit": "120",
        "x-ratelimit-remaining": "116",
        "x-ratelimit-reset": "51",
        "x-correlation-id": "30919e08-addb-4bc1-87f2-31a4283c2732",
        "content-type": "application/json; charset=utf-8",
        "content-length": "597",
        "etag": "W/\"255-N1baj20QjdYxGICsfd35XDtAAQw\""
      }
    }
    [35mresponseTime[39m: 2
[14:16:08.443] [32mINFO[39m (16748): [36mrequest completed[39m
    [35mreq[39m: {
      "id": 151,
      "method": "GET",
      "url": "/api/map-layers/layer-fire-intel/geojson",
      "query": {},
      "params": {
        "path": [
          "map-layers",
          "layer-fire-intel",
          "geojson"
        ]
      },
      "headers": {
        "host": "localhost:4000",
        "connection": "keep-alive",
        "authorization": "Bearer eyJhbGciOiJIUzI1NiIsInR5cCI6IkpXVCJ9.eyJzdWIiOiJ1c2VyLWFkbWluIiwiZW1haWwiOiJhZG1pbkBndW5nbmlyLmxvY2FsIiwicm9sZXMiOlsiYWRtaW4iXSwiaWF0IjoxNzc5MTI3ODUyLCJleHAiOjE3NzkxMjg3NTJ9.Y9SQHLJLtvfaJeValbCE-gC__xFDJSQxJCfzyOh7Rb0",
        "accept": "*/*",
        "accept-language": "*",
        "sec-fetch-mode": "cors",
        "user-agent": "node",
        "pragma": "no-cache",
        "cache-control": "no-cache",
        "accept-encoding": "gzip, deflate"
      },
      "remoteAddress": "127.0.0.1",
      "remotePort": 55682
    }
    [35mres[39m: {
      "statusCode": 200,
      "headers": {
        "content-security-policy": "default-src 'self';base-uri 'self';font-src 'self' https: data:;form-action 'self';frame-ancestors 'self';img-src 'self' data:;object-src 'none';script-src 'self';script-src-attr 'none';style-src 'self' https: 'unsafe-inline';upgrade-insecure-requests",
        "cross-origin-opener-policy": "same-origin",
        "cross-origin-resource-policy": "same-origin",
        "origin-agent-cluster": "?1",
        "referrer-policy": "no-referrer",
        "strict-transport-security": "max-age=31536000; includeSubDomains",
        "x-content-type-options": "nosniff",
        "x-dns-prefetch-control": "off",
        "x-download-options": "noopen",
        "x-frame-options": "SAMEORIGIN",
        "x-permitted-cross-domain-policies": "none",
        "x-xss-protection": "0",
        "vary": "Origin",
        "access-control-allow-credentials": "true",
        "x-ratelimit-limit": "120",
        "x-ratelimit-remaining": "115",
        "x-ratelimit-reset": "51",
        "x-correlation-id": "983dfbce-4675-4d42-8c63-6b1d47b5fcef",
        "content-type": "application/json; charset=utf-8",
        "content-length": "42",
        "etag": "W/\"2a-YF4qkQu1OiQfcNelFeHSJ4hLkOE\""
      }
    }
    [35mresponseTime[39m: 6
[14:16:08.464] [32mINFO[39m (16748): [36mrequest completed[39m
    [35mreq[39m: {
      "id": 152,
      "method": "GET",
      "url": "/api/map-layers/layer-air-traffic/geojson",
      "query": {},
      "params": {
        "path": [
          "map-layers",
          "layer-air-traffic",
          "geojson"
        ]
      },
      "headers": {
        "host": "localhost:4000",
        "connection": "keep-alive",
        "authorization": "Bearer eyJhbGciOiJIUzI1NiIsInR5cCI6IkpXVCJ9.eyJzdWIiOiJ1c2VyLWFkbWluIiwiZW1haWwiOiJhZG1pbkBndW5nbmlyLmxvY2FsIiwicm9sZXMiOlsiYWRtaW4iXSwiaWF0IjoxNzc5MTI3ODUyLCJleHAiOjE3NzkxMjg3NTJ9.Y9SQHLJLtvfaJeValbCE-gC__xFDJSQxJCfzyOh7Rb0",
        "accept": "*/*",
        "accept-language": "*",
        "sec-fetch-mode": "cors",
        "user-agent": "node",
        "pragma": "no-cache",
        "cache-control": "no-cache",
        "accept-encoding": "gzip, deflate"
      },
      "remoteAddress": "127.0.0.1",
      "remotePort": 55682
    }
    [35mres[39m: {
      "statusCode": 200,
      "headers": {
        "content-security-policy": "default-src 'self';base-uri 'self';font-src 'self' https: data:;form-action 'self';frame-ancestors 'self';img-src 'self' data:;object-src 'none';script-src 'self';script-src-attr 'none';style-src 'self' https: 'unsafe-inline';upgrade-insecure-requests",
        "cross-origin-opener-policy": "same-origin",
        "cross-origin-resource-policy": "same-origin",
        "origin-agent-cluster": "?1",
        "referrer-policy": "no-referrer",
        "strict-transport-security": "max-age=31536000; includeSubDomains",
        "x-content-type-options": "nosniff",
        "x-dns-prefetch-control": "off",
        "x-download-options": "noopen",
        "x-frame-options": "SAMEORIGIN",
        "x-permitted-cross-domain-policies": "none",
        "x-xss-protection": "0",
        "vary": "Origin",
        "access-control-allow-credentials": "true",
        "x-ratelimit-limit": "120",
        "x-ratelimit-remaining": "114",
        "x-ratelimit-reset": "51",
        "x-correlation-id": "5095e82b-3366-41ef-858f-baccbc39e653",
        "content-type": "application/json; charset=utf-8",
        "content-length": "42",
        "etag": "W/\"2a-YF4qkQu1OiQfcNelFeHSJ4hLkOE\""
      }
    }
    [35mresponseTime[39m: 7
[14:16:08.483] [32mINFO[39m (16748): [36mrequest completed[39m
    [35mreq[39m: {
      "id": 153,
      "method": "GET",
      "url": "/api/map-layers/layer-fire-intel/geojson",
      "query": {},
      "params": {
        "path": [
          "map-layers",
          "layer-fire-intel",
          "geojson"
        ]
      },
      "headers": {
        "host": "localhost:4000",
        "connection": "keep-alive",
        "authorization": "Bearer eyJhbGciOiJIUzI1NiIsInR5cCI6IkpXVCJ9.eyJzdWIiOiJ1c2VyLWFkbWluIiwiZW1haWwiOiJhZG1pbkBndW5nbmlyLmxvY2FsIiwicm9sZXMiOlsiYWRtaW4iXSwiaWF0IjoxNzc5MTI3ODUyLCJleHAiOjE3NzkxMjg3NTJ9.Y9SQHLJLtvfaJeValbCE-gC__xFDJSQxJCfzyOh7Rb0",
        "accept": "*/*",
        "accept-language": "*",
        "sec-fetch-mode": "cors",
        "user-agent": "node",
        "pragma": "no-cache",
        "cache-control": "no-cache",
        "accept-encoding": "gzip, deflate"
      },
      "remoteAddress": "127.0.0.1",
      "remotePort": 62752
    }
    [35mres[39m: {
      "statusCode": 200,
      "headers": {
        "content-security-policy": "default-src 'self';base-uri 'self';font-src 'self' https: data:;form-action 'self';frame-ancestors 'self';img-src 'self' data:;object-src 'none';script-src 'self';script-src-attr 'none';style-src 'self' https: 'unsafe-inline';upgrade-insecure-requests",
        "cross-origin-opener-policy": "same-origin",
        "cross-origin-resource-policy": "same-origin",
        "origin-agent-cluster": "?1",
        "referrer-policy": "no-referrer",
        "strict-transport-security": "max-age=31536000; includeSubDomains",
        "x-content-type-options": "nosniff",
        "x-dns-prefetch-control": "off",
        "x-download-options": "noopen",
        "x-frame-options": "SAMEORIGIN",
        "x-permitted-cross-domain-policies": "none",
        "x-xss-protection": "0",
        "vary": "Origin",
        "access-control-allow-credentials": "true",
        "x-ratelimit-limit": "120",
        "x-ratelimit-remaining": "113",
        "x-ratelimit-reset": "51",
        "x-correlation-id": "b5031785-1e26-4dd4-929d-f583e213224a",
        "content-type": "application/json; charset=utf-8",
        "content-length": "42",
        "etag": "W/\"2a-YF4qkQu1OiQfcNelFeHSJ4hLkOE\""
      }
    }
    [35mresponseTime[39m: 6
[14:16:08.504] [32mINFO[39m (16748): [36mrequest completed[39m
    [35mreq[39m: {
      "id": 154,
      "method": "GET",
      "url": "/api/map-layers/layer-air-traffic/geojson",
      "query": {},
      "params": {
        "path": [
          "map-layers",
          "layer-air-traffic",
          "geojson"
        ]
      },
      "headers": {
        "host": "localhost:4000",
        "connection": "keep-alive",
        "authorization": "Bearer eyJhbGciOiJIUzI1NiIsInR5cCI6IkpXVCJ9.eyJzdWIiOiJ1c2VyLWFkbWluIiwiZW1haWwiOiJhZG1pbkBndW5nbmlyLmxvY2FsIiwicm9sZXMiOlsiYWRtaW4iXSwiaWF0IjoxNzc5MTI3ODUyLCJleHAiOjE3NzkxMjg3NTJ9.Y9SQHLJLtvfaJeValbCE-gC__xFDJSQxJCfzyOh7Rb0",
        "accept": "*/*",
        "accept-language": "*",
        "sec-fetch-mode": "cors",
        "user-agent": "node",
        "pragma": "no-cache",
        "cache-control": "no-cache",
        "accept-encoding": "gzip, deflate"
      },
      "remoteAddress": "127.0.0.1",
      "remotePort": 55682
    }
    [35mres[39m: {
      "statusCode": 200,
      "headers": {
        "content-security-policy": "default-src 'self';base-uri 'self';font-src 'self' https: data:;form-action 'self';frame-ancestors 'self';img-src 'self' data:;object-src 'none';script-src 'self';script-src-attr 'none';style-src 'self' https: 'unsafe-inline';upgrade-insecure-requests",
        "cross-origin-opener-policy": "same-origin",
        "cross-origin-resource-policy": "same-origin",
        "origin-agent-cluster": "?1",
        "referrer-policy": "no-referrer",
        "strict-transport-security": "max-age=31536000; includeSubDomains",
        "x-content-type-options": "nosniff",
        "x-dns-prefetch-control": "off",
        "x-download-options": "noopen",
        "x-frame-options": "SAMEORIGIN",
        "x-permitted-cross-domain-policies": "none",
        "x-xss-protection": "0",
        "vary": "Origin",
        "access-control-allow-credentials": "true",
        "x-ratelimit-limit": "120",
        "x-ratelimit-remaining": "112",
        "x-ratelimit-reset": "51",
        "x-correlation-id": "5ac9d5b8-02dc-4fad-b06a-9d0b5128b651",
        "content-type": "application/json; charset=utf-8",
        "content-length": "42",
        "etag": "W/\"2a-YF4qkQu1OiQfcNelFeHSJ4hLkOE\""
      }
    }
    [35mresponseTime[39m: 7
[14:50:11.506] [32mINFO[39m (16748): [36mrequest completed[39m
    [35mreq[39m: {
      "id": 155,
      "method": "GET",
      "url": "/api/auth/me",
      "query": {},
      "params": {
        "path": [
          "auth",
          "me"
        ]
      },
      "headers": {
        "host": "localhost:4000",
        "connection": "keep-alive",
        "accept": "*/*",
        "accept-language": "*",
        "sec-fetch-mode": "cors",
        "user-agent": "node",
        "pragma": "no-cache",
        "cache-control": "no-cache",
        "accept-encoding": "gzip, deflate"
      },
      "remoteAddress": "127.0.0.1",
      "remotePort": 50375
    }
    [35mres[39m: {
      "statusCode": 401,
      "headers": {
        "content-security-policy": "default-src 'self';base-uri 'self';font-src 'self' https: data:;form-action 'self';frame-ancestors 'self';img-src 'self' data:;object-src 'none';script-src 'self';script-src-attr 'none';style-src 'self' https: 'unsafe-inline';upgrade-insecure-requests",
        "cross-origin-opener-policy": "same-origin",
        "cross-origin-resource-policy": "same-origin",
        "origin-agent-cluster": "?1",
        "referrer-policy": "no-referrer",
        "strict-transport-security": "max-age=31536000; includeSubDomains",
        "x-content-type-options": "nosniff",
        "x-dns-prefetch-control": "off",
        "x-download-options": "noopen",
        "x-frame-options": "SAMEORIGIN",
        "x-permitted-cross-domain-policies": "none",
        "x-xss-protection": "0",
        "vary": "Origin",
        "access-control-allow-credentials": "true",
        "x-ratelimit-limit": "120",
        "x-ratelimit-remaining": "119",
        "x-ratelimit-reset": "60",
        "content-type": "application/json; charset=utf-8",
        "content-length": "163",
        "etag": "W/\"a3-5PXPDy/THKo0GsOOmKUqTWwD/XY\""
      }
    }
    [35mresponseTime[39m: 7
[14:50:11.571] [32mINFO[39m (16748): [36mrequest completed[39m
    [35mreq[39m: {
      "id": 156,
      "method": "POST",
      "url": "/api/auth/refresh",
      "query": {},
      "params": {
        "path": [
          "auth",
          "refresh"
        ]
      },
      "headers": {
        "host": "localhost:4000",
        "connection": "keep-alive",
        "content-type": "application/json",
        "accept": "*/*",
        "accept-language": "*",
        "sec-fetch-mode": "cors",
        "user-agent": "node",
        "pragma": "no-cache",
        "cache-control": "no-cache",
        "accept-encoding": "gzip, deflate",
        "content-length": "296"
      },
      "remoteAddress": "127.0.0.1",
      "remotePort": 50377
    }
    [35mres[39m: {
      "statusCode": 201,
      "headers": {
        "content-security-policy": "default-src 'self';base-uri 'self';font-src 'self' https: data:;form-action 'self';frame-ancestors 'self';img-src 'self' data:;object-src 'none';script-src 'self';script-src-attr 'none';style-src 'self' https: 'unsafe-inline';upgrade-insecure-requests",
        "cross-origin-opener-policy": "same-origin",
        "cross-origin-resource-policy": "same-origin",
        "origin-agent-cluster": "?1",
        "referrer-policy": "no-referrer",
        "strict-transport-security": "max-age=31536000; includeSubDomains",
        "x-content-type-options": "nosniff",
        "x-dns-prefetch-control": "off",
        "x-download-options": "noopen",
        "x-frame-options": "SAMEORIGIN",
        "x-permitted-cross-domain-policies": "none",
        "x-xss-protection": "0",
        "vary": "Origin",
        "access-control-allow-credentials": "true",
        "x-ratelimit-limit": "120",
        "x-ratelimit-remaining": "119",
        "x-ratelimit-reset": "60",
        "x-correlation-id": "3e287452-25c5-4623-bb7b-1252c9adcefd",
        "content-type": "application/json; charset=utf-8",
        "content-length": "569",
        "etag": "W/\"239-ryDkfinKn6+LVvEodcJaCoA20f4\""
      }
    }
    [35mresponseTime[39m: 52
[14:50:17.514] [32mINFO[39m (16748): [36mrequest completed[39m
    [35mreq[39m: {
      "id": 157,
      "method": "GET",
      "url": "/api/auth/me",
      "query": {},
      "params": {
        "path": [
          "auth",
          "me"
        ]
      },
      "headers": {
        "host": "localhost:4000",
        "connection": "keep-alive",
        "accept": "*/*",
        "accept-language": "*",
        "sec-fetch-mode": "cors",
        "user-agent": "node",
        "pragma": "no-cache",
        "cache-control": "no-cache",
        "accept-encoding": "gzip, deflate"
      },
      "remoteAddress": "127.0.0.1",
      "remotePort": 63318
    }
    [35mres[39m: {
      "statusCode": 401,
      "headers": {
        "content-security-policy": "default-src 'self';base-uri 'self';font-src 'self' https: data:;form-action 'self';frame-ancestors 'self';img-src 'self' data:;object-src 'none';script-src 'self';script-src-attr 'none';style-src 'self' https: 'unsafe-inline';upgrade-insecure-requests",
        "cross-origin-opener-policy": "same-origin",
        "cross-origin-resource-policy": "same-origin",
        "origin-agent-cluster": "?1",
        "referrer-policy": "no-referrer",
        "strict-transport-security": "max-age=31536000; includeSubDomains",
        "x-content-type-options": "nosniff",
        "x-dns-prefetch-control": "off",
        "x-download-options": "noopen",
        "x-frame-options": "SAMEORIGIN",
        "x-permitted-cross-domain-policies": "none",
        "x-xss-protection": "0",
        "vary": "Origin",
        "access-control-allow-credentials": "true",
        "x-ratelimit-limit": "120",
        "x-ratelimit-remaining": "118",
        "x-ratelimit-reset": "54",
        "content-type": "application/json; charset=utf-8",
        "content-length": "163",
        "etag": "W/\"a3-3bZ5eI7GALMKC3dd5IxGfk782VA\""
      }
    }
    [35mresponseTime[39m: 2
[14:50:17.553] [32mINFO[39m (16748): [36mrequest completed[39m
    [35mreq[39m: {
      "id": 158,
      "method": "POST",
      "url": "/api/auth/refresh",
      "query": {},
      "params": {
        "path": [
          "auth",
          "refresh"
        ]
      },
      "headers": {
        "host": "localhost:4000",
        "connection": "keep-alive",
        "content-type": "application/json",
        "accept": "*/*",
        "accept-language": "*",
        "sec-fetch-mode": "cors",
        "user-agent": "node",
        "pragma": "no-cache",
        "cache-control": "no-cache",
        "accept-encoding": "gzip, deflate",
        "content-length": "296"
      },
      "remoteAddress": "127.0.0.1",
      "remotePort": 63320
    }
    [35mres[39m: {
      "statusCode": 201,
      "headers": {
        "content-security-policy": "default-src 'self';base-uri 'self';font-src 'self' https: data:;form-action 'self';frame-ancestors 'self';img-src 'self' data:;object-src 'none';script-src 'self';script-src-attr 'none';style-src 'self' https: 'unsafe-inline';upgrade-insecure-requests",
        "cross-origin-opener-policy": "same-origin",
        "cross-origin-resource-policy": "same-origin",
        "origin-agent-cluster": "?1",
        "referrer-policy": "no-referrer",
        "strict-transport-security": "max-age=31536000; includeSubDomains",
        "x-content-type-options": "nosniff",
        "x-dns-prefetch-control": "off",
        "x-download-options": "noopen",
        "x-frame-options": "SAMEORIGIN",
        "x-permitted-cross-domain-policies": "none",
        "x-xss-protection": "0",
        "vary": "Origin",
        "access-control-allow-credentials": "true",
        "x-ratelimit-limit": "120",
        "x-ratelimit-remaining": "118",
        "x-ratelimit-reset": "54",
        "x-correlation-id": "d1dcda69-ef53-45a8-a254-51b43f43d7bb",
        "content-type": "application/json; charset=utf-8",
        "content-length": "569",
        "etag": "W/\"239-enYWgITFmBHzb2KveBZapJ4JPe0\""
      }
    }
    [35mresponseTime[39m: 34
[14:50:19.761] [32mINFO[39m (16748): [36mrequest completed[39m
    [35mreq[39m: {
      "id": 159,
      "method": "GET",
      "url": "/api/auth/me",
      "query": {},
      "params": {
        "path": [
          "auth",
          "me"
        ]
      },
      "headers": {
        "host": "localhost:4000",
        "connection": "keep-alive",
        "accept": "*/*",
        "accept-language": "*",
        "sec-fetch-mode": "cors",
        "user-agent": "node",
        "pragma": "no-cache",
        "cache-control": "no-cache",
        "accept-encoding": "gzip, deflate"
      },
      "remoteAddress": "127.0.0.1",
      "remotePort": 63318
    }
    [35mres[39m: {
      "statusCode": 401,
      "headers": {
        "content-security-policy": "default-src 'self';base-uri 'self';font-src 'self' https: data:;form-action 'self';frame-ancestors 'self';img-src 'self' data:;object-src 'none';script-src 'self';script-src-attr 'none';style-src 'self' https: 'unsafe-inline';upgrade-insecure-requests",
        "cross-origin-opener-policy": "same-origin",
        "cross-origin-resource-policy": "same-origin",
        "origin-agent-cluster": "?1",
        "referrer-policy": "no-referrer",
        "strict-transport-security": "max-age=31536000; includeSubDomains",
        "x-content-type-options": "nosniff",
        "x-dns-prefetch-control": "off",
        "x-download-options": "noopen",
        "x-frame-options": "SAMEORIGIN",
        "x-permitted-cross-domain-policies": "none",
        "x-xss-protection": "0",
        "vary": "Origin",
        "access-control-allow-credentials": "true",
        "x-ratelimit-limit": "120",
        "x-ratelimit-remaining": "117",
        "x-ratelimit-reset": "52",
        "content-type": "application/json; charset=utf-8",
        "content-length": "163",
        "etag": "W/\"a3-2PeSfFcNs/h3519Yw8r67ObgP7U\""
      }
    }
    [35mresponseTime[39m: 1
[14:50:19.778] [32mINFO[39m (16748): [36mrequest completed[39m
    [35mreq[39m: {
      "id": 160,
      "method": "POST",
      "url": "/api/auth/refresh",
      "query": {},
      "params": {
        "path": [
          "auth",
          "refresh"
        ]
      },
      "headers": {
        "host": "localhost:4000",
        "connection": "keep-alive",
        "content-type": "application/json",
        "accept": "*/*",
        "accept-language": "*",
        "sec-fetch-mode": "cors",
        "user-agent": "node",
        "pragma": "no-cache",
        "cache-control": "no-cache",
        "accept-encoding": "gzip, deflate",
        "content-length": "296"
      },
      "remoteAddress": "127.0.0.1",
      "remotePort": 63320
    }
    [35mres[39m: {
      "statusCode": 201,
      "headers": {
        "content-security-policy": "default-src 'self';base-uri 'self';font-src 'self' https: data:;form-action 'self';frame-ancestors 'self';img-src 'self' data:;object-src 'none';script-src 'self';script-src-attr 'none';style-src 'self' https: 'unsafe-inline';upgrade-insecure-requests",
        "cross-origin-opener-policy": "same-origin",
        "cross-origin-resource-policy": "same-origin",
        "origin-agent-cluster": "?1",
        "referrer-policy": "no-referrer",
        "strict-transport-security": "max-age=31536000; includeSubDomains",
        "x-content-type-options": "nosniff",
        "x-dns-prefetch-control": "off",
        "x-download-options": "noopen",
        "x-frame-options": "SAMEORIGIN",
        "x-permitted-cross-domain-policies": "none",
        "x-xss-protection": "0",
        "vary": "Origin",
        "access-control-allow-credentials": "true",
        "x-ratelimit-limit": "120",
        "x-ratelimit-remaining": "117",
        "x-ratelimit-reset": "52",
        "x-correlation-id": "be5dea6a-0ab4-4ab3-975b-72dcbe91b6fe",
        "content-type": "application/json; charset=utf-8",
        "content-length": "569",
        "etag": "W/\"239-5KF0pkRtmJlmWTMxMX+j5l5c8NM\""
      }
    }
    [35mresponseTime[39m: 13
[2J[3J[H[[90m2:55:38 p. m.[0m] File change detected. Starting incremental compilation...

[96msrc/modules/external-sources/external-sources.service.ts[0m:[93m4[0m:[93m22[0m - [91merror[0m[90m TS2300: [0mDuplicate identifier 'randomUUID'.

[7m4[0m import { createHash, randomUUID } from 'node:crypto';
[7m [0m [91m                     ~~~~~~~~~~[0m

[96msrc/modules/external-sources/external-sources.service.ts[0m:[93m5[0m:[93m10[0m - [91merror[0m[90m TS2300: [0mDuplicate identifier 'randomUUID'.

[7m5[0m import { randomUUID } from 'node:crypto';
[7m [0m [91m         ~~~~~~~~~~[0m

[96msrc/modules/external-sources/external-sources.service.ts[0m:[93m118[0m:[93m76[0m - [91merror[0m[90m TS2304: [0mCannot find name 'id'.

[7m118[0m     this.eventEmitter.emit(DOMAIN_EVENTS.layerSynced, { layerId, sourceId: id });
[7m   [0m [91m                                                                           ~~[0m

[[90m2:55:46 p. m.[0m] Found 3 errors. Watching for file changes.

[2J[3J[H[[90m2:55:46 p. m.[0m] File change detected. Starting incremental compilation...

[96msrc/modules/external-sources/external-sources.service.ts[0m:[93m4[0m:[93m22[0m - [91merror[0m[90m TS2300: [0mDuplicate identifier 'randomUUID'.

[7m4[0m import { createHash, randomUUID } from 'node:crypto';
[7m [0m [91m                     ~~~~~~~~~~[0m

[96msrc/modules/external-sources/external-sources.service.ts[0m:[93m5[0m:[93m10[0m - [91merror[0m[90m TS2300: [0mDuplicate identifier 'randomUUID'.

[7m5[0m import { randomUUID } from 'node:crypto';
[7m [0m [91m         ~~~~~~~~~~[0m

[96msrc/modules/external-sources/external-sources.service.ts[0m:[93m118[0m:[93m76[0m - [91merror[0m[90m TS2304: [0mCannot find name 'id'.

[7m118[0m     this.eventEmitter.emit(DOMAIN_EVENTS.layerSynced, { layerId, sourceId: id });
[7m   [0m [91m                                                                           ~~[0m

[[90m2:55:47 p. m.[0m] Found 3 errors. Watching for file changes.

[2J[3J[H[[90m2:55:48 p. m.[0m] File change detected. Starting incremental compilation...

[96msrc/modules/external-sources/external-sources.service.ts[0m:[93m4[0m:[93m22[0m - [91merror[0m[90m TS2300: [0mDuplicate identifier 'randomUUID'.

[7m4[0m import { createHash, randomUUID } from 'node:crypto';
[7m [0m [91m                     ~~~~~~~~~~[0m

[96msrc/modules/external-sources/external-sources.service.ts[0m:[93m5[0m:[93m10[0m - [91merror[0m[90m TS2300: [0mDuplicate identifier 'randomUUID'.

[7m5[0m import { randomUUID } from 'node:crypto';
[7m [0m [91m         ~~~~~~~~~~[0m

[96msrc/modules/external-sources/external-sources.service.ts[0m:[93m118[0m:[93m76[0m - [91merror[0m[90m TS2304: [0mCannot find name 'id'.

[7m118[0m     this.eventEmitter.emit(DOMAIN_EVENTS.layerSynced, { layerId, sourceId: id });
[7m   [0m [91m                                                                           ~~[0m

[[90m2:55:49 p. m.[0m] Found 3 errors. Watching for file changes.

[2J[3J[H[[90m2:55:50 p. m.[0m] File change detected. Starting incremental compilation...

[96msrc/modules/external-sources/external-sources.service.ts[0m:[93m4[0m:[93m22[0m - [91merror[0m[90m TS2300: [0mDuplicate identifier 'randomUUID'.

[7m4[0m import { createHash, randomUUID } from 'node:crypto';
[7m [0m [91m                     ~~~~~~~~~~[0m

[96msrc/modules/external-sources/external-sources.service.ts[0m:[93m5[0m:[93m10[0m - [91merror[0m[90m TS2300: [0mDuplicate identifier 'randomUUID'.

[7m5[0m import { randomUUID } from 'node:crypto';
[7m [0m [91m         ~~~~~~~~~~[0m

[96msrc/modules/external-sources/external-sources.service.ts[0m:[93m118[0m:[93m76[0m - [91merror[0m[90m TS2304: [0mCannot find name 'id'.

[7m118[0m     this.eventEmitter.emit(DOMAIN_EVENTS.layerSynced, { layerId, sourceId: id });
[7m   [0m [91m                                                                           ~~[0m

[[90m2:55:50 p. m.[0m] Found 3 errors. Watching for file changes.

[2J[3J[H[[90m2:55:52 p. m.[0m] File change detected. Starting incremental compilation...

[96msrc/modules/external-sources/external-sources.service.ts[0m:[93m4[0m:[93m22[0m - [91merror[0m[90m TS2300: [0mDuplicate identifier 'randomUUID'.

[7m4[0m import { createHash, randomUUID } from 'node:crypto';
[7m [0m [91m                     ~~~~~~~~~~[0m

[96msrc/modules/external-sources/external-sources.service.ts[0m:[93m5[0m:[93m10[0m - [91merror[0m[90m TS2300: [0mDuplicate identifier 'randomUUID'.

[7m5[0m import { randomUUID } from 'node:crypto';
[7m [0m [91m         ~~~~~~~~~~[0m

[96msrc/modules/external-sources/external-sources.service.ts[0m:[93m118[0m:[93m76[0m - [91merror[0m[90m TS2304: [0mCannot find name 'id'.

[7m118[0m     this.eventEmitter.emit(DOMAIN_EVENTS.layerSynced, { layerId, sourceId: id });
[7m   [0m [91m                                                                           ~~[0m

[[90m2:55:53 p. m.[0m] Found 3 errors. Watching for file changes.

[2J[3J[H[[90m2:56:04 p. m.[0m] File change detected. Starting incremental compilation...

[[90m2:56:07 p. m.[0m] Found 0 errors. Watching for file changes.

[2J[3J[H[[90m3:22:52 p. m.[0m] File change detected. Starting incremental compilation...

[[90m3:22:55 p. m.[0m] Found 0 errors. Watching for file changes.

[2J[3J[H[[90m3:23:04 p. m.[0m] File change detected. Starting incremental compilation...

[[90m3:23:05 p. m.[0m] Found 0 errors. Watching for file changes.

[2J[3J[H[[90m3:23:06 p. m.[0m] File change detected. Starting incremental compilation...

[[90m3:23:08 p. m.[0m] Found 0 errors. Watching for file changes.

[2J[3J[H[[90m3:23:12 p. m.[0m] File change detected. Starting incremental compilation...

[[90m3:23:14 p. m.[0m] Found 0 errors. Watching for file changes.

[2J[3J[H[[90m3:23:18 p. m.[0m] File change detected. Starting incremental compilation...

[[90m3:23:20 p. m.[0m] Found 0 errors. Watching for file changes.

[2J[3J[H[[90m3:23:20 p. m.[0m] File change detected. Starting incremental compilation...

[[90m3:23:21 p. m.[0m] Found 0 errors. Watching for file changes.

[2J[3J[H[[90m3:23:35 p. m.[0m] File change detected. Starting incremental compilation...

[[90m3:23:36 p. m.[0m] Found 0 errors. Watching for file changes.

[15:23:46.392] [32mINFO[39m (63372): [36mStarting Nest application...[39m
    [35mcontext[39m: "NestFactory"
[15:23:46.393] [32mINFO[39m (63372): [36mQueueModule dependencies initialized[39m
    [35mcontext[39m: "InstanceLoader"
[15:23:46.393] [32mINFO[39m (63372): [36mRolesModule dependencies initialized[39m
    [35mcontext[39m: "InstanceLoader"
[15:23:46.393] [32mINFO[39m (63372): [36mOrganizationsModule dependencies initialized[39m
    [35mcontext[39m: "InstanceLoader"
[15:23:46.393] [32mINFO[39m (63372): [36mUnitsModule dependencies initialized[39m
    [35mcontext[39m: "InstanceLoader"
[15:23:46.393] [32mINFO[39m (63372): [36mEventEmitterModule dependencies initialized[39m
    [35mcontext[39m: "InstanceLoader"
[15:23:46.393] [32mINFO[39m (63372): [36mTaskingModule dependencies initialized[39m
    [35mcontext[39m: "InstanceLoader"
[15:23:46.394] [32mINFO[39m (63372): [36mIncidentsModule dependencies initialized[39m
    [35mcontext[39m: "InstanceLoader"
[15:23:46.394] [32mINFO[39m (63372): [36mFireIntelModule dependencies initialized[39m
    [35mcontext[39m: "InstanceLoader"
[15:23:46.394] [32mINFO[39m (63372): [36mAirTrafficModule dependencies initialized[39m
    [35mcontext[39m: "InstanceLoader"
[15:23:46.394] [32mINFO[39m (63372): [36mNotamsModule dependencies initialized[39m
    [35mcontext[39m: "InstanceLoader"
[15:23:46.394] [32mINFO[39m (63372): [36mWeatherModule dependencies initialized[39m
    [35mcontext[39m: "InstanceLoader"
[15:23:46.394] [32mINFO[39m (63372): [36mGuardianModule dependencies initialized[39m
    [35mcontext[39m: "InstanceLoader"
[15:23:46.394] [32mINFO[39m (63372): [36mMavlinkModule dependencies initialized[39m
    [35mcontext[39m: "InstanceLoader"
[15:23:46.394] [32mINFO[39m (63372): [36mAtakModule dependencies initialized[39m
    [35mcontext[39m: "InstanceLoader"
[15:23:46.394] [32mINFO[39m (63372): [36mCotModule dependencies initialized[39m
    [35mcontext[39m: "InstanceLoader"
[15:23:46.394] [32mINFO[39m (63372): [36mRealtimeModule dependencies initialized[39m
    [35mcontext[39m: "InstanceLoader"
[15:23:46.394] [32mINFO[39m (63372): [36mConfigHostModule dependencies initialized[39m
    [35mcontext[39m: "InstanceLoader"
[15:23:46.394] [32mINFO[39m (63372): [36mJwtModule dependencies initialized[39m
    [35mcontext[39m: "InstanceLoader"
[15:23:46.394] [32mINFO[39m (63372): [36mThrottlerModule dependencies initialized[39m
    [35mcontext[39m: "InstanceLoader"
[15:23:46.394] [32mINFO[39m (63372): [36mSystemHealthModule dependencies initialized[39m
    [35mcontext[39m: "InstanceLoader"
[15:23:46.394] [32mINFO[39m (63372): [36mDiscoveryModule dependencies initialized[39m
    [35mcontext[39m: "InstanceLoader"
[15:23:46.394] [32mINFO[39m (63372): [36mConfigModule dependencies initialized[39m
    [35mcontext[39m: "InstanceLoader"
[15:23:46.394] [32mINFO[39m (63372): [36mConfigModule dependencies initialized[39m
    [35mcontext[39m: "InstanceLoader"
[15:23:46.394] [32mINFO[39m (63372): [36mEventEmitterModule dependencies initialized[39m
    [35mcontext[39m: "InstanceLoader"
[15:23:46.394] [32mINFO[39m (63372): [36mLoggerModule dependencies initialized[39m
    [35mcontext[39m: "InstanceLoader"
[15:23:46.394] [32mINFO[39m (63372): [36mBullModule dependencies initialized[39m
    [35mcontext[39m: "InstanceLoader"
[15:23:46.394] [32mINFO[39m (63372): [36mMqttModule dependencies initialized[39m
    [35mcontext[39m: "InstanceLoader"
[15:23:46.394] [32mINFO[39m (63372): [36mBullModule dependencies initialized[39m
    [35mcontext[39m: "InstanceLoader"
[15:23:46.394] [32mINFO[39m (63372): [36mDatabaseModule dependencies initialized[39m
    [35mcontext[39m: "InstanceLoader"
[15:23:46.394] [32mINFO[39m (63372): [36mAppModule dependencies initialized[39m
    [35mcontext[39m: "InstanceLoader"
[15:23:46.394] [32mINFO[39m (63372): [36mAuditModule dependencies initialized[39m
    [35mcontext[39m: "InstanceLoader"
[15:23:46.394] [32mINFO[39m (63372): [36mUsersModule dependencies initialized[39m
    [35mcontext[39m: "InstanceLoader"
[15:23:46.394] [32mINFO[39m (63372): [36mAssetsModule dependencies initialized[39m
    [35mcontext[39m: "InstanceLoader"
[15:23:46.394] [32mINFO[39m (63372): [36mBullModule dependencies initialized[39m
    [35mcontext[39m: "InstanceLoader"
[15:23:46.395] [32mINFO[39m (63372): [36mCopModule dependencies initialized[39m
    [35mcontext[39m: "InstanceLoader"
[15:23:46.395] [32mINFO[39m (63372): [36mDevicesModule dependencies initialized[39m
    [35mcontext[39m: "InstanceLoader"
[15:23:46.395] [32mINFO[39m (63372): [36mTrackingModule dependencies initialized[39m
    [35mcontext[39m: "InstanceLoader"
[15:23:46.395] [32mINFO[39m (63372): [36mGeofencesModule dependencies initialized[39m
    [35mcontext[39m: "InstanceLoader"
[15:23:46.395] [32mINFO[39m (63372): [36mTelemetryModule dependencies initialized[39m
    [35mcontext[39m: "InstanceLoader"
[15:23:46.395] [32mINFO[39m (63372): [36mCommandsModule dependencies initialized[39m
    [35mcontext[39m: "InstanceLoader"
[15:23:46.395] [32mINFO[39m (63372): [36mMissionsModule dependencies initialized[39m
    [35mcontext[39m: "InstanceLoader"
[15:23:46.395] [32mINFO[39m (63372): [36mAlertsModule dependencies initialized[39m
    [35mcontext[39m: "InstanceLoader"
[15:23:46.395] [32mINFO[39m (63372): [36mMapLayersModule dependencies initialized[39m
    [35mcontext[39m: "InstanceLoader"
[15:23:46.395] [32mINFO[39m (63372): [36mExternalSourcesModule dependencies initialized[39m
    [35mcontext[39m: "InstanceLoader"
[15:23:46.395] [32mINFO[39m (63372): [36mAuthModule dependencies initialized[39m
    [35mcontext[39m: "InstanceLoader"
[15:23:46.395] [33mWARN[39m (63372): [36mUnsupported route path: "/api/*". In previous versions, the symbols ?, *, and + were used to denote optional or repeating path parameters. The latest version of "path-to-regexp" now requires the use of named parameters. For example, instead of using a route like /users/* to capture all routes starting with "/users", you should use /users/*path. For more details, refer to the migration guide. Attempting to auto-convert...[39m
    [35mcontext[39m: "LegacyRouteConverter"
[15:23:46.395] [33mWARN[39m (63372): [36mUnsupported route path: "/api/*". In previous versions, the symbols ?, *, and + were used to denote optional or repeating path parameters. The latest version of "path-to-regexp" now requires the use of named parameters. For example, instead of using a route like /users/* to capture all routes starting with "/users", you should use /users/*path. For more details, refer to the migration guide. Attempting to auto-convert...[39m
    [35mcontext[39m: "LegacyRouteConverter"
[15:23:46.395] [32mINFO[39m (63372): [36mAuthController {/api/auth}:[39m
    [35mcontext[39m: "RoutesResolver"
[15:23:46.395] [32mINFO[39m (63372): [36mMapped {/api/auth/login, POST} route[39m
    [35mcontext[39m: "RouterExplorer"
[15:23:46.395] [32mINFO[39m (63372): [36mMapped {/api/auth/refresh, POST} route[39m
    [35mcontext[39m: "RouterExplorer"
[15:23:46.395] [32mINFO[39m (63372): [36mMapped {/api/auth/logout, POST} route[39m
    [35mcontext[39m: "RouterExplorer"
[15:23:46.395] [32mINFO[39m (63372): [36mMapped {/api/auth/me, GET} route[39m
    [35mcontext[39m: "RouterExplorer"
[15:23:46.395] [32mINFO[39m (63372): [36mDevicesController {/api/devices}:[39m
    [35mcontext[39m: "RoutesResolver"
[15:23:46.395] [32mINFO[39m (63372): [36mMapped {/api/devices, GET} route[39m
    [35mcontext[39m: "RouterExplorer"
[15:23:46.395] [32mINFO[39m (63372): [36mMapped {/api/devices/:id, GET} route[39m
    [35mcontext[39m: "RouterExplorer"
[15:23:46.395] [32mINFO[39m (63372): [36mMapped {/api/devices, POST} route[39m
    [35mcontext[39m: "RouterExplorer"
[15:23:46.395] [32mINFO[39m (63372): [36mMapped {/api/devices/:id, PATCH} route[39m
    [35mcontext[39m: "RouterExplorer"
[15:23:46.395] [32mINFO[39m (63372): [36mMapped {/api/devices/:id/current-state, GET} route[39m
    [35mcontext[39m: "RouterExplorer"
[15:23:46.395] [32mINFO[39m (63372): [36mMapped {/api/devices/:id/telemetry, GET} route[39m
    [35mcontext[39m: "RouterExplorer"
[15:23:46.395] [32mINFO[39m (63372): [36mMapped {/api/devices/:id/commands, GET} route[39m
    [35mcontext[39m: "RouterExplorer"
[15:23:46.395] [32mINFO[39m (63372): [36mTrackingController {/api/tracks}:[39m
    [35mcontext[39m: "RoutesResolver"
[15:23:46.395] [32mINFO[39m (63372): [36mMapped {/api/tracks/current, GET} route[39m
    [35mcontext[39m: "RouterExplorer"
[15:23:46.395] [32mINFO[39m (63372): [36mMapped {/api/tracks/history, GET} route[39m
    [35mcontext[39m: "RouterExplorer"
[15:23:46.395] [32mINFO[39m (63372): [36mMapped {/api/tracks/bbox, GET} route[39m
    [35mcontext[39m: "RouterExplorer"
[15:23:46.395] [32mINFO[39m (63372): [36mMapped {/api/tracks/:id, GET} route[39m
    [35mcontext[39m: "RouterExplorer"
[15:23:46.395] [32mINFO[39m (63372): [36mTelemetryController {/api/telemetry}:[39m
    [35mcontext[39m: "RoutesResolver"
[15:23:46.395] [32mINFO[39m (63372): [36mMapped {/api/telemetry/ingest, POST} route[39m
    [35mcontext[39m: "RouterExplorer"
[15:23:46.395] [32mINFO[39m (63372): [36mMapped {/api/telemetry, GET} route[39m
    [35mcontext[39m: "RouterExplorer"
[15:23:46.395] [32mINFO[39m (63372): [36mMapped {/api/telemetry/:deviceId, GET} route[39m
    [35mcontext[39m: "RouterExplorer"
[15:23:46.396] [32mINFO[39m (63372): [36mCommandsController {/api/commands}:[39m
    [35mcontext[39m: "RoutesResolver"
[15:23:46.396] [32mINFO[39m (63372): [36mMapped {/api/commands, POST} route[39m
    [35mcontext[39m: "RouterExplorer"
[15:23:46.396] [32mINFO[39m (63372): [36mMapped {/api/commands, GET} route[39m
    [35mcontext[39m: "RouterExplorer"
[15:23:46.396] [32mINFO[39m (63372): [36mMapped {/api/commands/:id, GET} route[39m
    [35mcontext[39m: "RouterExplorer"
[15:23:46.396] [32mINFO[39m (63372): [36mMapped {/api/commands/:id/cancel, POST} route[39m
    [35mcontext[39m: "RouterExplorer"
[15:23:46.396] [32mINFO[39m (63372): [36mCopController {/api/v1}:[39m
    [35mcontext[39m: "RoutesResolver"
[15:23:46.396] [32mINFO[39m (63372): [36mMapped {/api/v1/operations/bootstrap, GET} route[39m
    [35mcontext[39m: "RouterExplorer"
[15:23:46.396] [32mINFO[39m (63372): [36mMapped {/api/v1/operations/snapshot, GET} route[39m
    [35mcontext[39m: "RouterExplorer"
[15:23:46.396] [32mINFO[39m (63372): [36mMapped {/api/v1/assets, GET} route[39m
    [35mcontext[39m: "RouterExplorer"
[15:23:46.396] [32mINFO[39m (63372): [36mMapped {/api/v1/assets/:id, GET} route[39m
    [35mcontext[39m: "RouterExplorer"
[15:23:46.396] [32mINFO[39m (63372): [36mMapped {/api/v1/alerts, GET} route[39m
    [35mcontext[39m: "RouterExplorer"
[15:23:46.396] [32mINFO[39m (63372): [36mMapped {/api/v1/alerts/:id, GET} route[39m
    [35mcontext[39m: "RouterExplorer"
[15:23:46.396] [32mINFO[39m (63372): [36mMapped {/api/v1/incidents, GET} route[39m
    [35mcontext[39m: "RouterExplorer"
[15:23:46.396] [32mINFO[39m (63372): [36mMapped {/api/v1/incidents/:id, GET} route[39m
    [35mcontext[39m: "RouterExplorer"
[15:23:46.396] [32mINFO[39m (63372): [36mMapped {/api/v1/layers, GET} route[39m
    [35mcontext[39m: "RouterExplorer"
[15:23:46.396] [32mINFO[39m (63372): [36mMapped {/api/v1/layers/:id, GET} route[39m
    [35mcontext[39m: "RouterExplorer"
[15:23:46.396] [32mINFO[39m (63372): [36mMapped {/api/v1/layers/:id/geojson, GET} route[39m
    [35mcontext[39m: "RouterExplorer"
[15:23:46.396] [32mINFO[39m (63372): [36mMapped {/api/v1/timeline, GET} route[39m
    [35mcontext[39m: "RouterExplorer"
[15:23:46.396] [32mINFO[39m (63372): [36mMapped {/api/v1/timeline/:id, GET} route[39m
    [35mcontext[39m: "RouterExplorer"
[15:23:46.396] [32mINFO[39m (63372): [36mMapped {/api/v1/geospatial/fire-hotspots, GET} route[39m
    [35mcontext[39m: "RouterExplorer"
[15:23:46.396] [32mINFO[39m (63372): [36mMissionsController {/api/missions}:[39m
    [35mcontext[39m: "RoutesResolver"
[15:23:46.396] [32mINFO[39m (63372): [36mMapped {/api/missions, GET} route[39m
    [35mcontext[39m: "RouterExplorer"
[15:23:46.396] [32mINFO[39m (63372): [36mMapped {/api/missions, POST} route[39m
    [35mcontext[39m: "RouterExplorer"
[15:23:46.396] [32mINFO[39m (63372): [36mMapped {/api/missions/:id, GET} route[39m
    [35mcontext[39m: "RouterExplorer"
[15:23:46.396] [32mINFO[39m (63372): [36mMapped {/api/missions/:id, PATCH} route[39m
    [35mcontext[39m: "RouterExplorer"
[15:23:46.396] [32mINFO[39m (63372): [36mMapped {/api/missions/:id, DELETE} route[39m
    [35mcontext[39m: "RouterExplorer"
[15:23:46.396] [32mINFO[39m (63372): [36mAlertsController {/api/alerts}:[39m
    [35mcontext[39m: "RoutesResolver"
[15:23:46.396] [32mINFO[39m (63372): [36mMapped {/api/alerts, GET} route[39m
    [35mcontext[39m: "RouterExplorer"
[15:23:46.396] [32mINFO[39m (63372): [36mMapped {/api/alerts/:id/ack, POST} route[39m
    [35mcontext[39m: "RouterExplorer"
[15:23:46.396] [32mINFO[39m (63372): [36mMapped {/api/alerts/:id/resolve, POST} route[39m
    [35mcontext[39m: "RouterExplorer"
[15:23:46.396] [32mINFO[39m (63372): [36mGeofencesController {/api/geofences}:[39m
    [35mcontext[39m: "RoutesResolver"
[15:23:46.396] [32mINFO[39m (63372): [36mMapped {/api/geofences, GET} route[39m
    [35mcontext[39m: "RouterExplorer"
[15:23:46.396] [32mINFO[39m (63372): [36mMapped {/api/geofences, POST} route[39m
    [35mcontext[39m: "RouterExplorer"
[15:23:46.396] [32mINFO[39m (63372): [36mMapped {/api/geofences/:id, GET} route[39m
    [35mcontext[39m: "RouterExplorer"
[15:23:46.396] [32mINFO[39m (63372): [36mMapped {/api/geofences/:id, PATCH} route[39m
    [35mcontext[39m: "RouterExplorer"
[15:23:46.396] [32mINFO[39m (63372): [36mMapped {/api/geofences/:id, DELETE} route[39m
    [35mcontext[39m: "RouterExplorer"
[15:23:46.396] [32mINFO[39m (63372): [36mMapLayersController {/api/map-layers}:[39m
    [35mcontext[39m: "RoutesResolver"
[15:23:46.396] [32mINFO[39m (63372): [36mMapped {/api/map-layers, GET} route[39m
    [35mcontext[39m: "RouterExplorer"
[15:23:46.396] [32mINFO[39m (63372): [36mMapped {/api/map-layers/:id, GET} route[39m
    [35mcontext[39m: "RouterExplorer"
[15:23:46.396] [32mINFO[39m (63372): [36mMapped {/api/map-layers/:id/features, GET} route[39m
    [35mcontext[39m: "RouterExplorer"
[15:23:46.396] [32mINFO[39m (63372): [36mMapped {/api/map-layers/:id/geojson, GET} route[39m
    [35mcontext[39m: "RouterExplorer"
[15:23:46.396] [32mINFO[39m (63372): [36mMapped {/api/map-layers/:id, PATCH} route[39m
    [35mcontext[39m: "RouterExplorer"
[15:23:46.396] [32mINFO[39m (63372): [36mExternalSourcesController {/api/external-sources}:[39m
    [35mcontext[39m: "RoutesResolver"
[15:23:46.396] [32mINFO[39m (63372): [36mMapped {/api/external-sources, GET} route[39m
    [35mcontext[39m: "RouterExplorer"
[15:23:46.396] [32mINFO[39m (63372): [36mMapped {/api/external-sources/sync-all, POST} route[39m
    [35mcontext[39m: "RouterExplorer"
[15:23:46.396] [32mINFO[39m (63372): [36mMapped {/api/external-sources/:id/sync, POST} route[39m
    [35mcontext[39m: "RouterExplorer"
[15:23:46.396] [32mINFO[39m (63372): [36mSystemHealthController {/api}:[39m
    [35mcontext[39m: "RoutesResolver"
[15:23:46.397] [32mINFO[39m (63372): [36mMapped {/api/health, GET} route[39m
    [35mcontext[39m: "RouterExplorer"
[15:23:46.397] [32mINFO[39m (63372): [36mMapped {/api/metrics, GET} route[39m
    [35mcontext[39m: "RouterExplorer"
[15:23:46.397] [32mINFO[39m (63372): [36mNest application successfully started[39m
    [35mcontext[39m: "NestApplication"
[15:23:46.399] [32mINFO[39m (63372): [36mGungnir backend listening on http://127.0.0.1:4000[39m
[15:23:46.456] [32mINFO[39m (63372): [36mConnected to MQTT broker mqtt://localhost:1883[39m
    [35mcontext[39m: "MqttService"
[2J[3J[H[[90m3:23:46 p. m.[0m] File change detected. Starting incremental compilation...

[[90m3:23:47 p. m.[0m] Found 0 errors. Watching for file changes.

[15:23:57.937] [32mINFO[39m (4064): [36mStarting Nest application...[39m
    [35mcontext[39m: "NestFactory"
[15:23:57.938] [32mINFO[39m (4064): [36mQueueModule dependencies initialized[39m
    [35mcontext[39m: "InstanceLoader"
[15:23:57.938] [32mINFO[39m (4064): [36mRolesModule dependencies initialized[39m
    [35mcontext[39m: "InstanceLoader"
[15:23:57.939] [32mINFO[39m (4064): [36mOrganizationsModule dependencies initialized[39m
    [35mcontext[39m: "InstanceLoader"
[15:23:57.939] [32mINFO[39m (4064): [36mUnitsModule dependencies initialized[39m
    [35mcontext[39m: "InstanceLoader"
[15:23:57.939] [32mINFO[39m (4064): [36mEventEmitterModule dependencies initialized[39m
    [35mcontext[39m: "InstanceLoader"
[15:23:57.939] [32mINFO[39m (4064): [36mTaskingModule dependencies initialized[39m
    [35mcontext[39m: "InstanceLoader"
[15:23:57.939] [32mINFO[39m (4064): [36mIncidentsModule dependencies initialized[39m
    [35mcontext[39m: "InstanceLoader"
[15:23:57.939] [32mINFO[39m (4064): [36mFireIntelModule dependencies initialized[39m
    [35mcontext[39m: "InstanceLoader"
[15:23:57.939] [32mINFO[39m (4064): [36mAirTrafficModule dependencies initialized[39m
    [35mcontext[39m: "InstanceLoader"
[15:23:57.939] [32mINFO[39m (4064): [36mNotamsModule dependencies initialized[39m
    [35mcontext[39m: "InstanceLoader"
[15:23:57.940] [32mINFO[39m (4064): [36mWeatherModule dependencies initialized[39m
    [35mcontext[39m: "InstanceLoader"
[15:23:57.940] [32mINFO[39m (4064): [36mGuardianModule dependencies initialized[39m
    [35mcontext[39m: "InstanceLoader"
[15:23:57.940] [32mINFO[39m (4064): [36mMavlinkModule dependencies initialized[39m
    [35mcontext[39m: "InstanceLoader"
[15:23:57.940] [32mINFO[39m (4064): [36mAtakModule dependencies initialized[39m
    [35mcontext[39m: "InstanceLoader"
[15:23:57.940] [32mINFO[39m (4064): [36mCotModule dependencies initialized[39m
    [35mcontext[39m: "InstanceLoader"
[15:23:57.940] [32mINFO[39m (4064): [36mRealtimeModule dependencies initialized[39m
    [35mcontext[39m: "InstanceLoader"
[15:23:57.940] [32mINFO[39m (4064): [36mConfigHostModule dependencies initialized[39m
    [35mcontext[39m: "InstanceLoader"
[15:23:57.940] [32mINFO[39m (4064): [36mJwtModule dependencies initialized[39m
    [35mcontext[39m: "InstanceLoader"
[15:23:57.940] [32mINFO[39m (4064): [36mThrottlerModule dependencies initialized[39m
    [35mcontext[39m: "InstanceLoader"
[15:23:57.940] [32mINFO[39m (4064): [36mSystemHealthModule dependencies initialized[39m
    [35mcontext[39m: "InstanceLoader"
[15:23:57.940] [32mINFO[39m (4064): [36mDiscoveryModule dependencies initialized[39m
    [35mcontext[39m: "InstanceLoader"
[15:23:57.940] [32mINFO[39m (4064): [36mConfigModule dependencies initialized[39m
    [35mcontext[39m: "InstanceLoader"
[15:23:57.940] [32mINFO[39m (4064): [36mConfigModule dependencies initialized[39m
    [35mcontext[39m: "InstanceLoader"
[15:23:57.940] [32mINFO[39m (4064): [36mEventEmitterModule dependencies initialized[39m
    [35mcontext[39m: "InstanceLoader"
[15:23:57.940] [32mINFO[39m (4064): [36mLoggerModule dependencies initialized[39m
    [35mcontext[39m: "InstanceLoader"
[15:23:57.940] [32mINFO[39m (4064): [36mBullModule dependencies initialized[39m
    [35mcontext[39m: "InstanceLoader"
[15:23:57.940] [32mINFO[39m (4064): [36mMqttModule dependencies initialized[39m
    [35mcontext[39m: "InstanceLoader"
[15:23:57.940] [32mINFO[39m (4064): [36mBullModule dependencies initialized[39m
    [35mcontext[39m: "InstanceLoader"
[15:23:57.940] [32mINFO[39m (4064): [36mDatabaseModule dependencies initialized[39m
    [35mcontext[39m: "InstanceLoader"
[15:23:57.940] [32mINFO[39m (4064): [36mAppModule dependencies initialized[39m
    [35mcontext[39m: "InstanceLoader"
[15:23:57.940] [32mINFO[39m (4064): [36mAuditModule dependencies initialized[39m
    [35mcontext[39m: "InstanceLoader"
[15:23:57.940] [32mINFO[39m (4064): [36mUsersModule dependencies initialized[39m
    [35mcontext[39m: "InstanceLoader"
[15:23:57.940] [32mINFO[39m (4064): [36mAssetsModule dependencies initialized[39m
    [35mcontext[39m: "InstanceLoader"
[15:23:57.940] [32mINFO[39m (4064): [36mBullModule dependencies initialized[39m
    [35mcontext[39m: "InstanceLoader"
[15:23:57.940] [32mINFO[39m (4064): [36mCopModule dependencies initialized[39m
    [35mcontext[39m: "InstanceLoader"
[15:23:57.940] [32mINFO[39m (4064): [36mDevicesModule dependencies initialized[39m
    [35mcontext[39m: "InstanceLoader"
[15:23:57.940] [32mINFO[39m (4064): [36mTrackingModule dependencies initialized[39m
    [35mcontext[39m: "InstanceLoader"
[15:23:57.940] [32mINFO[39m (4064): [36mGeofencesModule dependencies initialized[39m
    [35mcontext[39m: "InstanceLoader"
[15:23:57.940] [32mINFO[39m (4064): [36mTelemetryModule dependencies initialized[39m
    [35mcontext[39m: "InstanceLoader"
[15:23:57.940] [32mINFO[39m (4064): [36mCommandsModule dependencies initialized[39m
    [35mcontext[39m: "InstanceLoader"
[15:23:57.940] [32mINFO[39m (4064): [36mMissionsModule dependencies initialized[39m
    [35mcontext[39m: "InstanceLoader"
[15:23:57.940] [32mINFO[39m (4064): [36mAlertsModule dependencies initialized[39m
    [35mcontext[39m: "InstanceLoader"
[15:23:57.940] [32mINFO[39m (4064): [36mMapLayersModule dependencies initialized[39m
    [35mcontext[39m: "InstanceLoader"
[15:23:57.940] [32mINFO[39m (4064): [36mExternalSourcesModule dependencies initialized[39m
    [35mcontext[39m: "InstanceLoader"
[15:23:57.940] [32mINFO[39m (4064): [36mAuthModule dependencies initialized[39m
    [35mcontext[39m: "InstanceLoader"
[15:23:57.941] [33mWARN[39m (4064): [36mUnsupported route path: "/api/*". In previous versions, the symbols ?, *, and + were used to denote optional or repeating path parameters. The latest version of "path-to-regexp" now requires the use of named parameters. For example, instead of using a route like /users/* to capture all routes starting with "/users", you should use /users/*path. For more details, refer to the migration guide. Attempting to auto-convert...[39m
    [35mcontext[39m: "LegacyRouteConverter"
[15:23:57.941] [33mWARN[39m (4064): [36mUnsupported route path: "/api/*". In previous versions, the symbols ?, *, and + were used to denote optional or repeating path parameters. The latest version of "path-to-regexp" now requires the use of named parameters. For example, instead of using a route like /users/* to capture all routes starting with "/users", you should use /users/*path. For more details, refer to the migration guide. Attempting to auto-convert...[39m
    [35mcontext[39m: "LegacyRouteConverter"
[15:23:57.941] [32mINFO[39m (4064): [36mAuthController {/api/auth}:[39m
    [35mcontext[39m: "RoutesResolver"
[15:23:57.941] [32mINFO[39m (4064): [36mMapped {/api/auth/login, POST} route[39m
    [35mcontext[39m: "RouterExplorer"
[15:23:57.941] [32mINFO[39m (4064): [36mMapped {/api/auth/refresh, POST} route[39m
    [35mcontext[39m: "RouterExplorer"
[15:23:57.941] [32mINFO[39m (4064): [36mMapped {/api/auth/logout, POST} route[39m
    [35mcontext[39m: "RouterExplorer"
[15:23:57.941] [32mINFO[39m (4064): [36mMapped {/api/auth/me, GET} route[39m
    [35mcontext[39m: "RouterExplorer"
[15:23:57.941] [32mINFO[39m (4064): [36mDevicesController {/api/devices}:[39m
    [35mcontext[39m: "RoutesResolver"
[15:23:57.941] [32mINFO[39m (4064): [36mMapped {/api/devices, GET} route[39m
    [35mcontext[39m: "RouterExplorer"
[15:23:57.941] [32mINFO[39m (4064): [36mMapped {/api/devices/:id, GET} route[39m
    [35mcontext[39m: "RouterExplorer"
[15:23:57.941] [32mINFO[39m (4064): [36mMapped {/api/devices, POST} route[39m
    [35mcontext[39m: "RouterExplorer"
[15:23:57.941] [32mINFO[39m (4064): [36mMapped {/api/devices/:id, PATCH} route[39m
    [35mcontext[39m: "RouterExplorer"
[15:23:57.941] [32mINFO[39m (4064): [36mMapped {/api/devices/:id/current-state, GET} route[39m
    [35mcontext[39m: "RouterExplorer"
[15:23:57.941] [32mINFO[39m (4064): [36mMapped {/api/devices/:id/telemetry, GET} route[39m
    [35mcontext[39m: "RouterExplorer"
[15:23:57.941] [32mINFO[39m (4064): [36mMapped {/api/devices/:id/commands, GET} route[39m
    [35mcontext[39m: "RouterExplorer"
[15:23:57.941] [32mINFO[39m (4064): [36mTrackingController {/api/tracks}:[39m
    [35mcontext[39m: "RoutesResolver"
[15:23:57.941] [32mINFO[39m (4064): [36mMapped {/api/tracks/current, GET} route[39m
    [35mcontext[39m: "RouterExplorer"
[15:23:57.941] [32mINFO[39m (4064): [36mMapped {/api/tracks/history, GET} route[39m
    [35mcontext[39m: "RouterExplorer"
[15:23:57.941] [32mINFO[39m (4064): [36mMapped {/api/tracks/bbox, GET} route[39m
    [35mcontext[39m: "RouterExplorer"
[15:23:57.941] [32mINFO[39m (4064): [36mMapped {/api/tracks/:id, GET} route[39m
    [35mcontext[39m: "RouterExplorer"
[15:23:57.941] [32mINFO[39m (4064): [36mTelemetryController {/api/telemetry}:[39m
    [35mcontext[39m: "RoutesResolver"
[15:23:57.941] [32mINFO[39m (4064): [36mMapped {/api/telemetry/ingest, POST} route[39m
    [35mcontext[39m: "RouterExplorer"
[15:23:57.941] [32mINFO[39m (4064): [36mMapped {/api/telemetry, GET} route[39m
    [35mcontext[39m: "RouterExplorer"
[15:23:57.941] [32mINFO[39m (4064): [36mMapped {/api/telemetry/:deviceId, GET} route[39m
    [35mcontext[39m: "RouterExplorer"
[15:23:57.941] [32mINFO[39m (4064): [36mCommandsController {/api/commands}:[39m
    [35mcontext[39m: "RoutesResolver"
[15:23:57.941] [32mINFO[39m (4064): [36mMapped {/api/commands, POST} route[39m
    [35mcontext[39m: "RouterExplorer"
[15:23:57.941] [32mINFO[39m (4064): [36mMapped {/api/commands, GET} route[39m
    [35mcontext[39m: "RouterExplorer"
[15:23:57.941] [32mINFO[39m (4064): [36mMapped {/api/commands/:id, GET} route[39m
    [35mcontext[39m: "RouterExplorer"
[15:23:57.941] [32mINFO[39m (4064): [36mMapped {/api/commands/:id/cancel, POST} route[39m
    [35mcontext[39m: "RouterExplorer"
[15:23:57.941] [32mINFO[39m (4064): [36mCopController {/api/v1}:[39m
    [35mcontext[39m: "RoutesResolver"
[15:23:57.941] [32mINFO[39m (4064): [36mMapped {/api/v1/operations/bootstrap, GET} route[39m
    [35mcontext[39m: "RouterExplorer"
[15:23:57.941] [32mINFO[39m (4064): [36mMapped {/api/v1/operations/snapshot, GET} route[39m
    [35mcontext[39m: "RouterExplorer"
[15:23:57.941] [32mINFO[39m (4064): [36mMapped {/api/v1/assets, GET} route[39m
    [35mcontext[39m: "RouterExplorer"
[15:23:57.941] [32mINFO[39m (4064): [36mMapped {/api/v1/assets/:id, GET} route[39m
    [35mcontext[39m: "RouterExplorer"
[15:23:57.941] [32mINFO[39m (4064): [36mMapped {/api/v1/alerts, GET} route[39m
    [35mcontext[39m: "RouterExplorer"
[15:23:57.941] [32mINFO[39m (4064): [36mMapped {/api/v1/alerts/:id, GET} route[39m
    [35mcontext[39m: "RouterExplorer"
[15:23:57.941] [32mINFO[39m (4064): [36mMapped {/api/v1/incidents, GET} route[39m
    [35mcontext[39m: "RouterExplorer"
[15:23:57.941] [32mINFO[39m (4064): [36mMapped {/api/v1/incidents/:id, GET} route[39m
    [35mcontext[39m: "RouterExplorer"
[15:23:57.941] [32mINFO[39m (4064): [36mMapped {/api/v1/layers, GET} route[39m
    [35mcontext[39m: "RouterExplorer"
[15:23:57.941] [32mINFO[39m (4064): [36mMapped {/api/v1/layers/:id, GET} route[39m
    [35mcontext[39m: "RouterExplorer"
[15:23:57.941] [32mINFO[39m (4064): [36mMapped {/api/v1/layers/:id/geojson, GET} route[39m
    [35mcontext[39m: "RouterExplorer"
[15:23:57.941] [32mINFO[39m (4064): [36mMapped {/api/v1/timeline, GET} route[39m
    [35mcontext[39m: "RouterExplorer"
[15:23:57.941] [32mINFO[39m (4064): [36mMapped {/api/v1/timeline/:id, GET} route[39m
    [35mcontext[39m: "RouterExplorer"
[15:23:57.941] [32mINFO[39m (4064): [36mMapped {/api/v1/geospatial/fire-hotspots, GET} route[39m
    [35mcontext[39m: "RouterExplorer"
[15:23:57.941] [32mINFO[39m (4064): [36mMissionsController {/api/missions}:[39m
    [35mcontext[39m: "RoutesResolver"
[15:23:57.941] [32mINFO[39m (4064): [36mMapped {/api/missions, GET} route[39m
    [35mcontext[39m: "RouterExplorer"
[15:23:57.942] [32mINFO[39m (4064): [36mMapped {/api/missions, POST} route[39m
    [35mcontext[39m: "RouterExplorer"
[15:23:57.942] [32mINFO[39m (4064): [36mMapped {/api/missions/:id, GET} route[39m
    [35mcontext[39m: "RouterExplorer"
[15:23:57.942] [32mINFO[39m (4064): [36mMapped {/api/missions/:id, PATCH} route[39m
    [35mcontext[39m: "RouterExplorer"
[15:23:57.942] [32mINFO[39m (4064): [36mMapped {/api/missions/:id, DELETE} route[39m
    [35mcontext[39m: "RouterExplorer"
[15:23:57.942] [32mINFO[39m (4064): [36mAlertsController {/api/alerts}:[39m
    [35mcontext[39m: "RoutesResolver"
[15:23:57.942] [32mINFO[39m (4064): [36mMapped {/api/alerts, GET} route[39m
    [35mcontext[39m: "RouterExplorer"
[15:23:57.942] [32mINFO[39m (4064): [36mMapped {/api/alerts/:id/ack, POST} route[39m
    [35mcontext[39m: "RouterExplorer"
[15:23:57.942] [32mINFO[39m (4064): [36mMapped {/api/alerts/:id/resolve, POST} route[39m
    [35mcontext[39m: "RouterExplorer"
[15:23:57.942] [32mINFO[39m (4064): [36mGeofencesController {/api/geofences}:[39m
    [35mcontext[39m: "RoutesResolver"
[15:23:57.942] [32mINFO[39m (4064): [36mMapped {/api/geofences, GET} route[39m
    [35mcontext[39m: "RouterExplorer"
[15:23:57.942] [32mINFO[39m (4064): [36mMapped {/api/geofences, POST} route[39m
    [35mcontext[39m: "RouterExplorer"
[15:23:57.942] [32mINFO[39m (4064): [36mMapped {/api/geofences/:id, GET} route[39m
    [35mcontext[39m: "RouterExplorer"
[15:23:57.942] [32mINFO[39m (4064): [36mMapped {/api/geofences/:id, PATCH} route[39m
    [35mcontext[39m: "RouterExplorer"
[15:23:57.942] [32mINFO[39m (4064): [36mMapped {/api/geofences/:id, DELETE} route[39m
    [35mcontext[39m: "RouterExplorer"
[15:23:57.942] [32mINFO[39m (4064): [36mMapLayersController {/api/map-layers}:[39m
    [35mcontext[39m: "RoutesResolver"
[15:23:57.942] [32mINFO[39m (4064): [36mMapped {/api/map-layers, GET} route[39m
    [35mcontext[39m: "RouterExplorer"
[15:23:57.942] [32mINFO[39m (4064): [36mMapped {/api/map-layers/:id, GET} route[39m
    [35mcontext[39m: "RouterExplorer"
[15:23:57.942] [32mINFO[39m (4064): [36mMapped {/api/map-layers/:id/features, GET} route[39m
    [35mcontext[39m: "RouterExplorer"
[15:23:57.942] [32mINFO[39m (4064): [36mMapped {/api/map-layers/:id/geojson, GET} route[39m
    [35mcontext[39m: "RouterExplorer"
[15:23:57.942] [32mINFO[39m (4064): [36mMapped {/api/map-layers/:id, PATCH} route[39m
    [35mcontext[39m: "RouterExplorer"
[15:23:57.942] [32mINFO[39m (4064): [36mExternalSourcesController {/api/external-sources}:[39m
    [35mcontext[39m: "RoutesResolver"
[15:23:57.942] [32mINFO[39m (4064): [36mMapped {/api/external-sources, GET} route[39m
    [35mcontext[39m: "RouterExplorer"
[15:23:57.942] [32mINFO[39m (4064): [36mMapped {/api/external-sources/sync-all, POST} route[39m
    [35mcontext[39m: "RouterExplorer"
[15:23:57.942] [32mINFO[39m (4064): [36mMapped {/api/external-sources/:id/sync, POST} route[39m
    [35mcontext[39m: "RouterExplorer"
[15:23:57.942] [32mINFO[39m (4064): [36mSystemHealthController {/api}:[39m
    [35mcontext[39m: "RoutesResolver"
[15:23:57.942] [32mINFO[39m (4064): [36mMapped {/api/health, GET} route[39m
    [35mcontext[39m: "RouterExplorer"
[15:23:57.942] [32mINFO[39m (4064): [36mMapped {/api/metrics, GET} route[39m
    [35mcontext[39m: "RouterExplorer"
[15:23:57.942] [32mINFO[39m (4064): [36mNest application successfully started[39m
    [35mcontext[39m: "NestApplication"
[15:23:57.944] [32mINFO[39m (4064): [36mGungnir backend listening on http://127.0.0.1:4000[39m
[15:23:57.993] [32mINFO[39m (4064): [36mConnected to MQTT broker mqtt://localhost:1883[39m
    [35mcontext[39m: "MqttService"
[15:24:20.398] [32mINFO[39m (4064): [36mrequest completed[39m
    [35mreq[39m: {
      "id": 1,
      "method": "GET",
      "url": "/api/health",
      "query": {},
      "params": {
        "path": [
          "health"
        ]
      },
      "headers": {
        "user-agent": "Mozilla/5.0 (Windows NT; Windows NT 10.0; es-CL) WindowsPowerShell/5.1.26100.8457",
        "host": "127.0.0.1:4000",
        "connection": "Keep-Alive"
      },
      "remoteAddress": "127.0.0.1",
      "remotePort": 54663
    }
    [35mres[39m: {
      "statusCode": 200,
      "headers": {
        "content-security-policy": "default-src 'self';base-uri 'self';font-src 'self' https: data:;form-action 'self';frame-ancestors 'self';img-src 'self' data:;object-src 'none';script-src 'self';script-src-attr 'none';style-src 'self' https: 'unsafe-inline';upgrade-insecure-requests",
        "cross-origin-opener-policy": "same-origin",
        "cross-origin-resource-policy": "same-origin",
        "origin-agent-cluster": "?1",
        "referrer-policy": "no-referrer",
        "strict-transport-security": "max-age=31536000; includeSubDomains",
        "x-content-type-options": "nosniff",
        "x-dns-prefetch-control": "off",
        "x-download-options": "noopen",
        "x-frame-options": "SAMEORIGIN",
        "x-permitted-cross-domain-policies": "none",
        "x-xss-protection": "0",
        "vary": "Origin",
        "access-control-allow-credentials": "true",
        "x-ratelimit-limit": "120",
        "x-ratelimit-remaining": "119",
        "x-ratelimit-reset": "60",
        "x-correlation-id": "0232a71b-6a14-459c-8b6a-dc7f2f2b28c2",
        "content-type": "application/json; charset=utf-8",
        "content-length": "79",
        "etag": "W/\"4f-pcoC52LrbVCUBs1DEIa/z3Q6v8A\""
      }
    }
    [35mresponseTime[39m: 8
[15:24:20.428] [32mINFO[39m (4064): [36mrequest completed[39m
    [35mreq[39m: {
      "id": 2,
      "method": "GET",
      "url": "/api/health",
      "query": {},
      "params": {
        "path": [
          "health"
        ]
      },
      "headers": {
        "host": "127.0.0.1:4000",
        "user-agent": "curl/8.19.0",
        "accept": "*/*"
      },
      "remoteAddress": "127.0.0.1",
      "remotePort": 54664
    }
    [35mres[39m: {
      "statusCode": 200,
      "headers": {
        "content-security-policy": "default-src 'self';base-uri 'self';font-src 'self' https: data:;form-action 'self';frame-ancestors 'self';img-src 'self' data:;object-src 'none';script-src 'self';script-src-attr 'none';style-src 'self' https: 'unsafe-inline';upgrade-insecure-requests",
        "cross-origin-opener-policy": "same-origin",
        "cross-origin-resource-policy": "same-origin",
        "origin-agent-cluster": "?1",
        "referrer-policy": "no-referrer",
        "strict-transport-security": "max-age=31536000; includeSubDomains",
        "x-content-type-options": "nosniff",
        "x-dns-prefetch-control": "off",
        "x-download-options": "noopen",
        "x-frame-options": "SAMEORIGIN",
        "x-permitted-cross-domain-policies": "none",
        "x-xss-protection": "0",
        "vary": "Origin",
        "access-control-allow-credentials": "true",
        "x-ratelimit-limit": "120",
        "x-ratelimit-remaining": "118",
        "x-ratelimit-reset": "60",
        "x-correlation-id": "1f6d687d-f247-4971-a99c-1e86a7eeaf0e",
        "content-type": "application/json; charset=utf-8",
        "content-length": "79",
        "etag": "W/\"4f-JbDBPurx2gSU/5JNBvP/Fuqq4ck\""
      }
    }
    [35mresponseTime[39m: 1
[15:27:35.401] [32mINFO[39m (4064): [36mrequest completed[39m
    [35mreq[39m: {
      "id": 3,
      "method": "GET",
      "url": "/api/auth/me",
      "query": {},
      "params": {
        "path": [
          "auth",
          "me"
        ]
      },
      "headers": {
        "host": "localhost:4000",
        "connection": "keep-alive",
        "accept": "*/*",
        "accept-language": "*",
        "sec-fetch-mode": "cors",
        "user-agent": "node",
        "pragma": "no-cache",
        "cache-control": "no-cache",
        "accept-encoding": "gzip, deflate"
      },
      "remoteAddress": "127.0.0.1",
      "remotePort": 58685
    }
    [35mres[39m: {
      "statusCode": 401,
      "headers": {
        "content-security-policy": "default-src 'self';base-uri 'self';font-src 'self' https: data:;form-action 'self';frame-ancestors 'self';img-src 'self' data:;object-src 'none';script-src 'self';script-src-attr 'none';style-src 'self' https: 'unsafe-inline';upgrade-insecure-requests",
        "cross-origin-opener-policy": "same-origin",
        "cross-origin-resource-policy": "same-origin",
        "origin-agent-cluster": "?1",
        "referrer-policy": "no-referrer",
        "strict-transport-security": "max-age=31536000; includeSubDomains",
        "x-content-type-options": "nosniff",
        "x-dns-prefetch-control": "off",
        "x-download-options": "noopen",
        "x-frame-options": "SAMEORIGIN",
        "x-permitted-cross-domain-policies": "none",
        "x-xss-protection": "0",
        "vary": "Origin",
        "access-control-allow-credentials": "true",
        "x-ratelimit-limit": "120",
        "x-ratelimit-remaining": "119",
        "x-ratelimit-reset": "60",
        "content-type": "application/json; charset=utf-8",
        "content-length": "163",
        "etag": "W/\"a3-J61LD8pthgIOSDWUJQu6EZbL0uQ\""
      }
    }
    [35mresponseTime[39m: 1
[15:27:35.605] [32mINFO[39m (4064): [36mrequest completed[39m
    [35mreq[39m: {
      "id": 4,
      "method": "POST",
      "url": "/api/auth/refresh",
      "query": {},
      "params": {
        "path": [
          "auth",
          "refresh"
        ]
      },
      "headers": {
        "host": "localhost:4000",
        "connection": "keep-alive",
        "content-type": "application/json",
        "accept": "*/*",
        "accept-language": "*",
        "sec-fetch-mode": "cors",
        "user-agent": "node",
        "pragma": "no-cache",
        "cache-control": "no-cache",
        "accept-encoding": "gzip, deflate",
        "content-length": "296"
      },
      "remoteAddress": "127.0.0.1",
      "remotePort": 58687
    }
    [35mres[39m: {
      "statusCode": 401,
      "headers": {
        "content-security-policy": "default-src 'self';base-uri 'self';font-src 'self' https: data:;form-action 'self';frame-ancestors 'self';img-src 'self' data:;object-src 'none';script-src 'self';script-src-attr 'none';style-src 'self' https: 'unsafe-inline';upgrade-insecure-requests",
        "cross-origin-opener-policy": "same-origin",
        "cross-origin-resource-policy": "same-origin",
        "origin-agent-cluster": "?1",
        "referrer-policy": "no-referrer",
        "strict-transport-security": "max-age=31536000; includeSubDomains",
        "x-content-type-options": "nosniff",
        "x-dns-prefetch-control": "off",
        "x-download-options": "noopen",
        "x-frame-options": "SAMEORIGIN",
        "x-permitted-cross-domain-policies": "none",
        "x-xss-protection": "0",
        "vary": "Origin",
        "access-control-allow-credentials": "true",
        "x-ratelimit-limit": "120",
        "x-ratelimit-remaining": "119",
        "x-ratelimit-reset": "60",
        "x-correlation-id": "12c21e4f-3ef7-48d9-9af0-98154548169c",
        "content-type": "application/json; charset=utf-8",
        "content-length": "180",
        "etag": "W/\"b4-kBOkjfHvIzm1WuY1h90zFmm27SA\""
      }
    }
    [35mresponseTime[39m: 147
[15:27:41.030] [32mINFO[39m (4064): [36mrequest completed[39m
    [35mreq[39m: {
      "id": 5,
      "method": "GET",
      "url": "/api/auth/me",
      "query": {},
      "params": {
        "path": [
          "auth",
          "me"
        ]
      },
      "headers": {
        "host": "localhost:4000",
        "connection": "keep-alive",
        "accept": "*/*",
        "accept-language": "*",
        "sec-fetch-mode": "cors",
        "user-agent": "node",
        "pragma": "no-cache",
        "cache-control": "no-cache",
        "accept-encoding": "gzip, deflate"
      },
      "remoteAddress": "127.0.0.1",
      "remotePort": 56739
    }
    [35mres[39m: {
      "statusCode": 401,
      "headers": {
        "content-security-policy": "default-src 'self';base-uri 'self';font-src 'self' https: data:;form-action 'self';frame-ancestors 'self';img-src 'self' data:;object-src 'none';script-src 'self';script-src-attr 'none';style-src 'self' https: 'unsafe-inline';upgrade-insecure-requests",
        "cross-origin-opener-policy": "same-origin",
        "cross-origin-resource-policy": "same-origin",
        "origin-agent-cluster": "?1",
        "referrer-policy": "no-referrer",
        "strict-transport-security": "max-age=31536000; includeSubDomains",
        "x-content-type-options": "nosniff",
        "x-dns-prefetch-control": "off",
        "x-download-options": "noopen",
        "x-frame-options": "SAMEORIGIN",
        "x-permitted-cross-domain-policies": "none",
        "x-xss-protection": "0",
        "vary": "Origin",
        "access-control-allow-credentials": "true",
        "x-ratelimit-limit": "120",
        "x-ratelimit-remaining": "118",
        "x-ratelimit-reset": "55",
        "content-type": "application/json; charset=utf-8",
        "content-length": "163",
        "etag": "W/\"a3-6UWWfemeaOzLZzhnUKpKMfiP+dY\""
      }
    }
    [35mresponseTime[39m: 1
[15:27:41.043] [32mINFO[39m (4064): [36mrequest completed[39m
    [35mreq[39m: {
      "id": 6,
      "method": "POST",
      "url": "/api/auth/refresh",
      "query": {},
      "params": {
        "path": [
          "auth",
          "refresh"
        ]
      },
      "headers": {
        "host": "localhost:4000",
        "connection": "keep-alive",
        "content-type": "application/json",
        "accept": "*/*",
        "accept-language": "*",
        "sec-fetch-mode": "cors",
        "user-agent": "node",
        "pragma": "no-cache",
        "cache-control": "no-cache",
        "accept-encoding": "gzip, deflate",
        "content-length": "296"
      },
      "remoteAddress": "127.0.0.1",
      "remotePort": 56741
    }
    [35mres[39m: {
      "statusCode": 401,
      "headers": {
        "content-security-policy": "default-src 'self';base-uri 'self';font-src 'self' https: data:;form-action 'self';frame-ancestors 'self';img-src 'self' data:;object-src 'none';script-src 'self';script-src-attr 'none';style-src 'self' https: 'unsafe-inline';upgrade-insecure-requests",
        "cross-origin-opener-policy": "same-origin",
        "cross-origin-resource-policy": "same-origin",
        "origin-agent-cluster": "?1",
        "referrer-policy": "no-referrer",
        "strict-transport-security": "max-age=31536000; includeSubDomains",
        "x-content-type-options": "nosniff",
        "x-dns-prefetch-control": "off",
        "x-download-options": "noopen",
        "x-frame-options": "SAMEORIGIN",
        "x-permitted-cross-domain-policies": "none",
        "x-xss-protection": "0",
        "vary": "Origin",
        "access-control-allow-credentials": "true",
        "x-ratelimit-limit": "120",
        "x-ratelimit-remaining": "118",
        "x-ratelimit-reset": "55",
        "x-correlation-id": "db88bb3f-8e58-46f2-8cbb-ade65e36fc15",
        "content-type": "application/json; charset=utf-8",
        "content-length": "180",
        "etag": "W/\"b4-3N8AGWrMBvt+EHRqsC47XnhUhuI\""
      }
    }
    [35mresponseTime[39m: 4
[15:27:45.197] [32mINFO[39m (4064): [36mrequest completed[39m
    [35mreq[39m: {
      "id": 7,
      "method": "GET",
      "url": "/api/auth/me",
      "query": {},
      "params": {
        "path": [
          "auth",
          "me"
        ]
      },
      "headers": {
        "host": "localhost:4000",
        "connection": "keep-alive",
        "accept": "*/*",
        "accept-language": "*",
        "sec-fetch-mode": "cors",
        "user-agent": "node",
        "pragma": "no-cache",
        "cache-control": "no-cache",
        "accept-encoding": "gzip, deflate"
      },
      "remoteAddress": "127.0.0.1",
      "remotePort": 52282
    }
    [35mres[39m: {
      "statusCode": 401,
      "headers": {
        "content-security-policy": "default-src 'self';base-uri 'self';font-src 'self' https: data:;form-action 'self';frame-ancestors 'self';img-src 'self' data:;object-src 'none';script-src 'self';script-src-attr 'none';style-src 'self' https: 'unsafe-inline';upgrade-insecure-requests",
        "cross-origin-opener-policy": "same-origin",
        "cross-origin-resource-policy": "same-origin",
        "origin-agent-cluster": "?1",
        "referrer-policy": "no-referrer",
        "strict-transport-security": "max-age=31536000; includeSubDomains",
        "x-content-type-options": "nosniff",
        "x-dns-prefetch-control": "off",
        "x-download-options": "noopen",
        "x-frame-options": "SAMEORIGIN",
        "x-permitted-cross-domain-policies": "none",
        "x-xss-protection": "0",
        "vary": "Origin",
        "access-control-allow-credentials": "true",
        "x-ratelimit-limit": "120",
        "x-ratelimit-remaining": "117",
        "x-ratelimit-reset": "51",
        "content-type": "application/json; charset=utf-8",
        "content-length": "163",
        "etag": "W/\"a3-vMyrWQtINFC7T81InUM5gszSX+U\""
      }
    }
    [35mresponseTime[39m: 1
[15:27:45.206] [32mINFO[39m (4064): [36mrequest completed[39m
    [35mreq[39m: {
      "id": 8,
      "method": "POST",
      "url": "/api/auth/refresh",
      "query": {},
      "params": {
        "path": [
          "auth",
          "refresh"
        ]
      },
      "headers": {
        "host": "localhost:4000",
        "connection": "keep-alive",
        "content-type": "application/json",
        "accept": "*/*",
        "accept-language": "*",
        "sec-fetch-mode": "cors",
        "user-agent": "node",
        "pragma": "no-cache",
        "cache-control": "no-cache",
        "accept-encoding": "gzip, deflate",
        "content-length": "296"
      },
      "remoteAddress": "127.0.0.1",
      "remotePort": 52284
    }
    [35mres[39m: {
      "statusCode": 401,
      "headers": {
        "content-security-policy": "default-src 'self';base-uri 'self';font-src 'self' https: data:;form-action 'self';frame-ancestors 'self';img-src 'self' data:;object-src 'none';script-src 'self';script-src-attr 'none';style-src 'self' https: 'unsafe-inline';upgrade-insecure-requests",
        "cross-origin-opener-policy": "same-origin",
        "cross-origin-resource-policy": "same-origin",
        "origin-agent-cluster": "?1",
        "referrer-policy": "no-referrer",
        "strict-transport-security": "max-age=31536000; includeSubDomains",
        "x-content-type-options": "nosniff",
        "x-dns-prefetch-control": "off",
        "x-download-options": "noopen",
        "x-frame-options": "SAMEORIGIN",
        "x-permitted-cross-domain-policies": "none",
        "x-xss-protection": "0",
        "vary": "Origin",
        "access-control-allow-credentials": "true",
        "x-ratelimit-limit": "120",
        "x-ratelimit-remaining": "117",
        "x-ratelimit-reset": "51",
        "x-correlation-id": "19af71b0-7b61-4ad6-8b94-3e3131a38ad7",
        "content-type": "application/json; charset=utf-8",
        "content-length": "180",
        "etag": "W/\"b4-qN8v2+/m4gOcpwc7VeqCZ/p+Mow\""
      }
    }
    [35mresponseTime[39m: 3
[15:28:27.387] [32mINFO[39m (4064): [36mrequest completed[39m
    [35mreq[39m: {
      "id": 9,
      "method": "GET",
      "url": "/api/auth/me",
      "query": {},
      "params": {
        "path": [
          "auth",
          "me"
        ]
      },
      "headers": {
        "host": "localhost:4000",
        "connection": "keep-alive",
        "accept": "*/*",
        "accept-language": "*",
        "sec-fetch-mode": "cors",
        "user-agent": "node",
        "pragma": "no-cache",
        "cache-control": "no-cache",
        "accept-encoding": "gzip, deflate"
      },
      "remoteAddress": "127.0.0.1",
      "remotePort": 65474
    }
    [35mres[39m: {
      "statusCode": 401,
      "headers": {
        "content-security-policy": "default-src 'self';base-uri 'self';font-src 'self' https: data:;form-action 'self';frame-ancestors 'self';img-src 'self' data:;object-src 'none';script-src 'self';script-src-attr 'none';style-src 'self' https: 'unsafe-inline';upgrade-insecure-requests",
        "cross-origin-opener-policy": "same-origin",
        "cross-origin-resource-policy": "same-origin",
        "origin-agent-cluster": "?1",
        "referrer-policy": "no-referrer",
        "strict-transport-security": "max-age=31536000; includeSubDomains",
        "x-content-type-options": "nosniff",
        "x-dns-prefetch-control": "off",
        "x-download-options": "noopen",
        "x-frame-options": "SAMEORIGIN",
        "x-permitted-cross-domain-policies": "none",
        "x-xss-protection": "0",
        "vary": "Origin",
        "access-control-allow-credentials": "true",
        "x-ratelimit-limit": "120",
        "x-ratelimit-remaining": "116",
        "x-ratelimit-reset": "9",
        "content-type": "application/json; charset=utf-8",
        "content-length": "163",
        "etag": "W/\"a3-eczRY2a8LXtRyE440YQIN1Ois2M\""
      }
    }
    [35mresponseTime[39m: 1
[15:28:27.401] [32mINFO[39m (4064): [36mrequest completed[39m
    [35mreq[39m: {
      "id": 10,
      "method": "POST",
      "url": "/api/auth/refresh",
      "query": {},
      "params": {
        "path": [
          "auth",
          "refresh"
        ]
      },
      "headers": {
        "host": "localhost:4000",
        "connection": "keep-alive",
        "content-type": "application/json",
        "accept": "*/*",
        "accept-language": "*",
        "sec-fetch-mode": "cors",
        "user-agent": "node",
        "pragma": "no-cache",
        "cache-control": "no-cache",
        "accept-encoding": "gzip, deflate",
        "content-length": "296"
      },
      "remoteAddress": "127.0.0.1",
      "remotePort": 65476
    }
    [35mres[39m: {
      "statusCode": 401,
      "headers": {
        "content-security-policy": "default-src 'self';base-uri 'self';font-src 'self' https: data:;form-action 'self';frame-ancestors 'self';img-src 'self' data:;object-src 'none';script-src 'self';script-src-attr 'none';style-src 'self' https: 'unsafe-inline';upgrade-insecure-requests",
        "cross-origin-opener-policy": "same-origin",
        "cross-origin-resource-policy": "same-origin",
        "origin-agent-cluster": "?1",
        "referrer-policy": "no-referrer",
        "strict-transport-security": "max-age=31536000; includeSubDomains",
        "x-content-type-options": "nosniff",
        "x-dns-prefetch-control": "off",
        "x-download-options": "noopen",
        "x-frame-options": "SAMEORIGIN",
        "x-permitted-cross-domain-policies": "none",
        "x-xss-protection": "0",
        "vary": "Origin",
        "access-control-allow-credentials": "true",
        "x-ratelimit-limit": "120",
        "x-ratelimit-remaining": "116",
        "x-ratelimit-reset": "9",
        "x-correlation-id": "85735833-9c73-4529-948e-3a64863911d1",
        "content-type": "application/json; charset=utf-8",
        "content-length": "180",
        "etag": "W/\"b4-7J62RiQn+ABFfXVAPVavzdayiBs\""
      }
    }
    [35mresponseTime[39m: 4
[15:28:30.898] [32mINFO[39m (4064): [36mrequest completed[39m
    [35mreq[39m: {
      "id": 11,
      "method": "GET",
      "url": "/api/auth/me",
      "query": {},
      "params": {
        "path": [
          "auth",
          "me"
        ]
      },
      "headers": {
        "host": "localhost:4000",
        "connection": "keep-alive",
        "accept": "*/*",
        "accept-language": "*",
        "sec-fetch-mode": "cors",
        "user-agent": "node",
        "pragma": "no-cache",
        "cache-control": "no-cache",
        "accept-encoding": "gzip, deflate"
      },
      "remoteAddress": "127.0.0.1",
      "remotePort": 49975
    }
    [35mres[39m: {
      "statusCode": 401,
      "headers": {
        "content-security-policy": "default-src 'self';base-uri 'self';font-src 'self' https: data:;form-action 'self';frame-ancestors 'self';img-src 'self' data:;object-src 'none';script-src 'self';script-src-attr 'none';style-src 'self' https: 'unsafe-inline';upgrade-insecure-requests",
        "cross-origin-opener-policy": "same-origin",
        "cross-origin-resource-policy": "same-origin",
        "origin-agent-cluster": "?1",
        "referrer-policy": "no-referrer",
        "strict-transport-security": "max-age=31536000; includeSubDomains",
        "x-content-type-options": "nosniff",
        "x-dns-prefetch-control": "off",
        "x-download-options": "noopen",
        "x-frame-options": "SAMEORIGIN",
        "x-permitted-cross-domain-policies": "none",
        "x-xss-protection": "0",
        "vary": "Origin",
        "access-control-allow-credentials": "true",
        "x-ratelimit-limit": "120",
        "x-ratelimit-remaining": "115",
        "x-ratelimit-reset": "5",
        "content-type": "application/json; charset=utf-8",
        "content-length": "163",
        "etag": "W/\"a3-XLnG6vEDzBBecHvOBRorruWeZpU\""
      }
    }
    [35mresponseTime[39m: 1
[15:28:31.327] [32mINFO[39m (4064): [36mrequest completed[39m
    [35mreq[39m: {
      "id": 12,
      "method": "GET",
      "url": "/api/auth/me",
      "query": {},
      "params": {
        "path": [
          "auth",
          "me"
        ]
      },
      "headers": {
        "host": "localhost:4000",
        "connection": "keep-alive",
        "accept": "*/*",
        "accept-language": "*",
        "sec-fetch-mode": "cors",
        "user-agent": "node",
        "pragma": "no-cache",
        "cache-control": "no-cache",
        "accept-encoding": "gzip, deflate"
      },
      "remoteAddress": "127.0.0.1",
      "remotePort": 49975
    }
    [35mres[39m: {
      "statusCode": 401,
      "headers": {
        "content-security-policy": "default-src 'self';base-uri 'self';font-src 'self' https: data:;form-action 'self';frame-ancestors 'self';img-src 'self' data:;object-src 'none';script-src 'self';script-src-attr 'none';style-src 'self' https: 'unsafe-inline';upgrade-insecure-requests",
        "cross-origin-opener-policy": "same-origin",
        "cross-origin-resource-policy": "same-origin",
        "origin-agent-cluster": "?1",
        "referrer-policy": "no-referrer",
        "strict-transport-security": "max-age=31536000; includeSubDomains",
        "x-content-type-options": "nosniff",
        "x-dns-prefetch-control": "off",
        "x-download-options": "noopen",
        "x-frame-options": "SAMEORIGIN",
        "x-permitted-cross-domain-policies": "none",
        "x-xss-protection": "0",
        "vary": "Origin",
        "access-control-allow-credentials": "true",
        "x-ratelimit-limit": "120",
        "x-ratelimit-remaining": "114",
        "x-ratelimit-reset": "5",
        "content-type": "application/json; charset=utf-8",
        "content-length": "163",
        "etag": "W/\"a3-mag6Bqs22FVGGGACHO55cmrfjJQ\""
      }
    }
    [35mresponseTime[39m: 0
[15:28:31.462] [32mINFO[39m (4064): [36mrequest completed[39m
    [35mreq[39m: {
      "id": 13,
      "method": "GET",
      "url": "/api/auth/me",
      "query": {},
      "params": {
        "path": [
          "auth",
          "me"
        ]
      },
      "headers": {
        "host": "localhost:4000",
        "connection": "keep-alive",
        "accept": "*/*",
        "accept-language": "*",
        "sec-fetch-mode": "cors",
        "user-agent": "node",
        "pragma": "no-cache",
        "cache-control": "no-cache",
        "accept-encoding": "gzip, deflate"
      },
      "remoteAddress": "127.0.0.1",
      "remotePort": 49975
    }
    [35mres[39m: {
      "statusCode": 401,
      "headers": {
        "content-security-policy": "default-src 'self';base-uri 'self';font-src 'self' https: data:;form-action 'self';frame-ancestors 'self';img-src 'self' data:;object-src 'none';script-src 'self';script-src-attr 'none';style-src 'self' https: 'unsafe-inline';upgrade-insecure-requests",
        "cross-origin-opener-policy": "same-origin",
        "cross-origin-resource-policy": "same-origin",
        "origin-agent-cluster": "?1",
        "referrer-policy": "no-referrer",
        "strict-transport-security": "max-age=31536000; includeSubDomains",
        "x-content-type-options": "nosniff",
        "x-dns-prefetch-control": "off",
        "x-download-options": "noopen",
        "x-frame-options": "SAMEORIGIN",
        "x-permitted-cross-domain-policies": "none",
        "x-xss-protection": "0",
        "vary": "Origin",
        "access-control-allow-credentials": "true",
        "x-ratelimit-limit": "120",
        "x-ratelimit-remaining": "113",
        "x-ratelimit-reset": "4",
        "content-type": "application/json; charset=utf-8",
        "content-length": "163",
        "etag": "W/\"a3-pdtujxgZ2XerRIuZhdFKBkISWyM\""
      }
    }
    [35mresponseTime[39m: 1
[15:28:31.549] [32mINFO[39m (4064): [36mrequest completed[39m
    [35mreq[39m: {
      "id": 14,
      "method": "GET",
      "url": "/api/auth/me",
      "query": {},
      "params": {
        "path": [
          "auth",
          "me"
        ]
      },
      "headers": {
        "host": "localhost:4000",
        "connection": "keep-alive",
        "accept": "*/*",
        "accept-language": "*",
        "sec-fetch-mode": "cors",
        "user-agent": "node",
        "pragma": "no-cache",
        "cache-control": "no-cache",
        "accept-encoding": "gzip, deflate"
      },
      "remoteAddress": "127.0.0.1",
      "remotePort": 49975
    }
    [35mres[39m: {
      "statusCode": 401,
      "headers": {
        "content-security-policy": "default-src 'self';base-uri 'self';font-src 'self' https: data:;form-action 'self';frame-ancestors 'self';img-src 'self' data:;object-src 'none';script-src 'self';script-src-attr 'none';style-src 'self' https: 'unsafe-inline';upgrade-insecure-requests",
        "cross-origin-opener-policy": "same-origin",
        "cross-origin-resource-policy": "same-origin",
        "origin-agent-cluster": "?1",
        "referrer-policy": "no-referrer",
        "strict-transport-security": "max-age=31536000; includeSubDomains",
        "x-content-type-options": "nosniff",
        "x-dns-prefetch-control": "off",
        "x-download-options": "noopen",
        "x-frame-options": "SAMEORIGIN",
        "x-permitted-cross-domain-policies": "none",
        "x-xss-protection": "0",
        "vary": "Origin",
        "access-control-allow-credentials": "true",
        "x-ratelimit-limit": "120",
        "x-ratelimit-remaining": "112",
        "x-ratelimit-reset": "4",
        "content-type": "application/json; charset=utf-8",
        "content-length": "163",
        "etag": "W/\"a3-78AdjnJYXd/mWc5ucJ4N4Mly1NM\""
      }
    }
    [35mresponseTime[39m: 0
[15:28:46.349] [32mINFO[39m (4064): [36mrequest completed[39m
    [35mreq[39m: {
      "id": 15,
      "method": "GET",
      "url": "/api/auth/me",
      "query": {},
      "params": {
        "path": [
          "auth",
          "me"
        ]
      },
      "headers": {
        "host": "localhost:4000",
        "connection": "keep-alive",
        "accept": "*/*",
        "accept-language": "*",
        "sec-fetch-mode": "cors",
        "user-agent": "node",
        "pragma": "no-cache",
        "cache-control": "no-cache",
        "accept-encoding": "gzip, deflate"
      },
      "remoteAddress": "127.0.0.1",
      "remotePort": 62649
    }
    [35mres[39m: {
      "statusCode": 401,
      "headers": {
        "content-security-policy": "default-src 'self';base-uri 'self';font-src 'self' https: data:;form-action 'self';frame-ancestors 'self';img-src 'self' data:;object-src 'none';script-src 'self';script-src-attr 'none';style-src 'self' https: 'unsafe-inline';upgrade-insecure-requests",
        "cross-origin-opener-policy": "same-origin",
        "cross-origin-resource-policy": "same-origin",
        "origin-agent-cluster": "?1",
        "referrer-policy": "no-referrer",
        "strict-transport-security": "max-age=31536000; includeSubDomains",
        "x-content-type-options": "nosniff",
        "x-dns-prefetch-control": "off",
        "x-download-options": "noopen",
        "x-frame-options": "SAMEORIGIN",
        "x-permitted-cross-domain-policies": "none",
        "x-xss-protection": "0",
        "vary": "Origin",
        "access-control-allow-credentials": "true",
        "x-ratelimit-limit": "120",
        "x-ratelimit-remaining": "114",
        "x-ratelimit-reset": "60",
        "content-type": "application/json; charset=utf-8",
        "content-length": "163",
        "etag": "W/\"a3-gxixUVegHpAwr2KXEr8qpEfKXE8\""
      }
    }
    [35mresponseTime[39m: 1
[15:28:46.360] [32mINFO[39m (4064): [36mrequest completed[39m
    [35mreq[39m: {
      "id": 16,
      "method": "POST",
      "url": "/api/auth/refresh",
      "query": {},
      "params": {
        "path": [
          "auth",
          "refresh"
        ]
      },
      "headers": {
        "host": "localhost:4000",
        "connection": "keep-alive",
        "content-type": "application/json",
        "accept": "*/*",
        "accept-language": "*",
        "sec-fetch-mode": "cors",
        "user-agent": "node",
        "pragma": "no-cache",
        "cache-control": "no-cache",
        "accept-encoding": "gzip, deflate",
        "content-length": "296"
      },
      "remoteAddress": "127.0.0.1",
      "remotePort": 62651
    }
    [35mres[39m: {
      "statusCode": 401,
      "headers": {
        "content-security-policy": "default-src 'self';base-uri 'self';font-src 'self' https: data:;form-action 'self';frame-ancestors 'self';img-src 'self' data:;object-src 'none';script-src 'self';script-src-attr 'none';style-src 'self' https: 'unsafe-inline';upgrade-insecure-requests",
        "cross-origin-opener-policy": "same-origin",
        "cross-origin-resource-policy": "same-origin",
        "origin-agent-cluster": "?1",
        "referrer-policy": "no-referrer",
        "strict-transport-security": "max-age=31536000; includeSubDomains",
        "x-content-type-options": "nosniff",
        "x-dns-prefetch-control": "off",
        "x-download-options": "noopen",
        "x-frame-options": "SAMEORIGIN",
        "x-permitted-cross-domain-policies": "none",
        "x-xss-protection": "0",
        "vary": "Origin",
        "access-control-allow-credentials": "true",
        "x-ratelimit-limit": "120",
        "x-ratelimit-remaining": "118",
        "x-ratelimit-reset": "60",
        "x-correlation-id": "1a68833b-4a6f-4e92-975e-9ee6030e8af5",
        "content-type": "application/json; charset=utf-8",
        "content-length": "180",
        "etag": "W/\"b4-s4qNik7OkVNNDPlpFZboOTgdvzI\""
      }
    }
    [35mresponseTime[39m: 4
[15:28:55.624] [32mINFO[39m (4064): [36mrequest completed[39m
    [35mreq[39m: {
      "id": 17,
      "method": "GET",
      "url": "/api/auth/me",
      "query": {},
      "params": {
        "path": [
          "auth",
          "me"
        ]
      },
      "headers": {
        "host": "localhost:4000",
        "connection": "keep-alive",
        "accept": "*/*",
        "accept-language": "*",
        "sec-fetch-mode": "cors",
        "user-agent": "node",
        "pragma": "no-cache",
        "cache-control": "no-cache",
        "accept-encoding": "gzip, deflate"
      },
      "remoteAddress": "127.0.0.1",
      "remotePort": 54434
    }
    [35mres[39m: {
      "statusCode": 401,
      "headers": {
        "content-security-policy": "default-src 'self';base-uri 'self';font-src 'self' https: data:;form-action 'self';frame-ancestors 'self';img-src 'self' data:;object-src 'none';script-src 'self';script-src-attr 'none';style-src 'self' https: 'unsafe-inline';upgrade-insecure-requests",
        "cross-origin-opener-policy": "same-origin",
        "cross-origin-resource-policy": "same-origin",
        "origin-agent-cluster": "?1",
        "referrer-policy": "no-referrer",
        "strict-transport-security": "max-age=31536000; includeSubDomains",
        "x-content-type-options": "nosniff",
        "x-dns-prefetch-control": "off",
        "x-download-options": "noopen",
        "x-frame-options": "SAMEORIGIN",
        "x-permitted-cross-domain-policies": "none",
        "x-xss-protection": "0",
        "vary": "Origin",
        "access-control-allow-credentials": "true",
        "x-ratelimit-limit": "120",
        "x-ratelimit-remaining": "113",
        "x-ratelimit-reset": "51",
        "content-type": "application/json; charset=utf-8",
        "content-length": "163",
        "etag": "W/\"a3-g5NWdm+xh3WRc0OGzKU+khAlzcQ\""
      }
    }
    [35mresponseTime[39m: 1
[15:28:55.696] [32mINFO[39m (4064): [36mrequest completed[39m
    [35mreq[39m: {
      "id": 18,
      "method": "GET",
      "url": "/api/auth/me",
      "query": {},
      "params": {
        "path": [
          "auth",
          "me"
        ]
      },
      "headers": {
        "host": "localhost:4000",
        "connection": "keep-alive",
        "accept": "*/*",
        "accept-language": "*",
        "sec-fetch-mode": "cors",
        "user-agent": "node",
        "pragma": "no-cache",
        "cache-control": "no-cache",
        "accept-encoding": "gzip, deflate"
      },
      "remoteAddress": "127.0.0.1",
      "remotePort": 54434
    }
    [35mres[39m: {
      "statusCode": 401,
      "headers": {
        "content-security-policy": "default-src 'self';base-uri 'self';font-src 'self' https: data:;form-action 'self';frame-ancestors 'self';img-src 'self' data:;object-src 'none';script-src 'self';script-src-attr 'none';style-src 'self' https: 'unsafe-inline';upgrade-insecure-requests",
        "cross-origin-opener-policy": "same-origin",
        "cross-origin-resource-policy": "same-origin",
        "origin-agent-cluster": "?1",
        "referrer-policy": "no-referrer",
        "strict-transport-security": "max-age=31536000; includeSubDomains",
        "x-content-type-options": "nosniff",
        "x-dns-prefetch-control": "off",
        "x-download-options": "noopen",
        "x-frame-options": "SAMEORIGIN",
        "x-permitted-cross-domain-policies": "none",
        "x-xss-protection": "0",
        "vary": "Origin",
        "access-control-allow-credentials": "true",
        "x-ratelimit-limit": "120",
        "x-ratelimit-remaining": "112",
        "x-ratelimit-reset": "51",
        "content-type": "application/json; charset=utf-8",
        "content-length": "163",
        "etag": "W/\"a3-3yzOvk3MxyUASym6s9KOKeNYb/Y\""
      }
    }
    [35mresponseTime[39m: 1
[15:28:55.759] [32mINFO[39m (4064): [36mrequest completed[39m
    [35mreq[39m: {
      "id": 19,
      "method": "GET",
      "url": "/api/auth/me",
      "query": {},
      "params": {
        "path": [
          "auth",
          "me"
        ]
      },
      "headers": {
        "host": "localhost:4000",
        "connection": "keep-alive",
        "accept": "*/*",
        "accept-language": "*",
        "sec-fetch-mode": "cors",
        "user-agent": "node",
        "pragma": "no-cache",
        "cache-control": "no-cache",
        "accept-encoding": "gzip, deflate"
      },
      "remoteAddress": "127.0.0.1",
      "remotePort": 54434
    }
    [35mres[39m: {
      "statusCode": 401,
      "headers": {
        "content-security-policy": "default-src 'self';base-uri 'self';font-src 'self' https: data:;form-action 'self';frame-ancestors 'self';img-src 'self' data:;object-src 'none';script-src 'self';script-src-attr 'none';style-src 'self' https: 'unsafe-inline';upgrade-insecure-requests",
        "cross-origin-opener-policy": "same-origin",
        "cross-origin-resource-policy": "same-origin",
        "origin-agent-cluster": "?1",
        "referrer-policy": "no-referrer",
        "strict-transport-security": "max-age=31536000; includeSubDomains",
        "x-content-type-options": "nosniff",
        "x-dns-prefetch-control": "off",
        "x-download-options": "noopen",
        "x-frame-options": "SAMEORIGIN",
        "x-permitted-cross-domain-policies": "none",
        "x-xss-protection": "0",
        "vary": "Origin",
        "access-control-allow-credentials": "true",
        "x-ratelimit-limit": "120",
        "x-ratelimit-remaining": "111",
        "x-ratelimit-reset": "51",
        "content-type": "application/json; charset=utf-8",
        "content-length": "163",
        "etag": "W/\"a3-tj6hVzXkqjXxHT+BoT2FA+kLcFw\""
      }
    }
    [35mresponseTime[39m: 1
[15:28:55.830] [32mINFO[39m (4064): [36mrequest completed[39m
    [35mreq[39m: {
      "id": 20,
      "method": "GET",
      "url": "/api/auth/me",
      "query": {},
      "params": {
        "path": [
          "auth",
          "me"
        ]
      },
      "headers": {
        "host": "localhost:4000",
        "connection": "keep-alive",
        "accept": "*/*",
        "accept-language": "*",
        "sec-fetch-mode": "cors",
        "user-agent": "node",
        "pragma": "no-cache",
        "cache-control": "no-cache",
        "accept-encoding": "gzip, deflate"
      },
      "remoteAddress": "127.0.0.1",
      "remotePort": 54434
    }
    [35mres[39m: {
      "statusCode": 401,
      "headers": {
        "content-security-policy": "default-src 'self';base-uri 'self';font-src 'self' https: data:;form-action 'self';frame-ancestors 'self';img-src 'self' data:;object-src 'none';script-src 'self';script-src-attr 'none';style-src 'self' https: 'unsafe-inline';upgrade-insecure-requests",
        "cross-origin-opener-policy": "same-origin",
        "cross-origin-resource-policy": "same-origin",
        "origin-agent-cluster": "?1",
        "referrer-policy": "no-referrer",
        "strict-transport-security": "max-age=31536000; includeSubDomains",
        "x-content-type-options": "nosniff",
        "x-dns-prefetch-control": "off",
        "x-download-options": "noopen",
        "x-frame-options": "SAMEORIGIN",
        "x-permitted-cross-domain-policies": "none",
        "x-xss-protection": "0",
        "vary": "Origin",
        "access-control-allow-credentials": "true",
        "x-ratelimit-limit": "120",
        "x-ratelimit-remaining": "110",
        "x-ratelimit-reset": "51",
        "content-type": "application/json; charset=utf-8",
        "content-length": "163",
        "etag": "W/\"a3-kApJkT35ZS1QP0LqroNsfKJ+c7U\""
      }
    }
    [35mresponseTime[39m: 0
[15:29:17.331] [32mINFO[39m (4064): [36mrequest completed[39m
    [35mreq[39m: {
      "id": 21,
      "method": "GET",
      "url": "/api/auth/me",
      "query": {},
      "params": {
        "path": [
          "auth",
          "me"
        ]
      },
      "headers": {
        "host": "localhost:4000",
        "connection": "keep-alive",
        "accept": "*/*",
        "accept-language": "*",
        "sec-fetch-mode": "cors",
        "user-agent": "node",
        "pragma": "no-cache",
        "cache-control": "no-cache",
        "accept-encoding": "gzip, deflate"
      },
      "remoteAddress": "127.0.0.1",
      "remotePort": 56921
    }
    [35mres[39m: {
      "statusCode": 401,
      "headers": {
        "content-security-policy": "default-src 'self';base-uri 'self';font-src 'self' https: data:;form-action 'self';frame-ancestors 'self';img-src 'self' data:;object-src 'none';script-src 'self';script-src-attr 'none';style-src 'self' https: 'unsafe-inline';upgrade-insecure-requests",
        "cross-origin-opener-policy": "same-origin",
        "cross-origin-resource-policy": "same-origin",
        "origin-agent-cluster": "?1",
        "referrer-policy": "no-referrer",
        "strict-transport-security": "max-age=31536000; includeSubDomains",
        "x-content-type-options": "nosniff",
        "x-dns-prefetch-control": "off",
        "x-download-options": "noopen",
        "x-frame-options": "SAMEORIGIN",
        "x-permitted-cross-domain-policies": "none",
        "x-xss-protection": "0",
        "vary": "Origin",
        "access-control-allow-credentials": "true",
        "x-ratelimit-limit": "120",
        "x-ratelimit-remaining": "109",
        "x-ratelimit-reset": "30",
        "content-type": "application/json; charset=utf-8",
        "content-length": "163",
        "etag": "W/\"a3-y+bDOj419l3ksQyTer4/YNPex+M\""
      }
    }
    [35mresponseTime[39m: 1
[15:29:17.340] [32mINFO[39m (4064): [36mrequest completed[39m
    [35mreq[39m: {
      "id": 22,
      "method": "POST",
      "url": "/api/auth/refresh",
      "query": {},
      "params": {
        "path": [
          "auth",
          "refresh"
        ]
      },
      "headers": {
        "host": "localhost:4000",
        "connection": "keep-alive",
        "content-type": "application/json",
        "accept": "*/*",
        "accept-language": "*",
        "sec-fetch-mode": "cors",
        "user-agent": "node",
        "pragma": "no-cache",
        "cache-control": "no-cache",
        "accept-encoding": "gzip, deflate",
        "content-length": "296"
      },
      "remoteAddress": "127.0.0.1",
      "remotePort": 56923
    }
    [35mres[39m: {
      "statusCode": 401,
      "headers": {
        "content-security-policy": "default-src 'self';base-uri 'self';font-src 'self' https: data:;form-action 'self';frame-ancestors 'self';img-src 'self' data:;object-src 'none';script-src 'self';script-src-attr 'none';style-src 'self' https: 'unsafe-inline';upgrade-insecure-requests",
        "cross-origin-opener-policy": "same-origin",
        "cross-origin-resource-policy": "same-origin",
        "origin-agent-cluster": "?1",
        "referrer-policy": "no-referrer",
        "strict-transport-security": "max-age=31536000; includeSubDomains",
        "x-content-type-options": "nosniff",
        "x-dns-prefetch-control": "off",
        "x-download-options": "noopen",
        "x-frame-options": "SAMEORIGIN",
        "x-permitted-cross-domain-policies": "none",
        "x-xss-protection": "0",
        "vary": "Origin",
        "access-control-allow-credentials": "true",
        "x-ratelimit-limit": "120",
        "x-ratelimit-remaining": "117",
        "x-ratelimit-reset": "30",
        "x-correlation-id": "27c12ee8-e268-434f-832b-e38f94303592",
        "content-type": "application/json; charset=utf-8",
        "content-length": "180",
        "etag": "W/\"b4-PEea650U6murK0O4XCYbikI2T9U\""
      }
    }
    [35mresponseTime[39m: 5
[15:29:17.658] [32mINFO[39m (4064): [36mrequest completed[39m
    [35mreq[39m: {
      "id": 23,
      "method": "GET",
      "url": "/api/auth/me",
      "query": {},
      "params": {
        "path": [
          "auth",
          "me"
        ]
      },
      "headers": {
        "host": "localhost:4000",
        "connection": "keep-alive",
        "accept": "*/*",
        "accept-language": "*",
        "sec-fetch-mode": "cors",
        "user-agent": "node",
        "pragma": "no-cache",
        "cache-control": "no-cache",
        "accept-encoding": "gzip, deflate"
      },
      "remoteAddress": "127.0.0.1",
      "remotePort": 56921
    }
    [35mres[39m: {
      "statusCode": 401,
      "headers": {
        "content-security-policy": "default-src 'self';base-uri 'self';font-src 'self' https: data:;form-action 'self';frame-ancestors 'self';img-src 'self' data:;object-src 'none';script-src 'self';script-src-attr 'none';style-src 'self' https: 'unsafe-inline';upgrade-insecure-requests",
        "cross-origin-opener-policy": "same-origin",
        "cross-origin-resource-policy": "same-origin",
        "origin-agent-cluster": "?1",
        "referrer-policy": "no-referrer",
        "strict-transport-security": "max-age=31536000; includeSubDomains",
        "x-content-type-options": "nosniff",
        "x-dns-prefetch-control": "off",
        "x-download-options": "noopen",
        "x-frame-options": "SAMEORIGIN",
        "x-permitted-cross-domain-policies": "none",
        "x-xss-protection": "0",
        "vary": "Origin",
        "access-control-allow-credentials": "true",
        "x-ratelimit-limit": "120",
        "x-ratelimit-remaining": "108",
        "x-ratelimit-reset": "29",
        "content-type": "application/json; charset=utf-8",
        "content-length": "163",
        "etag": "W/\"a3-SkYbTcMFdYzwacIGj510hl8QRtI\""
      }
    }
    [35mresponseTime[39m: 1
[15:29:17.668] [32mINFO[39m (4064): [36mrequest completed[39m
    [35mreq[39m: {
      "id": 24,
      "method": "POST",
      "url": "/api/auth/refresh",
      "query": {},
      "params": {
        "path": [
          "auth",
          "refresh"
        ]
      },
      "headers": {
        "host": "localhost:4000",
        "connection": "keep-alive",
        "content-type": "application/json",
        "accept": "*/*",
        "accept-language": "*",
        "sec-fetch-mode": "cors",
        "user-agent": "node",
        "pragma": "no-cache",
        "cache-control": "no-cache",
        "accept-encoding": "gzip, deflate",
        "content-length": "296"
      },
      "remoteAddress": "127.0.0.1",
      "remotePort": 56923
    }
    [35mres[39m: {
      "statusCode": 401,
      "headers": {
        "content-security-policy": "default-src 'self';base-uri 'self';font-src 'self' https: data:;form-action 'self';frame-ancestors 'self';img-src 'self' data:;object-src 'none';script-src 'self';script-src-attr 'none';style-src 'self' https: 'unsafe-inline';upgrade-insecure-requests",
        "cross-origin-opener-policy": "same-origin",
        "cross-origin-resource-policy": "same-origin",
        "origin-agent-cluster": "?1",
        "referrer-policy": "no-referrer",
        "strict-transport-security": "max-age=31536000; includeSubDomains",
        "x-content-type-options": "nosniff",
        "x-dns-prefetch-control": "off",
        "x-download-options": "noopen",
        "x-frame-options": "SAMEORIGIN",
        "x-permitted-cross-domain-policies": "none",
        "x-xss-protection": "0",
        "vary": "Origin",
        "access-control-allow-credentials": "true",
        "x-ratelimit-limit": "120",
        "x-ratelimit-remaining": "116",
        "x-ratelimit-reset": "29",
        "x-correlation-id": "bbb297be-aaef-48f4-ad00-19cbd0f7aa0c",
        "content-type": "application/json; charset=utf-8",
        "content-length": "180",
        "etag": "W/\"b4-8ZKoj9jNSUszFikgctdSX1WngH0\""
      }
    }
    [35mresponseTime[39m: 4
[15:29:28.641] [32mINFO[39m (4064): [36mrequest completed[39m
    [35mreq[39m: {
      "id": 25,
      "method": "POST",
      "url": "/api/auth/login",
      "query": {},
      "params": {
        "path": [
          "auth",
          "login"
        ]
      },
      "headers": {
        "host": "localhost:4000",
        "connection": "keep-alive",
        "content-type": "application/json",
        "accept": "*/*",
        "accept-language": "*",
        "sec-fetch-mode": "cors",
        "user-agent": "node",
        "pragma": "no-cache",
        "cache-control": "no-cache",
        "accept-encoding": "gzip, deflate",
        "content-length": "55"
      },
      "remoteAddress": "127.0.0.1",
      "remotePort": 62798
    }
    [35mres[39m: {
      "statusCode": 201,
      "headers": {
        "content-security-policy": "default-src 'self';base-uri 'self';font-src 'self' https: data:;form-action 'self';frame-ancestors 'self';img-src 'self' data:;object-src 'none';script-src 'self';script-src-attr 'none';style-src 'self' https: 'unsafe-inline';upgrade-insecure-requests",
        "cross-origin-opener-policy": "same-origin",
        "cross-origin-resource-policy": "same-origin",
        "origin-agent-cluster": "?1",
        "referrer-policy": "no-referrer",
        "strict-transport-security": "max-age=31536000; includeSubDomains",
        "x-content-type-options": "nosniff",
        "x-dns-prefetch-control": "off",
        "x-download-options": "noopen",
        "x-frame-options": "SAMEORIGIN",
        "x-permitted-cross-domain-policies": "none",
        "x-xss-protection": "0",
        "vary": "Origin",
        "access-control-allow-credentials": "true",
        "x-ratelimit-limit": "120",
        "x-ratelimit-remaining": "119",
        "x-ratelimit-reset": "60",
        "x-correlation-id": "b0b5b92b-7b4e-48f1-b83c-f00b2fddc67f",
        "content-type": "application/json; charset=utf-8",
        "content-length": "591",
        "etag": "W/\"24f-BGc9JXW7NbpHu/toJ6bHNFS8Ni8\""
      }
    }
    [35mresponseTime[39m: 178
[15:29:28.649] [32mINFO[39m (4064): [36mrequest completed[39m
    [35mreq[39m: {
      "id": 26,
      "method": "GET",
      "url": "/api/auth/me",
      "query": {},
      "params": {
        "path": [
          "auth",
          "me"
        ]
      },
      "headers": {
        "host": "localhost:4000",
        "connection": "keep-alive",
        "authorization": "Bearer eyJhbGciOiJIUzI1NiIsInR5cCI6IkpXVCJ9.eyJzdWIiOiJ1c2VyLWFkbWluIiwiZW1haWwiOiJhZG1pbkBndW5nbmlyLmxvY2FsIiwicm9sZXMiOlsiYWRtaW4iLCJhZG1pbiJdLCJpYXQiOjE3NzkxMzI1NjgsImV4cCI6MTc3OTEzMzQ2OH0.Um6LVIj16_G9zxqgxoiHuNSIzjzjduXhCoTAHsQ9w9o",
        "accept": "*/*",
        "accept-language": "*",
        "sec-fetch-mode": "cors",
        "user-agent": "node",
        "pragma": "no-cache",
        "cache-control": "no-cache",
        "accept-encoding": "gzip, deflate"
      },
      "remoteAddress": "127.0.0.1",
      "remotePort": 62801
    }
    [35mres[39m: {
      "statusCode": 200,
      "headers": {
        "content-security-policy": "default-src 'self';base-uri 'self';font-src 'self' https: data:;form-action 'self';frame-ancestors 'self';img-src 'self' data:;object-src 'none';script-src 'self';script-src-attr 'none';style-src 'self' https: 'unsafe-inline';upgrade-insecure-requests",
        "cross-origin-opener-policy": "same-origin",
        "cross-origin-resource-policy": "same-origin",
        "origin-agent-cluster": "?1",
        "referrer-policy": "no-referrer",
        "strict-transport-security": "max-age=31536000; includeSubDomains",
        "x-content-type-options": "nosniff",
        "x-dns-prefetch-control": "off",
        "x-download-options": "noopen",
        "x-frame-options": "SAMEORIGIN",
        "x-permitted-cross-domain-policies": "none",
        "x-xss-protection": "0",
        "vary": "Origin",
        "access-control-allow-credentials": "true",
        "x-ratelimit-limit": "120",
        "x-ratelimit-remaining": "108",
        "x-ratelimit-reset": "18",
        "x-correlation-id": "6e343165-5186-4d3b-be99-9e161561c13c",
        "content-type": "application/json; charset=utf-8",
        "content-length": "124",
        "etag": "W/\"7c-QtJzlFTARSsNLVrG/rl/H1cK0Bk\""
      }
    }
    [35mresponseTime[39m: 4
[15:29:28.713] [32mINFO[39m (4064): [36mrequest completed[39m
    [35mreq[39m: {
      "id": 27,
      "method": "GET",
      "url": "/api/auth/me",
      "query": {},
      "params": {
        "path": [
          "auth",
          "me"
        ]
      },
      "headers": {
        "host": "localhost:4000",
        "connection": "keep-alive",
        "authorization": "Bearer eyJhbGciOiJIUzI1NiIsInR5cCI6IkpXVCJ9.eyJzdWIiOiJ1c2VyLWFkbWluIiwiZW1haWwiOiJhZG1pbkBndW5nbmlyLmxvY2FsIiwicm9sZXMiOlsiYWRtaW4iLCJhZG1pbiJdLCJpYXQiOjE3NzkxMzI1NjgsImV4cCI6MTc3OTEzMzQ2OH0.Um6LVIj16_G9zxqgxoiHuNSIzjzjduXhCoTAHsQ9w9o",
        "accept": "*/*",
        "accept-language": "*",
        "sec-fetch-mode": "cors",
        "user-agent": "node",
        "pragma": "no-cache",
        "cache-control": "no-cache",
        "accept-encoding": "gzip, deflate"
      },
      "remoteAddress": "127.0.0.1",
      "remotePort": 62798
    }
    [35mres[39m: {
      "statusCode": 200,
      "headers": {
        "content-security-policy": "default-src 'self';base-uri 'self';font-src 'self' https: data:;form-action 'self';frame-ancestors 'self';img-src 'self' data:;object-src 'none';script-src 'self';script-src-attr 'none';style-src 'self' https: 'unsafe-inline';upgrade-insecure-requests",
        "cross-origin-opener-policy": "same-origin",
        "cross-origin-resource-policy": "same-origin",
        "origin-agent-cluster": "?1",
        "referrer-policy": "no-referrer",
        "strict-transport-security": "max-age=31536000; includeSubDomains",
        "x-content-type-options": "nosniff",
        "x-dns-prefetch-control": "off",
        "x-download-options": "noopen",
        "x-frame-options": "SAMEORIGIN",
        "x-permitted-cross-domain-policies": "none",
        "x-xss-protection": "0",
        "vary": "Origin",
        "access-control-allow-credentials": "true",
        "x-ratelimit-limit": "120",
        "x-ratelimit-remaining": "107",
        "x-ratelimit-reset": "18",
        "x-correlation-id": "29f91352-d247-4dd8-a639-4bf75b7ab2b5",
        "content-type": "application/json; charset=utf-8",
        "content-length": "124",
        "etag": "W/\"7c-QtJzlFTARSsNLVrG/rl/H1cK0Bk\""
      }
    }
    [35mresponseTime[39m: 5
[15:29:28.778] [32mINFO[39m (4064): [36mrequest completed[39m
    [35mreq[39m: {
      "id": 28,
      "method": "GET",
      "url": "/api/v1/operations/bootstrap",
      "query": {},
      "params": {
        "path": [
          "v1",
          "operations",
          "bootstrap"
        ]
      },
      "headers": {
        "host": "localhost:4000",
        "connection": "keep-alive",
        "authorization": "Bearer eyJhbGciOiJIUzI1NiIsInR5cCI6IkpXVCJ9.eyJzdWIiOiJ1c2VyLWFkbWluIiwiZW1haWwiOiJhZG1pbkBndW5nbmlyLmxvY2FsIiwicm9sZXMiOlsiYWRtaW4iLCJhZG1pbiJdLCJpYXQiOjE3NzkxMzI1NjgsImV4cCI6MTc3OTEzMzQ2OH0.Um6LVIj16_G9zxqgxoiHuNSIzjzjduXhCoTAHsQ9w9o",
        "accept": "*/*",
        "accept-language": "*",
        "sec-fetch-mode": "cors",
        "user-agent": "node",
        "pragma": "no-cache",
        "cache-control": "no-cache",
        "accept-encoding": "gzip, deflate"
      },
      "remoteAddress": "127.0.0.1",
      "remotePort": 62801
    }
    [35mres[39m: {
      "statusCode": 200,
      "headers": {
        "content-security-policy": "default-src 'self';base-uri 'self';font-src 'self' https: data:;form-action 'self';frame-ancestors 'self';img-src 'self' data:;object-src 'none';script-src 'self';script-src-attr 'none';style-src 'self' https: 'unsafe-inline';upgrade-insecure-requests",
        "cross-origin-opener-policy": "same-origin",
        "cross-origin-resource-policy": "same-origin",
        "origin-agent-cluster": "?1",
        "referrer-policy": "no-referrer",
        "strict-transport-security": "max-age=31536000; includeSubDomains",
        "x-content-type-options": "nosniff",
        "x-dns-prefetch-control": "off",
        "x-download-options": "noopen",
        "x-frame-options": "SAMEORIGIN",
        "x-permitted-cross-domain-policies": "none",
        "x-xss-protection": "0",
        "vary": "Origin",
        "access-control-allow-credentials": "true",
        "x-ratelimit-limit": "120",
        "x-ratelimit-remaining": "119",
        "x-ratelimit-reset": "60",
        "x-correlation-id": "01161d71-5e6a-4389-8606-e481e82ce617",
        "content-type": "application/json; charset=utf-8",
        "content-length": "3457",
        "etag": "W/\"d81-PMnRyxODNdazeFrgzYG7FpfETbk\""
      }
    }
    [35mresponseTime[39m: 61
[15:29:28.861] [32mINFO[39m (4064): [36mrequest completed[39m
    [35mreq[39m: {
      "id": 29,
      "method": "GET",
      "url": "/api/auth/me",
      "query": {},
      "params": {
        "path": [
          "auth",
          "me"
        ]
      },
      "headers": {
        "host": "localhost:4000",
        "connection": "keep-alive",
        "authorization": "Bearer eyJhbGciOiJIUzI1NiIsInR5cCI6IkpXVCJ9.eyJzdWIiOiJ1c2VyLWFkbWluIiwiZW1haWwiOiJhZG1pbkBndW5nbmlyLmxvY2FsIiwicm9sZXMiOlsiYWRtaW4iLCJhZG1pbiJdLCJpYXQiOjE3NzkxMzI1NjgsImV4cCI6MTc3OTEzMzQ2OH0.Um6LVIj16_G9zxqgxoiHuNSIzjzjduXhCoTAHsQ9w9o",
        "accept": "*/*",
        "accept-language": "*",
        "sec-fetch-mode": "cors",
        "user-agent": "node",
        "pragma": "no-cache",
        "cache-control": "no-cache",
        "accept-encoding": "gzip, deflate"
      },
      "remoteAddress": "127.0.0.1",
      "remotePort": 62798
    }
    [35mres[39m: {
      "statusCode": 200,
      "headers": {
        "content-security-policy": "default-src 'self';base-uri 'self';font-src 'self' https: data:;form-action 'self';frame-ancestors 'self';img-src 'self' data:;object-src 'none';script-src 'self';script-src-attr 'none';style-src 'self' https: 'unsafe-inline';upgrade-insecure-requests",
        "cross-origin-opener-policy": "same-origin",
        "cross-origin-resource-policy": "same-origin",
        "origin-agent-cluster": "?1",
        "referrer-policy": "no-referrer",
        "strict-transport-security": "max-age=31536000; includeSubDomains",
        "x-content-type-options": "nosniff",
        "x-dns-prefetch-control": "off",
        "x-download-options": "noopen",
        "x-frame-options": "SAMEORIGIN",
        "x-permitted-cross-domain-policies": "none",
        "x-xss-protection": "0",
        "vary": "Origin",
        "access-control-allow-credentials": "true",
        "x-ratelimit-limit": "120",
        "x-ratelimit-remaining": "106",
        "x-ratelimit-reset": "18",
        "x-correlation-id": "6a7c8c35-74be-49ed-915d-f7846f547126",
        "content-type": "application/json; charset=utf-8",
        "content-length": "124",
        "etag": "W/\"7c-QtJzlFTARSsNLVrG/rl/H1cK0Bk\""
      }
    }
    [35mresponseTime[39m: 5
[15:29:28.878] [32mINFO[39m (4064): [36mrequest completed[39m
    [35mreq[39m: {
      "id": 30,
      "method": "GET",
      "url": "/api/v1/operations/bootstrap",
      "query": {},
      "params": {
        "path": [
          "v1",
          "operations",
          "bootstrap"
        ]
      },
      "headers": {
        "host": "localhost:4000",
        "connection": "keep-alive",
        "authorization": "Bearer eyJhbGciOiJIUzI1NiIsInR5cCI6IkpXVCJ9.eyJzdWIiOiJ1c2VyLWFkbWluIiwiZW1haWwiOiJhZG1pbkBndW5nbmlyLmxvY2FsIiwicm9sZXMiOlsiYWRtaW4iLCJhZG1pbiJdLCJpYXQiOjE3NzkxMzI1NjgsImV4cCI6MTc3OTEzMzQ2OH0.Um6LVIj16_G9zxqgxoiHuNSIzjzjduXhCoTAHsQ9w9o",
        "accept": "*/*",
        "accept-language": "*",
        "sec-fetch-mode": "cors",
        "user-agent": "node",
        "pragma": "no-cache",
        "cache-control": "no-cache",
        "accept-encoding": "gzip, deflate"
      },
      "remoteAddress": "127.0.0.1",
      "remotePort": 62801
    }
    [35mres[39m: {
      "statusCode": 200,
      "headers": {
        "content-security-policy": "default-src 'self';base-uri 'self';font-src 'self' https: data:;form-action 'self';frame-ancestors 'self';img-src 'self' data:;object-src 'none';script-src 'self';script-src-attr 'none';style-src 'self' https: 'unsafe-inline';upgrade-insecure-requests",
        "cross-origin-opener-policy": "same-origin",
        "cross-origin-resource-policy": "same-origin",
        "origin-agent-cluster": "?1",
        "referrer-policy": "no-referrer",
        "strict-transport-security": "max-age=31536000; includeSubDomains",
        "x-content-type-options": "nosniff",
        "x-dns-prefetch-control": "off",
        "x-download-options": "noopen",
        "x-frame-options": "SAMEORIGIN",
        "x-permitted-cross-domain-policies": "none",
        "x-xss-protection": "0",
        "vary": "Origin",
        "access-control-allow-credentials": "true",
        "x-ratelimit-limit": "120",
        "x-ratelimit-remaining": "118",
        "x-ratelimit-reset": "60",
        "x-correlation-id": "729d6a59-b533-46d2-be33-2cd1be06a390",
        "content-type": "application/json; charset=utf-8",
        "content-length": "3457",
        "etag": "W/\"d81-RcOf6G6JiTo43nvPiye30SjqnIc\""
      }
    }
    [35mresponseTime[39m: 11
[15:29:29.031] [32mINFO[39m (4064): [36mrequest completed[39m
    [35mreq[39m: {
      "id": 31,
      "method": "GET",
      "url": "/api/auth/me",
      "query": {},
      "params": {
        "path": [
          "auth",
          "me"
        ]
      },
      "headers": {
        "host": "localhost:4000",
        "connection": "keep-alive",
        "authorization": "Bearer eyJhbGciOiJIUzI1NiIsInR5cCI6IkpXVCJ9.eyJzdWIiOiJ1c2VyLWFkbWluIiwiZW1haWwiOiJhZG1pbkBndW5nbmlyLmxvY2FsIiwicm9sZXMiOlsiYWRtaW4iLCJhZG1pbiJdLCJpYXQiOjE3NzkxMzI1NjgsImV4cCI6MTc3OTEzMzQ2OH0.Um6LVIj16_G9zxqgxoiHuNSIzjzjduXhCoTAHsQ9w9o",
        "accept": "*/*",
        "accept-language": "*",
        "sec-fetch-mode": "cors",
        "user-agent": "node",
        "pragma": "no-cache",
        "cache-control": "no-cache",
        "accept-encoding": "gzip, deflate"
      },
      "remoteAddress": "127.0.0.1",
      "remotePort": 62798
    }
    [35mres[39m: {
      "statusCode": 200,
      "headers": {
        "content-security-policy": "default-src 'self';base-uri 'self';font-src 'self' https: data:;form-action 'self';frame-ancestors 'self';img-src 'self' data:;object-src 'none';script-src 'self';script-src-attr 'none';style-src 'self' https: 'unsafe-inline';upgrade-insecure-requests",
        "cross-origin-opener-policy": "same-origin",
        "cross-origin-resource-policy": "same-origin",
        "origin-agent-cluster": "?1",
        "referrer-policy": "no-referrer",
        "strict-transport-security": "max-age=31536000; includeSubDomains",
        "x-content-type-options": "nosniff",
        "x-dns-prefetch-control": "off",
        "x-download-options": "noopen",
        "x-frame-options": "SAMEORIGIN",
        "x-permitted-cross-domain-policies": "none",
        "x-xss-protection": "0",
        "vary": "Origin",
        "access-control-allow-credentials": "true",
        "x-ratelimit-limit": "120",
        "x-ratelimit-remaining": "105",
        "x-ratelimit-reset": "18",
        "x-correlation-id": "292d618e-1f6a-4bba-84f2-d52d983f9876",
        "content-type": "application/json; charset=utf-8",
        "content-length": "124",
        "etag": "W/\"7c-QtJzlFTARSsNLVrG/rl/H1cK0Bk\""
      }
    }
    [35mresponseTime[39m: 7
[15:29:29.172] [32mINFO[39m (4064): [36mrequest completed[39m
    [35mreq[39m: {
      "id": 32,
      "method": "GET",
      "url": "/api/v1/operations/snapshot",
      "query": {},
      "params": {
        "path": [
          "v1",
          "operations",
          "snapshot"
        ]
      },
      "headers": {
        "host": "localhost:4000",
        "connection": "keep-alive",
        "authorization": "Bearer eyJhbGciOiJIUzI1NiIsInR5cCI6IkpXVCJ9.eyJzdWIiOiJ1c2VyLWFkbWluIiwiZW1haWwiOiJhZG1pbkBndW5nbmlyLmxvY2FsIiwicm9sZXMiOlsiYWRtaW4iLCJhZG1pbiJdLCJpYXQiOjE3NzkxMzI1NjgsImV4cCI6MTc3OTEzMzQ2OH0.Um6LVIj16_G9zxqgxoiHuNSIzjzjduXhCoTAHsQ9w9o",
        "accept": "*/*",
        "accept-language": "*",
        "sec-fetch-mode": "cors",
        "user-agent": "node",
        "pragma": "no-cache",
        "cache-control": "no-cache",
        "accept-encoding": "gzip, deflate"
      },
      "remoteAddress": "127.0.0.1",
      "remotePort": 62798
    }
    [35mres[39m: {
      "statusCode": 200,
      "headers": {
        "content-security-policy": "default-src 'self';base-uri 'self';font-src 'self' https: data:;form-action 'self';frame-ancestors 'self';img-src 'self' data:;object-src 'none';script-src 'self';script-src-attr 'none';style-src 'self' https: 'unsafe-inline';upgrade-insecure-requests",
        "cross-origin-opener-policy": "same-origin",
        "cross-origin-resource-policy": "same-origin",
        "origin-agent-cluster": "?1",
        "referrer-policy": "no-referrer",
        "strict-transport-security": "max-age=31536000; includeSubDomains",
        "x-content-type-options": "nosniff",
        "x-dns-prefetch-control": "off",
        "x-download-options": "noopen",
        "x-frame-options": "SAMEORIGIN",
        "x-permitted-cross-domain-policies": "none",
        "x-xss-protection": "0",
        "vary": "Origin",
        "access-control-allow-credentials": "true",
        "x-ratelimit-limit": "120",
        "x-ratelimit-remaining": "119",
        "x-ratelimit-reset": "60",
        "x-correlation-id": "91083aa1-b3ef-41ad-8ff6-35e74ac8bdf2",
        "content-type": "application/json; charset=utf-8",
        "content-length": "3176",
        "etag": "W/\"c68-oeam6s8iO1R/Xqj1cPEE8d2GZB8\""
      }
    }
    [35mresponseTime[39m: 11
[15:29:29.183] [32mINFO[39m (4064): [36mrequest completed[39m
    [35mreq[39m: {
      "id": 33,
      "method": "GET",
      "url": "/api/devices",
      "query": {},
      "params": {
        "path": [
          "devices"
        ]
      },
      "headers": {
        "host": "localhost:4000",
        "connection": "keep-alive",
        "authorization": "Bearer eyJhbGciOiJIUzI1NiIsInR5cCI6IkpXVCJ9.eyJzdWIiOiJ1c2VyLWFkbWluIiwiZW1haWwiOiJhZG1pbkBndW5nbmlyLmxvY2FsIiwicm9sZXMiOlsiYWRtaW4iLCJhZG1pbiJdLCJpYXQiOjE3NzkxMzI1NjgsImV4cCI6MTc3OTEzMzQ2OH0.Um6LVIj16_G9zxqgxoiHuNSIzjzjduXhCoTAHsQ9w9o",
        "accept": "*/*",
        "accept-language": "*",
        "sec-fetch-mode": "cors",
        "user-agent": "node",
        "pragma": "no-cache",
        "cache-control": "no-cache",
        "accept-encoding": "gzip, deflate"
      },
      "remoteAddress": "127.0.0.1",
      "remotePort": 62801
    }
    [35mres[39m: {
      "statusCode": 200,
      "headers": {
        "content-security-policy": "default-src 'self';base-uri 'self';font-src 'self' https: data:;form-action 'self';frame-ancestors 'self';img-src 'self' data:;object-src 'none';script-src 'self';script-src-attr 'none';style-src 'self' https: 'unsafe-inline';upgrade-insecure-requests",
        "cross-origin-opener-policy": "same-origin",
        "cross-origin-resource-policy": "same-origin",
        "origin-agent-cluster": "?1",
        "referrer-policy": "no-referrer",
        "strict-transport-security": "max-age=31536000; includeSubDomains",
        "x-content-type-options": "nosniff",
        "x-dns-prefetch-control": "off",
        "x-download-options": "noopen",
        "x-frame-options": "SAMEORIGIN",
        "x-permitted-cross-domain-policies": "none",
        "x-xss-protection": "0",
        "vary": "Origin",
        "access-control-allow-credentials": "true",
        "x-ratelimit-limit": "120",
        "x-ratelimit-remaining": "119",
        "x-ratelimit-reset": "60",
        "x-correlation-id": "47eaeadf-e5bd-4c4d-a414-c581a2b2023a",
        "content-type": "application/json; charset=utf-8",
        "content-length": "391",
        "etag": "W/\"187-wFixndeDMExMbypLdc/dp5I7KtI\""
      }
    }
    [35mresponseTime[39m: 21
[15:29:29.197] [32mINFO[39m (4064): [36mrequest completed[39m
    [35mreq[39m: {
      "id": 34,
      "method": "GET",
      "url": "/api/tracks/current",
      "query": {},
      "params": {
        "path": [
          "tracks",
          "current"
        ]
      },
      "headers": {
        "host": "localhost:4000",
        "connection": "keep-alive",
        "authorization": "Bearer eyJhbGciOiJIUzI1NiIsInR5cCI6IkpXVCJ9.eyJzdWIiOiJ1c2VyLWFkbWluIiwiZW1haWwiOiJhZG1pbkBndW5nbmlyLmxvY2FsIiwicm9sZXMiOlsiYWRtaW4iLCJhZG1pbiJdLCJpYXQiOjE3NzkxMzI1NjgsImV4cCI6MTc3OTEzMzQ2OH0.Um6LVIj16_G9zxqgxoiHuNSIzjzjduXhCoTAHsQ9w9o",
        "accept": "*/*",
        "accept-language": "*",
        "sec-fetch-mode": "cors",
        "user-agent": "node",
        "pragma": "no-cache",
        "cache-control": "no-cache",
        "accept-encoding": "gzip, deflate"
      },
      "remoteAddress": "127.0.0.1",
      "remotePort": 62798
    }
    [35mres[39m: {
      "statusCode": 200,
      "headers": {
        "content-security-policy": "default-src 'self';base-uri 'self';font-src 'self' https: data:;form-action 'self';frame-ancestors 'self';img-src 'self' data:;object-src 'none';script-src 'self';script-src-attr 'none';style-src 'self' https: 'unsafe-inline';upgrade-insecure-requests",
        "cross-origin-opener-policy": "same-origin",
        "cross-origin-resource-policy": "same-origin",
        "origin-agent-cluster": "?1",
        "referrer-policy": "no-referrer",
        "strict-transport-security": "max-age=31536000; includeSubDomains",
        "x-content-type-options": "nosniff",
        "x-dns-prefetch-control": "off",
        "x-download-options": "noopen",
        "x-frame-options": "SAMEORIGIN",
        "x-permitted-cross-domain-policies": "none",
        "x-xss-protection": "0",
        "vary": "Origin",
        "access-control-allow-credentials": "true",
        "x-ratelimit-limit": "120",
        "x-ratelimit-remaining": "119",
        "x-ratelimit-reset": "60",
        "x-correlation-id": "5810454c-4333-4be1-984c-78053c3c3313",
        "content-type": "application/json; charset=utf-8",
        "content-length": "2",
        "etag": "W/\"2-l9Fw4VUO7kr8CvBlt4zaMCqXZ0w\""
      }
    }
    [35mresponseTime[39m: 2
[15:29:29.217] [32mINFO[39m (4064): [36mrequest completed[39m
    [35mreq[39m: {
      "id": 35,
      "method": "GET",
      "url": "/api/tracks/history",
      "query": {},
      "params": {
        "path": [
          "tracks",
          "history"
        ]
      },
      "headers": {
        "host": "localhost:4000",
        "connection": "keep-alive",
        "authorization": "Bearer eyJhbGciOiJIUzI1NiIsInR5cCI6IkpXVCJ9.eyJzdWIiOiJ1c2VyLWFkbWluIiwiZW1haWwiOiJhZG1pbkBndW5nbmlyLmxvY2FsIiwicm9sZXMiOlsiYWRtaW4iLCJhZG1pbiJdLCJpYXQiOjE3NzkxMzI1NjgsImV4cCI6MTc3OTEzMzQ2OH0.Um6LVIj16_G9zxqgxoiHuNSIzjzjduXhCoTAHsQ9w9o",
        "accept": "*/*",
        "accept-language": "*",
        "sec-fetch-mode": "cors",
        "user-agent": "node",
        "pragma": "no-cache",
        "cache-control": "no-cache",
        "accept-encoding": "gzip, deflate"
      },
      "remoteAddress": "127.0.0.1",
      "remotePort": 62801
    }
    [35mres[39m: {
      "statusCode": 200,
      "headers": {
        "content-security-policy": "default-src 'self';base-uri 'self';font-src 'self' https: data:;form-action 'self';frame-ancestors 'self';img-src 'self' data:;object-src 'none';script-src 'self';script-src-attr 'none';style-src 'self' https: 'unsafe-inline';upgrade-insecure-requests",
        "cross-origin-opener-policy": "same-origin",
        "cross-origin-resource-policy": "same-origin",
        "origin-agent-cluster": "?1",
        "referrer-policy": "no-referrer",
        "strict-transport-security": "max-age=31536000; includeSubDomains",
        "x-content-type-options": "nosniff",
        "x-dns-prefetch-control": "off",
        "x-download-options": "noopen",
        "x-frame-options": "SAMEORIGIN",
        "x-permitted-cross-domain-policies": "none",
        "x-xss-protection": "0",
        "vary": "Origin",
        "access-control-allow-credentials": "true",
        "x-ratelimit-limit": "120",
        "x-ratelimit-remaining": "119",
        "x-ratelimit-reset": "60",
        "x-correlation-id": "dbad1e31-e352-4eb2-8a7c-cada8e054b3b",
        "content-type": "application/json; charset=utf-8",
        "content-length": "2",
        "etag": "W/\"2-l9Fw4VUO7kr8CvBlt4zaMCqXZ0w\""
      }
    }
    [35mresponseTime[39m: 5
[15:29:29.227] [34mDEBUG[39m (4064): [36mRealtime client connected: IDreGy7-z8pbVj2rAAAB[39m
    [35mcontext[39m: "RealtimeGateway"
[15:29:29.242] [32mINFO[39m (4064): [36mrequest completed[39m
    [35mreq[39m: {
      "id": 36,
      "method": "GET",
      "url": "/api/telemetry",
      "query": {},
      "params": {
        "path": [
          "telemetry"
        ]
      },
      "headers": {
        "host": "localhost:4000",
        "connection": "keep-alive",
        "authorization": "Bearer eyJhbGciOiJIUzI1NiIsInR5cCI6IkpXVCJ9.eyJzdWIiOiJ1c2VyLWFkbWluIiwiZW1haWwiOiJhZG1pbkBndW5nbmlyLmxvY2FsIiwicm9sZXMiOlsiYWRtaW4iLCJhZG1pbiJdLCJpYXQiOjE3NzkxMzI1NjgsImV4cCI6MTc3OTEzMzQ2OH0.Um6LVIj16_G9zxqgxoiHuNSIzjzjduXhCoTAHsQ9w9o",
        "accept": "*/*",
        "accept-language": "*",
        "sec-fetch-mode": "cors",
        "user-agent": "node",
        "pragma": "no-cache",
        "cache-control": "no-cache",
        "accept-encoding": "gzip, deflate"
      },
      "remoteAddress": "127.0.0.1",
      "remotePort": 62798
    }
    [35mres[39m: {
      "statusCode": 200,
      "headers": {
        "content-security-policy": "default-src 'self';base-uri 'self';font-src 'self' https: data:;form-action 'self';frame-ancestors 'self';img-src 'self' data:;object-src 'none';script-src 'self';script-src-attr 'none';style-src 'self' https: 'unsafe-inline';upgrade-insecure-requests",
        "cross-origin-opener-policy": "same-origin",
        "cross-origin-resource-policy": "same-origin",
        "origin-agent-cluster": "?1",
        "referrer-policy": "no-referrer",
        "strict-transport-security": "max-age=31536000; includeSubDomains",
        "x-content-type-options": "nosniff",
        "x-dns-prefetch-control": "off",
        "x-download-options": "noopen",
        "x-frame-options": "SAMEORIGIN",
        "x-permitted-cross-domain-policies": "none",
        "x-xss-protection": "0",
        "vary": "Origin",
        "access-control-allow-credentials": "true",
        "x-ratelimit-limit": "120",
        "x-ratelimit-remaining": "119",
        "x-ratelimit-reset": "60",
        "x-correlation-id": "acc5a9ca-7786-46f8-8370-881b00c2dd9c",
        "content-type": "application/json; charset=utf-8",
        "content-length": "426",
        "etag": "W/\"1aa-bjbCYD4WhTpb5Q/I7yK/VOE8NPE\""
      }
    }
    [35mresponseTime[39m: 3
[15:29:29.281] [32mINFO[39m (4064): [36mrequest completed[39m
    [35mreq[39m: {
      "id": 37,
      "method": "GET",
      "url": "/api/commands",
      "query": {},
      "params": {
        "path": [
          "commands"
        ]
      },
      "headers": {
        "host": "localhost:4000",
        "connection": "keep-alive",
        "authorization": "Bearer eyJhbGciOiJIUzI1NiIsInR5cCI6IkpXVCJ9.eyJzdWIiOiJ1c2VyLWFkbWluIiwiZW1haWwiOiJhZG1pbkBndW5nbmlyLmxvY2FsIiwicm9sZXMiOlsiYWRtaW4iLCJhZG1pbiJdLCJpYXQiOjE3NzkxMzI1NjgsImV4cCI6MTc3OTEzMzQ2OH0.Um6LVIj16_G9zxqgxoiHuNSIzjzjduXhCoTAHsQ9w9o",
        "accept": "*/*",
        "accept-language": "*",
        "sec-fetch-mode": "cors",
        "user-agent": "node",
        "pragma": "no-cache",
        "cache-control": "no-cache",
        "accept-encoding": "gzip, deflate"
      },
      "remoteAddress": "127.0.0.1",
      "remotePort": 62801
    }
    [35mres[39m: {
      "statusCode": 200,
      "headers": {
        "content-security-policy": "default-src 'self';base-uri 'self';font-src 'self' https: data:;form-action 'self';frame-ancestors 'self';img-src 'self' data:;object-src 'none';script-src 'self';script-src-attr 'none';style-src 'self' https: 'unsafe-inline';upgrade-insecure-requests",
        "cross-origin-opener-policy": "same-origin",
        "cross-origin-resource-policy": "same-origin",
        "origin-agent-cluster": "?1",
        "referrer-policy": "no-referrer",
        "strict-transport-security": "max-age=31536000; includeSubDomains",
        "x-content-type-options": "nosniff",
        "x-dns-prefetch-control": "off",
        "x-download-options": "noopen",
        "x-frame-options": "SAMEORIGIN",
        "x-permitted-cross-domain-policies": "none",
        "x-xss-protection": "0",
        "vary": "Origin",
        "access-control-allow-credentials": "true",
        "x-ratelimit-limit": "120",
        "x-ratelimit-remaining": "119",
        "x-ratelimit-reset": "60",
        "x-correlation-id": "38f48802-9525-44b1-b64a-8a13d22d1363",
        "content-type": "application/json; charset=utf-8",
        "content-length": "2",
        "etag": "W/\"2-l9Fw4VUO7kr8CvBlt4zaMCqXZ0w\""
      }
    }
    [35mresponseTime[39m: 4
[15:29:29.290] [32mINFO[39m (4064): [36mrequest completed[39m
    [35mreq[39m: {
      "id": 38,
      "method": "GET",
      "url": "/api/missions",
      "query": {},
      "params": {
        "path": [
          "missions"
        ]
      },
      "headers": {
        "host": "localhost:4000",
        "connection": "keep-alive",
        "authorization": "Bearer eyJhbGciOiJIUzI1NiIsInR5cCI6IkpXVCJ9.eyJzdWIiOiJ1c2VyLWFkbWluIiwiZW1haWwiOiJhZG1pbkBndW5nbmlyLmxvY2FsIiwicm9sZXMiOlsiYWRtaW4iLCJhZG1pbiJdLCJpYXQiOjE3NzkxMzI1NjgsImV4cCI6MTc3OTEzMzQ2OH0.Um6LVIj16_G9zxqgxoiHuNSIzjzjduXhCoTAHsQ9w9o",
        "accept": "*/*",
        "accept-language": "*",
        "sec-fetch-mode": "cors",
        "user-agent": "node",
        "pragma": "no-cache",
        "cache-control": "no-cache",
        "accept-encoding": "gzip, deflate"
      },
      "remoteAddress": "127.0.0.1",
      "remotePort": 49678
    }
    [35mres[39m: {
      "statusCode": 200,
      "headers": {
        "content-security-policy": "default-src 'self';base-uri 'self';font-src 'self' https: data:;form-action 'self';frame-ancestors 'self';img-src 'self' data:;object-src 'none';script-src 'self';script-src-attr 'none';style-src 'self' https: 'unsafe-inline';upgrade-insecure-requests",
        "cross-origin-opener-policy": "same-origin",
        "cross-origin-resource-policy": "same-origin",
        "origin-agent-cluster": "?1",
        "referrer-policy": "no-referrer",
        "strict-transport-security": "max-age=31536000; includeSubDomains",
        "x-content-type-options": "nosniff",
        "x-dns-prefetch-control": "off",
        "x-download-options": "noopen",
        "x-frame-options": "SAMEORIGIN",
        "x-permitted-cross-domain-policies": "none",
        "x-xss-protection": "0",
        "vary": "Origin",
        "access-control-allow-credentials": "true",
        "x-ratelimit-limit": "120",
        "x-ratelimit-remaining": "119",
        "x-ratelimit-reset": "60",
        "x-correlation-id": "b061cf2f-45af-4779-8a76-5e8086548ebc",
        "content-type": "application/json; charset=utf-8",
        "content-length": "2",
        "etag": "W/\"2-l9Fw4VUO7kr8CvBlt4zaMCqXZ0w\""
      }
    }
    [35mresponseTime[39m: 3
[15:29:29.331] [32mINFO[39m (4064): [36mrequest completed[39m
    [35mreq[39m: {
      "id": 39,
      "method": "GET",
      "url": "/api/geofences",
      "query": {},
      "params": {
        "path": [
          "geofences"
        ]
      },
      "headers": {
        "host": "localhost:4000",
        "connection": "keep-alive",
        "authorization": "Bearer eyJhbGciOiJIUzI1NiIsInR5cCI6IkpXVCJ9.eyJzdWIiOiJ1c2VyLWFkbWluIiwiZW1haWwiOiJhZG1pbkBndW5nbmlyLmxvY2FsIiwicm9sZXMiOlsiYWRtaW4iLCJhZG1pbiJdLCJpYXQiOjE3NzkxMzI1NjgsImV4cCI6MTc3OTEzMzQ2OH0.Um6LVIj16_G9zxqgxoiHuNSIzjzjduXhCoTAHsQ9w9o",
        "accept": "*/*",
        "accept-language": "*",
        "sec-fetch-mode": "cors",
        "user-agent": "node",
        "pragma": "no-cache",
        "cache-control": "no-cache",
        "accept-encoding": "gzip, deflate"
      },
      "remoteAddress": "127.0.0.1",
      "remotePort": 62798
    }
    [35mres[39m: {
      "statusCode": 200,
      "headers": {
        "content-security-policy": "default-src 'self';base-uri 'self';font-src 'self' https: data:;form-action 'self';frame-ancestors 'self';img-src 'self' data:;object-src 'none';script-src 'self';script-src-attr 'none';style-src 'self' https: 'unsafe-inline';upgrade-insecure-requests",
        "cross-origin-opener-policy": "same-origin",
        "cross-origin-resource-policy": "same-origin",
        "origin-agent-cluster": "?1",
        "referrer-policy": "no-referrer",
        "strict-transport-security": "max-age=31536000; includeSubDomains",
        "x-content-type-options": "nosniff",
        "x-dns-prefetch-control": "off",
        "x-download-options": "noopen",
        "x-frame-options": "SAMEORIGIN",
        "x-permitted-cross-domain-policies": "none",
        "x-xss-protection": "0",
        "vary": "Origin",
        "access-control-allow-credentials": "true",
        "x-ratelimit-limit": "120",
        "x-ratelimit-remaining": "119",
        "x-ratelimit-reset": "60",
        "x-correlation-id": "2c569803-4967-4165-a4c0-c7ff957079fd",
        "content-type": "application/json; charset=utf-8",
        "content-length": "2",
        "etag": "W/\"2-l9Fw4VUO7kr8CvBlt4zaMCqXZ0w\""
      }
    }
    [35mresponseTime[39m: 4
[15:29:29.336] [32mINFO[39m (4064): [36mrequest completed[39m
    [35mreq[39m: {
      "id": 40,
      "method": "GET",
      "url": "/api/auth/me",
      "query": {},
      "params": {
        "path": [
          "auth",
          "me"
        ]
      },
      "headers": {
        "host": "localhost:4000",
        "connection": "keep-alive",
        "authorization": "Bearer eyJhbGciOiJIUzI1NiIsInR5cCI6IkpXVCJ9.eyJzdWIiOiJ1c2VyLWFkbWluIiwiZW1haWwiOiJhZG1pbkBndW5nbmlyLmxvY2FsIiwicm9sZXMiOlsiYWRtaW4iLCJhZG1pbiJdLCJpYXQiOjE3NzkxMzI1NjgsImV4cCI6MTc3OTEzMzQ2OH0.Um6LVIj16_G9zxqgxoiHuNSIzjzjduXhCoTAHsQ9w9o",
        "accept": "*/*",
        "accept-language": "*",
        "sec-fetch-mode": "cors",
        "user-agent": "node",
        "pragma": "no-cache",
        "cache-control": "no-cache",
        "accept-encoding": "gzip, deflate"
      },
      "remoteAddress": "127.0.0.1",
      "remotePort": 62801
    }
    [35mres[39m: {
      "statusCode": 200,
      "headers": {
        "content-security-policy": "default-src 'self';base-uri 'self';font-src 'self' https: data:;form-action 'self';frame-ancestors 'self';img-src 'self' data:;object-src 'none';script-src 'self';script-src-attr 'none';style-src 'self' https: 'unsafe-inline';upgrade-insecure-requests",
        "cross-origin-opener-policy": "same-origin",
        "cross-origin-resource-policy": "same-origin",
        "origin-agent-cluster": "?1",
        "referrer-policy": "no-referrer",
        "strict-transport-security": "max-age=31536000; includeSubDomains",
        "x-content-type-options": "nosniff",
        "x-dns-prefetch-control": "off",
        "x-download-options": "noopen",
        "x-frame-options": "SAMEORIGIN",
        "x-permitted-cross-domain-policies": "none",
        "x-xss-protection": "0",
        "vary": "Origin",
        "access-control-allow-credentials": "true",
        "x-ratelimit-limit": "120",
        "x-ratelimit-remaining": "104",
        "x-ratelimit-reset": "18",
        "x-correlation-id": "8c4037b8-c36d-4c7b-a4cd-3ee63201e669",
        "content-type": "application/json; charset=utf-8",
        "content-length": "124",
        "etag": "W/\"7c-QtJzlFTARSsNLVrG/rl/H1cK0Bk\""
      }
    }
    [35mresponseTime[39m: 7
[15:29:29.354] [32mINFO[39m (4064): [36mrequest completed[39m
    [35mreq[39m: {
      "id": 41,
      "method": "GET",
      "url": "/api/map-layers",
      "query": {},
      "params": {
        "path": [
          "map-layers"
        ]
      },
      "headers": {
        "host": "localhost:4000",
        "connection": "keep-alive",
        "authorization": "Bearer eyJhbGciOiJIUzI1NiIsInR5cCI6IkpXVCJ9.eyJzdWIiOiJ1c2VyLWFkbWluIiwiZW1haWwiOiJhZG1pbkBndW5nbmlyLmxvY2FsIiwicm9sZXMiOlsiYWRtaW4iLCJhZG1pbiJdLCJpYXQiOjE3NzkxMzI1NjgsImV4cCI6MTc3OTEzMzQ2OH0.Um6LVIj16_G9zxqgxoiHuNSIzjzjduXhCoTAHsQ9w9o",
        "accept": "*/*",
        "accept-language": "*",
        "sec-fetch-mode": "cors",
        "user-agent": "node",
        "pragma": "no-cache",
        "cache-control": "no-cache",
        "accept-encoding": "gzip, deflate"
      },
      "remoteAddress": "127.0.0.1",
      "remotePort": 62798
    }
    [35mres[39m: {
      "statusCode": 200,
      "headers": {
        "content-security-policy": "default-src 'self';base-uri 'self';font-src 'self' https: data:;form-action 'self';frame-ancestors 'self';img-src 'self' data:;object-src 'none';script-src 'self';script-src-attr 'none';style-src 'self' https: 'unsafe-inline';upgrade-insecure-requests",
        "cross-origin-opener-policy": "same-origin",
        "cross-origin-resource-policy": "same-origin",
        "origin-agent-cluster": "?1",
        "referrer-policy": "no-referrer",
        "strict-transport-security": "max-age=31536000; includeSubDomains",
        "x-content-type-options": "nosniff",
        "x-dns-prefetch-control": "off",
        "x-download-options": "noopen",
        "x-frame-options": "SAMEORIGIN",
        "x-permitted-cross-domain-policies": "none",
        "x-xss-protection": "0",
        "vary": "Origin",
        "access-control-allow-credentials": "true",
        "x-ratelimit-limit": "120",
        "x-ratelimit-remaining": "119",
        "x-ratelimit-reset": "60",
        "x-correlation-id": "718981f4-9f69-4f65-a29e-c4583bf34ff6",
        "content-type": "application/json; charset=utf-8",
        "content-length": "2206",
        "etag": "W/\"89e-nm4/RTFy2F+69MjI+xqwAwWUsXo\""
      }
    }
    [35mresponseTime[39m: 2
[15:29:29.410] [32mINFO[39m (4064): [36mrequest completed[39m
    [35mreq[39m: {
      "id": 42,
      "method": "GET",
      "url": "/api/v1/operations/snapshot",
      "query": {},
      "params": {
        "path": [
          "v1",
          "operations",
          "snapshot"
        ]
      },
      "headers": {
        "host": "localhost:4000",
        "connection": "keep-alive",
        "authorization": "Bearer eyJhbGciOiJIUzI1NiIsInR5cCI6IkpXVCJ9.eyJzdWIiOiJ1c2VyLWFkbWluIiwiZW1haWwiOiJhZG1pbkBndW5nbmlyLmxvY2FsIiwicm9sZXMiOlsiYWRtaW4iLCJhZG1pbiJdLCJpYXQiOjE3NzkxMzI1NjgsImV4cCI6MTc3OTEzMzQ2OH0.Um6LVIj16_G9zxqgxoiHuNSIzjzjduXhCoTAHsQ9w9o",
        "accept": "*/*",
        "accept-language": "*",
        "sec-fetch-mode": "cors",
        "user-agent": "node",
        "pragma": "no-cache",
        "cache-control": "no-cache",
        "accept-encoding": "gzip, deflate"
      },
      "remoteAddress": "127.0.0.1",
      "remotePort": 62798
    }
    [35mres[39m: {
      "statusCode": 200,
      "headers": {
        "content-security-policy": "default-src 'self';base-uri 'self';font-src 'self' https: data:;form-action 'self';frame-ancestors 'self';img-src 'self' data:;object-src 'none';script-src 'self';script-src-attr 'none';style-src 'self' https: 'unsafe-inline';upgrade-insecure-requests",
        "cross-origin-opener-policy": "same-origin",
        "cross-origin-resource-policy": "same-origin",
        "origin-agent-cluster": "?1",
        "referrer-policy": "no-referrer",
        "strict-transport-security": "max-age=31536000; includeSubDomains",
        "x-content-type-options": "nosniff",
        "x-dns-prefetch-control": "off",
        "x-download-options": "noopen",
        "x-frame-options": "SAMEORIGIN",
        "x-permitted-cross-domain-policies": "none",
        "x-xss-protection": "0",
        "vary": "Origin",
        "access-control-allow-credentials": "true",
        "x-ratelimit-limit": "120",
        "x-ratelimit-remaining": "118",
        "x-ratelimit-reset": "60",
        "x-correlation-id": "7dc49c77-b38c-4ac8-903b-022179925a61",
        "content-type": "application/json; charset=utf-8",
        "content-length": "3176",
        "etag": "W/\"c68-oeam6s8iO1R/Xqj1cPEE8d2GZB8\""
      }
    }
    [35mresponseTime[39m: 15
[15:29:29.415] [32mINFO[39m (4064): [36mrequest completed[39m
    [35mreq[39m: {
      "id": 43,
      "method": "GET",
      "url": "/api/devices",
      "query": {},
      "params": {
        "path": [
          "devices"
        ]
      },
      "headers": {
        "host": "localhost:4000",
        "connection": "keep-alive",
        "authorization": "Bearer eyJhbGciOiJIUzI1NiIsInR5cCI6IkpXVCJ9.eyJzdWIiOiJ1c2VyLWFkbWluIiwiZW1haWwiOiJhZG1pbkBndW5nbmlyLmxvY2FsIiwicm9sZXMiOlsiYWRtaW4iLCJhZG1pbiJdLCJpYXQiOjE3NzkxMzI1NjgsImV4cCI6MTc3OTEzMzQ2OH0.Um6LVIj16_G9zxqgxoiHuNSIzjzjduXhCoTAHsQ9w9o",
        "accept": "*/*",
        "accept-language": "*",
        "sec-fetch-mode": "cors",
        "user-agent": "node",
        "pragma": "no-cache",
        "cache-control": "no-cache",
        "accept-encoding": "gzip, deflate"
      },
      "remoteAddress": "127.0.0.1",
      "remotePort": 62801
    }
    [35mres[39m: {
      "statusCode": 200,
      "headers": {
        "content-security-policy": "default-src 'self';base-uri 'self';font-src 'self' https: data:;form-action 'self';frame-ancestors 'self';img-src 'self' data:;object-src 'none';script-src 'self';script-src-attr 'none';style-src 'self' https: 'unsafe-inline';upgrade-insecure-requests",
        "cross-origin-opener-policy": "same-origin",
        "cross-origin-resource-policy": "same-origin",
        "origin-agent-cluster": "?1",
        "referrer-policy": "no-referrer",
        "strict-transport-security": "max-age=31536000; includeSubDomains",
        "x-content-type-options": "nosniff",
        "x-dns-prefetch-control": "off",
        "x-download-options": "noopen",
        "x-frame-options": "SAMEORIGIN",
        "x-permitted-cross-domain-policies": "none",
        "x-xss-protection": "0",
        "vary": "Origin",
        "access-control-allow-credentials": "true",
        "x-ratelimit-limit": "120",
        "x-ratelimit-remaining": "118",
        "x-ratelimit-reset": "60",
        "x-correlation-id": "ce7ef3f0-d3ff-48b1-9db9-8bde57a6c2bd",
        "content-type": "application/json; charset=utf-8",
        "content-length": "391",
        "etag": "W/\"187-wFixndeDMExMbypLdc/dp5I7KtI\""
      }
    }
    [35mresponseTime[39m: 2
[15:29:29.415] [32mINFO[39m (4064): [36mrequest completed[39m
    [35mreq[39m: {
      "id": 44,
      "method": "GET",
      "url": "/api/tracks/current",
      "query": {},
      "params": {
        "path": [
          "tracks",
          "current"
        ]
      },
      "headers": {
        "host": "localhost:4000",
        "connection": "keep-alive",
        "authorization": "Bearer eyJhbGciOiJIUzI1NiIsInR5cCI6IkpXVCJ9.eyJzdWIiOiJ1c2VyLWFkbWluIiwiZW1haWwiOiJhZG1pbkBndW5nbmlyLmxvY2FsIiwicm9sZXMiOlsiYWRtaW4iLCJhZG1pbiJdLCJpYXQiOjE3NzkxMzI1NjgsImV4cCI6MTc3OTEzMzQ2OH0.Um6LVIj16_G9zxqgxoiHuNSIzjzjduXhCoTAHsQ9w9o",
        "accept": "*/*",
        "accept-language": "*",
        "sec-fetch-mode": "cors",
        "user-agent": "node",
        "pragma": "no-cache",
        "cache-control": "no-cache",
        "accept-encoding": "gzip, deflate"
      },
      "remoteAddress": "127.0.0.1",
      "remotePort": 49678
    }
    [35mres[39m: {
      "statusCode": 200,
      "headers": {
        "content-security-policy": "default-src 'self';base-uri 'self';font-src 'self' https: data:;form-action 'self';frame-ancestors 'self';img-src 'self' data:;object-src 'none';script-src 'self';script-src-attr 'none';style-src 'self' https: 'unsafe-inline';upgrade-insecure-requests",
        "cross-origin-opener-policy": "same-origin",
        "cross-origin-resource-policy": "same-origin",
        "origin-agent-cluster": "?1",
        "referrer-policy": "no-referrer",
        "strict-transport-security": "max-age=31536000; includeSubDomains",
        "x-content-type-options": "nosniff",
        "x-dns-prefetch-control": "off",
        "x-download-options": "noopen",
        "x-frame-options": "SAMEORIGIN",
        "x-permitted-cross-domain-policies": "none",
        "x-xss-protection": "0",
        "vary": "Origin",
        "access-control-allow-credentials": "true",
        "x-ratelimit-limit": "120",
        "x-ratelimit-remaining": "118",
        "x-ratelimit-reset": "60",
        "x-correlation-id": "723605df-e312-4651-800a-a8f0fb4aa0be",
        "content-type": "application/json; charset=utf-8",
        "content-length": "2",
        "etag": "W/\"2-l9Fw4VUO7kr8CvBlt4zaMCqXZ0w\""
      }
    }
    [35mresponseTime[39m: 1
[15:29:29.456] [32mINFO[39m (4064): [36mrequest completed[39m
    [35mreq[39m: {
      "id": 45,
      "method": "GET",
      "url": "/api/tracks/history",
      "query": {},
      "params": {
        "path": [
          "tracks",
          "history"
        ]
      },
      "headers": {
        "host": "localhost:4000",
        "connection": "keep-alive",
        "authorization": "Bearer eyJhbGciOiJIUzI1NiIsInR5cCI6IkpXVCJ9.eyJzdWIiOiJ1c2VyLWFkbWluIiwiZW1haWwiOiJhZG1pbkBndW5nbmlyLmxvY2FsIiwicm9sZXMiOlsiYWRtaW4iLCJhZG1pbiJdLCJpYXQiOjE3NzkxMzI1NjgsImV4cCI6MTc3OTEzMzQ2OH0.Um6LVIj16_G9zxqgxoiHuNSIzjzjduXhCoTAHsQ9w9o",
        "accept": "*/*",
        "accept-language": "*",
        "sec-fetch-mode": "cors",
        "user-agent": "node",
        "pragma": "no-cache",
        "cache-control": "no-cache",
        "accept-encoding": "gzip, deflate"
      },
      "remoteAddress": "127.0.0.1",
      "remotePort": 62798
    }
    [35mres[39m: {
      "statusCode": 200,
      "headers": {
        "content-security-policy": "default-src 'self';base-uri 'self';font-src 'self' https: data:;form-action 'self';frame-ancestors 'self';img-src 'self' data:;object-src 'none';script-src 'self';script-src-attr 'none';style-src 'self' https: 'unsafe-inline';upgrade-insecure-requests",
        "cross-origin-opener-policy": "same-origin",
        "cross-origin-resource-policy": "same-origin",
        "origin-agent-cluster": "?1",
        "referrer-policy": "no-referrer",
        "strict-transport-security": "max-age=31536000; includeSubDomains",
        "x-content-type-options": "nosniff",
        "x-dns-prefetch-control": "off",
        "x-download-options": "noopen",
        "x-frame-options": "SAMEORIGIN",
        "x-permitted-cross-domain-policies": "none",
        "x-xss-protection": "0",
        "vary": "Origin",
        "access-control-allow-credentials": "true",
        "x-ratelimit-limit": "120",
        "x-ratelimit-remaining": "118",
        "x-ratelimit-reset": "60",
        "x-correlation-id": "cc9d2f77-4121-4d2c-9ad1-45baa30e390f",
        "content-type": "application/json; charset=utf-8",
        "content-length": "2",
        "etag": "W/\"2-l9Fw4VUO7kr8CvBlt4zaMCqXZ0w\""
      }
    }
    [35mresponseTime[39m: 3
[15:29:29.483] [32mINFO[39m (4064): [36mrequest completed[39m
    [35mreq[39m: {
      "id": 46,
      "method": "GET",
      "url": "/api/telemetry",
      "query": {},
      "params": {
        "path": [
          "telemetry"
        ]
      },
      "headers": {
        "host": "localhost:4000",
        "connection": "keep-alive",
        "authorization": "Bearer eyJhbGciOiJIUzI1NiIsInR5cCI6IkpXVCJ9.eyJzdWIiOiJ1c2VyLWFkbWluIiwiZW1haWwiOiJhZG1pbkBndW5nbmlyLmxvY2FsIiwicm9sZXMiOlsiYWRtaW4iLCJhZG1pbiJdLCJpYXQiOjE3NzkxMzI1NjgsImV4cCI6MTc3OTEzMzQ2OH0.Um6LVIj16_G9zxqgxoiHuNSIzjzjduXhCoTAHsQ9w9o",
        "accept": "*/*",
        "accept-language": "*",
        "sec-fetch-mode": "cors",
        "user-agent": "node",
        "pragma": "no-cache",
        "cache-control": "no-cache",
        "accept-encoding": "gzip, deflate"
      },
      "remoteAddress": "127.0.0.1",
      "remotePort": 62801
    }
    [35mres[39m: {
      "statusCode": 200,
      "headers": {
        "content-security-policy": "default-src 'self';base-uri 'self';font-src 'self' https: data:;form-action 'self';frame-ancestors 'self';img-src 'self' data:;object-src 'none';script-src 'self';script-src-attr 'none';style-src 'self' https: 'unsafe-inline';upgrade-insecure-requests",
        "cross-origin-opener-policy": "same-origin",
        "cross-origin-resource-policy": "same-origin",
        "origin-agent-cluster": "?1",
        "referrer-policy": "no-referrer",
        "strict-transport-security": "max-age=31536000; includeSubDomains",
        "x-content-type-options": "nosniff",
        "x-dns-prefetch-control": "off",
        "x-download-options": "noopen",
        "x-frame-options": "SAMEORIGIN",
        "x-permitted-cross-domain-policies": "none",
        "x-xss-protection": "0",
        "vary": "Origin",
        "access-control-allow-credentials": "true",
        "x-ratelimit-limit": "120",
        "x-ratelimit-remaining": "118",
        "x-ratelimit-reset": "60",
        "x-correlation-id": "a33fcade-bd5e-483d-9379-9c7bdc9e5a77",
        "content-type": "application/json; charset=utf-8",
        "content-length": "426",
        "etag": "W/\"1aa-bjbCYD4WhTpb5Q/I7yK/VOE8NPE\""
      }
    }
    [35mresponseTime[39m: 3
[15:29:29.513] [32mINFO[39m (4064): [36mrequest completed[39m
    [35mreq[39m: {
      "id": 47,
      "method": "GET",
      "url": "/api/commands",
      "query": {},
      "params": {
        "path": [
          "commands"
        ]
      },
      "headers": {
        "host": "localhost:4000",
        "connection": "keep-alive",
        "authorization": "Bearer eyJhbGciOiJIUzI1NiIsInR5cCI6IkpXVCJ9.eyJzdWIiOiJ1c2VyLWFkbWluIiwiZW1haWwiOiJhZG1pbkBndW5nbmlyLmxvY2FsIiwicm9sZXMiOlsiYWRtaW4iLCJhZG1pbiJdLCJpYXQiOjE3NzkxMzI1NjgsImV4cCI6MTc3OTEzMzQ2OH0.Um6LVIj16_G9zxqgxoiHuNSIzjzjduXhCoTAHsQ9w9o",
        "accept": "*/*",
        "accept-language": "*",
        "sec-fetch-mode": "cors",
        "user-agent": "node",
        "pragma": "no-cache",
        "cache-control": "no-cache",
        "accept-encoding": "gzip, deflate"
      },
      "remoteAddress": "127.0.0.1",
      "remotePort": 62798
    }
    [35mres[39m: {
      "statusCode": 200,
      "headers": {
        "content-security-policy": "default-src 'self';base-uri 'self';font-src 'self' https: data:;form-action 'self';frame-ancestors 'self';img-src 'self' data:;object-src 'none';script-src 'self';script-src-attr 'none';style-src 'self' https: 'unsafe-inline';upgrade-insecure-requests",
        "cross-origin-opener-policy": "same-origin",
        "cross-origin-resource-policy": "same-origin",
        "origin-agent-cluster": "?1",
        "referrer-policy": "no-referrer",
        "strict-transport-security": "max-age=31536000; includeSubDomains",
        "x-content-type-options": "nosniff",
        "x-dns-prefetch-control": "off",
        "x-download-options": "noopen",
        "x-frame-options": "SAMEORIGIN",
        "x-permitted-cross-domain-policies": "none",
        "x-xss-protection": "0",
        "vary": "Origin",
        "access-control-allow-credentials": "true",
        "x-ratelimit-limit": "120",
        "x-ratelimit-remaining": "118",
        "x-ratelimit-reset": "60",
        "x-correlation-id": "71007997-1560-45fd-bfc1-f4ebc173667b",
        "content-type": "application/json; charset=utf-8",
        "content-length": "2",
        "etag": "W/\"2-l9Fw4VUO7kr8CvBlt4zaMCqXZ0w\""
      }
    }
    [35mresponseTime[39m: 4
[15:29:29.567] [32mINFO[39m (4064): [36mrequest completed[39m
    [35mreq[39m: {
      "id": 48,
      "method": "GET",
      "url": "/api/missions",
      "query": {},
      "params": {
        "path": [
          "missions"
        ]
      },
      "headers": {
        "host": "localhost:4000",
        "connection": "keep-alive",
        "authorization": "Bearer eyJhbGciOiJIUzI1NiIsInR5cCI6IkpXVCJ9.eyJzdWIiOiJ1c2VyLWFkbWluIiwiZW1haWwiOiJhZG1pbkBndW5nbmlyLmxvY2FsIiwicm9sZXMiOlsiYWRtaW4iLCJhZG1pbiJdLCJpYXQiOjE3NzkxMzI1NjgsImV4cCI6MTc3OTEzMzQ2OH0.Um6LVIj16_G9zxqgxoiHuNSIzjzjduXhCoTAHsQ9w9o",
        "accept": "*/*",
        "accept-language": "*",
        "sec-fetch-mode": "cors",
        "user-agent": "node",
        "pragma": "no-cache",
        "cache-control": "no-cache",
        "accept-encoding": "gzip, deflate"
      },
      "remoteAddress": "127.0.0.1",
      "remotePort": 62798
    }
    [35mres[39m: {
      "statusCode": 200,
      "headers": {
        "content-security-policy": "default-src 'self';base-uri 'self';font-src 'self' https: data:;form-action 'self';frame-ancestors 'self';img-src 'self' data:;object-src 'none';script-src 'self';script-src-attr 'none';style-src 'self' https: 'unsafe-inline';upgrade-insecure-requests",
        "cross-origin-opener-policy": "same-origin",
        "cross-origin-resource-policy": "same-origin",
        "origin-agent-cluster": "?1",
        "referrer-policy": "no-referrer",
        "strict-transport-security": "max-age=31536000; includeSubDomains",
        "x-content-type-options": "nosniff",
        "x-dns-prefetch-control": "off",
        "x-download-options": "noopen",
        "x-frame-options": "SAMEORIGIN",
        "x-permitted-cross-domain-policies": "none",
        "x-xss-protection": "0",
        "vary": "Origin",
        "access-control-allow-credentials": "true",
        "x-ratelimit-limit": "120",
        "x-ratelimit-remaining": "118",
        "x-ratelimit-reset": "60",
        "x-correlation-id": "fe25bd94-90a6-484f-a2f9-77cdb072dac3",
        "content-type": "application/json; charset=utf-8",
        "content-length": "2",
        "etag": "W/\"2-l9Fw4VUO7kr8CvBlt4zaMCqXZ0w\""
      }
    }
    [35mresponseTime[39m: 2
[15:29:29.568] [32mINFO[39m (4064): [36mrequest completed[39m
    [35mreq[39m: {
      "id": 49,
      "method": "GET",
      "url": "/api/geofences",
      "query": {},
      "params": {
        "path": [
          "geofences"
        ]
      },
      "headers": {
        "host": "localhost:4000",
        "connection": "keep-alive",
        "authorization": "Bearer eyJhbGciOiJIUzI1NiIsInR5cCI6IkpXVCJ9.eyJzdWIiOiJ1c2VyLWFkbWluIiwiZW1haWwiOiJhZG1pbkBndW5nbmlyLmxvY2FsIiwicm9sZXMiOlsiYWRtaW4iLCJhZG1pbiJdLCJpYXQiOjE3NzkxMzI1NjgsImV4cCI6MTc3OTEzMzQ2OH0.Um6LVIj16_G9zxqgxoiHuNSIzjzjduXhCoTAHsQ9w9o",
        "accept": "*/*",
        "accept-language": "*",
        "sec-fetch-mode": "cors",
        "user-agent": "node",
        "pragma": "no-cache",
        "cache-control": "no-cache",
        "accept-encoding": "gzip, deflate"
      },
      "remoteAddress": "127.0.0.1",
      "remotePort": 62801
    }
    [35mres[39m: {
      "statusCode": 200,
      "headers": {
        "content-security-policy": "default-src 'self';base-uri 'self';font-src 'self' https: data:;form-action 'self';frame-ancestors 'self';img-src 'self' data:;object-src 'none';script-src 'self';script-src-attr 'none';style-src 'self' https: 'unsafe-inline';upgrade-insecure-requests",
        "cross-origin-opener-policy": "same-origin",
        "cross-origin-resource-policy": "same-origin",
        "origin-agent-cluster": "?1",
        "referrer-policy": "no-referrer",
        "strict-transport-security": "max-age=31536000; includeSubDomains",
        "x-content-type-options": "nosniff",
        "x-dns-prefetch-control": "off",
        "x-download-options": "noopen",
        "x-frame-options": "SAMEORIGIN",
        "x-permitted-cross-domain-policies": "none",
        "x-xss-protection": "0",
        "vary": "Origin",
        "access-control-allow-credentials": "true",
        "x-ratelimit-limit": "120",
        "x-ratelimit-remaining": "118",
        "x-ratelimit-reset": "60",
        "x-correlation-id": "648e0649-8b9b-4260-b6b0-0e1788e2f65e",
        "content-type": "application/json; charset=utf-8",
        "content-length": "2",
        "etag": "W/\"2-l9Fw4VUO7kr8CvBlt4zaMCqXZ0w\""
      }
    }
    [35mresponseTime[39m: 2
[15:29:29.584] [32mINFO[39m (4064): [36mrequest completed[39m
    [35mreq[39m: {
      "id": 50,
      "method": "GET",
      "url": "/api/map-layers",
      "query": {},
      "params": {
        "path": [
          "map-layers"
        ]
      },
      "headers": {
        "host": "localhost:4000",
        "connection": "keep-alive",
        "authorization": "Bearer eyJhbGciOiJIUzI1NiIsInR5cCI6IkpXVCJ9.eyJzdWIiOiJ1c2VyLWFkbWluIiwiZW1haWwiOiJhZG1pbkBndW5nbmlyLmxvY2FsIiwicm9sZXMiOlsiYWRtaW4iLCJhZG1pbiJdLCJpYXQiOjE3NzkxMzI1NjgsImV4cCI6MTc3OTEzMzQ2OH0.Um6LVIj16_G9zxqgxoiHuNSIzjzjduXhCoTAHsQ9w9o",
        "accept": "*/*",
        "accept-language": "*",
        "sec-fetch-mode": "cors",
        "user-agent": "node",
        "pragma": "no-cache",
        "cache-control": "no-cache",
        "accept-encoding": "gzip, deflate"
      },
      "remoteAddress": "127.0.0.1",
      "remotePort": 49678
    }
    [35mres[39m: {
      "statusCode": 200,
      "headers": {
        "content-security-policy": "default-src 'self';base-uri 'self';font-src 'self' https: data:;form-action 'self';frame-ancestors 'self';img-src 'self' data:;object-src 'none';script-src 'self';script-src-attr 'none';style-src 'self' https: 'unsafe-inline';upgrade-insecure-requests",
        "cross-origin-opener-policy": "same-origin",
        "cross-origin-resource-policy": "same-origin",
        "origin-agent-cluster": "?1",
        "referrer-policy": "no-referrer",
        "strict-transport-security": "max-age=31536000; includeSubDomains",
        "x-content-type-options": "nosniff",
        "x-dns-prefetch-control": "off",
        "x-download-options": "noopen",
        "x-frame-options": "SAMEORIGIN",
        "x-permitted-cross-domain-policies": "none",
        "x-xss-protection": "0",
        "vary": "Origin",
        "access-control-allow-credentials": "true",
        "x-ratelimit-limit": "120",
        "x-ratelimit-remaining": "118",
        "x-ratelimit-reset": "60",
        "x-correlation-id": "e575cec9-da65-4145-a93a-63cffb763b84",
        "content-type": "application/json; charset=utf-8",
        "content-length": "2206",
        "etag": "W/\"89e-nm4/RTFy2F+69MjI+xqwAwWUsXo\""
      }
    }
    [35mresponseTime[39m: 18
[15:29:29.658] [32mINFO[39m (4064): [36mrequest completed[39m
    [35mreq[39m: {
      "id": 51,
      "method": "GET",
      "url": "/api/map-layers/layer-fire-intel/geojson",
      "query": {},
      "params": {
        "path": [
          "map-layers",
          "layer-fire-intel",
          "geojson"
        ]
      },
      "headers": {
        "host": "localhost:4000",
        "connection": "keep-alive",
        "authorization": "Bearer eyJhbGciOiJIUzI1NiIsInR5cCI6IkpXVCJ9.eyJzdWIiOiJ1c2VyLWFkbWluIiwiZW1haWwiOiJhZG1pbkBndW5nbmlyLmxvY2FsIiwicm9sZXMiOlsiYWRtaW4iLCJhZG1pbiJdLCJpYXQiOjE3NzkxMzI1NjgsImV4cCI6MTc3OTEzMzQ2OH0.Um6LVIj16_G9zxqgxoiHuNSIzjzjduXhCoTAHsQ9w9o",
        "accept": "*/*",
        "accept-language": "*",
        "sec-fetch-mode": "cors",
        "user-agent": "node",
        "pragma": "no-cache",
        "cache-control": "no-cache",
        "accept-encoding": "gzip, deflate"
      },
      "remoteAddress": "127.0.0.1",
      "remotePort": 62798
    }
    [35mres[39m: {
      "statusCode": 200,
      "headers": {
        "content-security-policy": "default-src 'self';base-uri 'self';font-src 'self' https: data:;form-action 'self';frame-ancestors 'self';img-src 'self' data:;object-src 'none';script-src 'self';script-src-attr 'none';style-src 'self' https: 'unsafe-inline';upgrade-insecure-requests",
        "cross-origin-opener-policy": "same-origin",
        "cross-origin-resource-policy": "same-origin",
        "origin-agent-cluster": "?1",
        "referrer-policy": "no-referrer",
        "strict-transport-security": "max-age=31536000; includeSubDomains",
        "x-content-type-options": "nosniff",
        "x-dns-prefetch-control": "off",
        "x-download-options": "noopen",
        "x-frame-options": "SAMEORIGIN",
        "x-permitted-cross-domain-policies": "none",
        "x-xss-protection": "0",
        "vary": "Origin",
        "access-control-allow-credentials": "true",
        "x-ratelimit-limit": "120",
        "x-ratelimit-remaining": "119",
        "x-ratelimit-reset": "60",
        "x-correlation-id": "171db103-f18e-4937-91f3-693e6058cf4b",
        "content-type": "application/json; charset=utf-8",
        "content-length": "42",
        "etag": "W/\"2a-YF4qkQu1OiQfcNelFeHSJ4hLkOE\""
      }
    }
    [35mresponseTime[39m: 7
[15:29:29.661] [32mINFO[39m (4064): [36mrequest completed[39m
    [35mreq[39m: {
      "id": 52,
      "method": "GET",
      "url": "/api/map-layers/layer-air-traffic/geojson",
      "query": {},
      "params": {
        "path": [
          "map-layers",
          "layer-air-traffic",
          "geojson"
        ]
      },
      "headers": {
        "host": "localhost:4000",
        "connection": "keep-alive",
        "authorization": "Bearer eyJhbGciOiJIUzI1NiIsInR5cCI6IkpXVCJ9.eyJzdWIiOiJ1c2VyLWFkbWluIiwiZW1haWwiOiJhZG1pbkBndW5nbmlyLmxvY2FsIiwicm9sZXMiOlsiYWRtaW4iLCJhZG1pbiJdLCJpYXQiOjE3NzkxMzI1NjgsImV4cCI6MTc3OTEzMzQ2OH0.Um6LVIj16_G9zxqgxoiHuNSIzjzjduXhCoTAHsQ9w9o",
        "accept": "*/*",
        "accept-language": "*",
        "sec-fetch-mode": "cors",
        "user-agent": "node",
        "pragma": "no-cache",
        "cache-control": "no-cache",
        "accept-encoding": "gzip, deflate"
      },
      "remoteAddress": "127.0.0.1",
      "remotePort": 62801
    }
    [35mres[39m: {
      "statusCode": 200,
      "headers": {
        "content-security-policy": "default-src 'self';base-uri 'self';font-src 'self' https: data:;form-action 'self';frame-ancestors 'self';img-src 'self' data:;object-src 'none';script-src 'self';script-src-attr 'none';style-src 'self' https: 'unsafe-inline';upgrade-insecure-requests",
        "cross-origin-opener-policy": "same-origin",
        "cross-origin-resource-policy": "same-origin",
        "origin-agent-cluster": "?1",
        "referrer-policy": "no-referrer",
        "strict-transport-security": "max-age=31536000; includeSubDomains",
        "x-content-type-options": "nosniff",
        "x-dns-prefetch-control": "off",
        "x-download-options": "noopen",
        "x-frame-options": "SAMEORIGIN",
        "x-permitted-cross-domain-policies": "none",
        "x-xss-protection": "0",
        "vary": "Origin",
        "access-control-allow-credentials": "true",
        "x-ratelimit-limit": "120",
        "x-ratelimit-remaining": "118",
        "x-ratelimit-reset": "60",
        "x-correlation-id": "8a05e9bf-3b13-40c8-a723-866c8ba573cf",
        "content-type": "application/json; charset=utf-8",
        "content-length": "42",
        "etag": "W/\"2a-YF4qkQu1OiQfcNelFeHSJ4hLkOE\""
      }
    }
    [35mresponseTime[39m: 9
[15:29:42.382] [32mINFO[39m (4064): [36mrequest completed[39m
    [35mreq[39m: {
      "id": 53,
      "method": "GET",
      "url": "/api/auth/me",
      "query": {},
      "params": {
        "path": [
          "auth",
          "me"
        ]
      },
      "headers": {
        "host": "localhost:4000",
        "connection": "keep-alive",
        "authorization": "Bearer eyJhbGciOiJIUzI1NiIsInR5cCI6IkpXVCJ9.eyJzdWIiOiJ1c2VyLWFkbWluIiwiZW1haWwiOiJhZG1pbkBndW5nbmlyLmxvY2FsIiwicm9sZXMiOlsiYWRtaW4iLCJhZG1pbiJdLCJpYXQiOjE3NzkxMzI1NjgsImV4cCI6MTc3OTEzMzQ2OH0.Um6LVIj16_G9zxqgxoiHuNSIzjzjduXhCoTAHsQ9w9o",
        "accept": "*/*",
        "accept-language": "*",
        "sec-fetch-mode": "cors",
        "user-agent": "node",
        "pragma": "no-cache",
        "cache-control": "no-cache",
        "accept-encoding": "gzip, deflate"
      },
      "remoteAddress": "127.0.0.1",
      "remotePort": 57521
    }
    [35mres[39m: {
      "statusCode": 200,
      "headers": {
        "content-security-policy": "default-src 'self';base-uri 'self';font-src 'self' https: data:;form-action 'self';frame-ancestors 'self';img-src 'self' data:;object-src 'none';script-src 'self';script-src-attr 'none';style-src 'self' https: 'unsafe-inline';upgrade-insecure-requests",
        "cross-origin-opener-policy": "same-origin",
        "cross-origin-resource-policy": "same-origin",
        "origin-agent-cluster": "?1",
        "referrer-policy": "no-referrer",
        "strict-transport-security": "max-age=31536000; includeSubDomains",
        "x-content-type-options": "nosniff",
        "x-dns-prefetch-control": "off",
        "x-download-options": "noopen",
        "x-frame-options": "SAMEORIGIN",
        "x-permitted-cross-domain-policies": "none",
        "x-xss-protection": "0",
        "vary": "Origin",
        "access-control-allow-credentials": "true",
        "x-ratelimit-limit": "120",
        "x-ratelimit-remaining": "107",
        "x-ratelimit-reset": "4",
        "x-correlation-id": "d080fe02-83c3-46d7-a8db-caa3e0d5ed97",
        "content-type": "application/json; charset=utf-8",
        "content-length": "124",
        "etag": "W/\"7c-QtJzlFTARSsNLVrG/rl/H1cK0Bk\""
      }
    }
    [35mresponseTime[39m: 4
[15:29:42.403] [32mINFO[39m (4064): [36mrequest completed[39m
    [35mreq[39m: {
      "id": 54,
      "method": "GET",
      "url": "/api/v1/operations/bootstrap",
      "query": {},
      "params": {
        "path": [
          "v1",
          "operations",
          "bootstrap"
        ]
      },
      "headers": {
        "host": "localhost:4000",
        "connection": "keep-alive",
        "authorization": "Bearer eyJhbGciOiJIUzI1NiIsInR5cCI6IkpXVCJ9.eyJzdWIiOiJ1c2VyLWFkbWluIiwiZW1haWwiOiJhZG1pbkBndW5nbmlyLmxvY2FsIiwicm9sZXMiOlsiYWRtaW4iLCJhZG1pbiJdLCJpYXQiOjE3NzkxMzI1NjgsImV4cCI6MTc3OTEzMzQ2OH0.Um6LVIj16_G9zxqgxoiHuNSIzjzjduXhCoTAHsQ9w9o",
        "accept": "*/*",
        "accept-language": "*",
        "sec-fetch-mode": "cors",
        "user-agent": "node",
        "pragma": "no-cache",
        "cache-control": "no-cache",
        "accept-encoding": "gzip, deflate"
      },
      "remoteAddress": "127.0.0.1",
      "remotePort": 57523
    }
    [35mres[39m: {
      "statusCode": 200,
      "headers": {
        "content-security-policy": "default-src 'self';base-uri 'self';font-src 'self' https: data:;form-action 'self';frame-ancestors 'self';img-src 'self' data:;object-src 'none';script-src 'self';script-src-attr 'none';style-src 'self' https: 'unsafe-inline';upgrade-insecure-requests",
        "cross-origin-opener-policy": "same-origin",
        "cross-origin-resource-policy": "same-origin",
        "origin-agent-cluster": "?1",
        "referrer-policy": "no-referrer",
        "strict-transport-security": "max-age=31536000; includeSubDomains",
        "x-content-type-options": "nosniff",
        "x-dns-prefetch-control": "off",
        "x-download-options": "noopen",
        "x-frame-options": "SAMEORIGIN",
        "x-permitted-cross-domain-policies": "none",
        "x-xss-protection": "0",
        "vary": "Origin",
        "access-control-allow-credentials": "true",
        "x-ratelimit-limit": "120",
        "x-ratelimit-remaining": "117",
        "x-ratelimit-reset": "47",
        "x-correlation-id": "7e0927b0-1a14-4e29-a0ec-a68b8cd31bae",
        "content-type": "application/json; charset=utf-8",
        "content-length": "3457",
        "etag": "W/\"d81-M3ahTNdMiVzOASH17+Av+cBXm8k\""
      }
    }
    [35mresponseTime[39m: 11
[15:29:42.673] [32mINFO[39m (4064): [36mrequest completed[39m
    [35mreq[39m: {
      "id": 55,
      "method": "GET",
      "url": "/api/auth/me",
      "query": {},
      "params": {
        "path": [
          "auth",
          "me"
        ]
      },
      "headers": {
        "host": "localhost:4000",
        "connection": "keep-alive",
        "authorization": "Bearer eyJhbGciOiJIUzI1NiIsInR5cCI6IkpXVCJ9.eyJzdWIiOiJ1c2VyLWFkbWluIiwiZW1haWwiOiJhZG1pbkBndW5nbmlyLmxvY2FsIiwicm9sZXMiOlsiYWRtaW4iLCJhZG1pbiJdLCJpYXQiOjE3NzkxMzI1NjgsImV4cCI6MTc3OTEzMzQ2OH0.Um6LVIj16_G9zxqgxoiHuNSIzjzjduXhCoTAHsQ9w9o",
        "accept": "*/*",
        "accept-language": "*",
        "sec-fetch-mode": "cors",
        "user-agent": "node",
        "pragma": "no-cache",
        "cache-control": "no-cache",
        "accept-encoding": "gzip, deflate"
      },
      "remoteAddress": "127.0.0.1",
      "remotePort": 57521
    }
    [35mres[39m: {
      "statusCode": 200,
      "headers": {
        "content-security-policy": "default-src 'self';base-uri 'self';font-src 'self' https: data:;form-action 'self';frame-ancestors 'self';img-src 'self' data:;object-src 'none';script-src 'self';script-src-attr 'none';style-src 'self' https: 'unsafe-inline';upgrade-insecure-requests",
        "cross-origin-opener-policy": "same-origin",
        "cross-origin-resource-policy": "same-origin",
        "origin-agent-cluster": "?1",
        "referrer-policy": "no-referrer",
        "strict-transport-security": "max-age=31536000; includeSubDomains",
        "x-content-type-options": "nosniff",
        "x-dns-prefetch-control": "off",
        "x-download-options": "noopen",
        "x-frame-options": "SAMEORIGIN",
        "x-permitted-cross-domain-policies": "none",
        "x-xss-protection": "0",
        "vary": "Origin",
        "access-control-allow-credentials": "true",
        "x-ratelimit-limit": "120",
        "x-ratelimit-remaining": "106",
        "x-ratelimit-reset": "4",
        "x-correlation-id": "f39b62fe-5b6c-47a6-9ca9-639dad2b1897",
        "content-type": "application/json; charset=utf-8",
        "content-length": "124",
        "etag": "W/\"7c-QtJzlFTARSsNLVrG/rl/H1cK0Bk\""
      }
    }
    [35mresponseTime[39m: 5
[15:29:42.774] [32mINFO[39m (4064): [36mrequest completed[39m
    [35mreq[39m: {
      "id": 56,
      "method": "GET",
      "url": "/api/devices",
      "query": {},
      "params": {
        "path": [
          "devices"
        ]
      },
      "headers": {
        "host": "localhost:4000",
        "connection": "keep-alive",
        "authorization": "Bearer eyJhbGciOiJIUzI1NiIsInR5cCI6IkpXVCJ9.eyJzdWIiOiJ1c2VyLWFkbWluIiwiZW1haWwiOiJhZG1pbkBndW5nbmlyLmxvY2FsIiwicm9sZXMiOlsiYWRtaW4iLCJhZG1pbiJdLCJpYXQiOjE3NzkxMzI1NjgsImV4cCI6MTc3OTEzMzQ2OH0.Um6LVIj16_G9zxqgxoiHuNSIzjzjduXhCoTAHsQ9w9o",
        "accept": "*/*",
        "accept-language": "*",
        "sec-fetch-mode": "cors",
        "user-agent": "node",
        "pragma": "no-cache",
        "cache-control": "no-cache",
        "accept-encoding": "gzip, deflate"
      },
      "remoteAddress": "127.0.0.1",
      "remotePort": 57521
    }
    [35mres[39m: {
      "statusCode": 200,
      "headers": {
        "content-security-policy": "default-src 'self';base-uri 'self';font-src 'self' https: data:;form-action 'self';frame-ancestors 'self';img-src 'self' data:;object-src 'none';script-src 'self';script-src-attr 'none';style-src 'self' https: 'unsafe-inline';upgrade-insecure-requests",
        "cross-origin-opener-policy": "same-origin",
        "cross-origin-resource-policy": "same-origin",
        "origin-agent-cluster": "?1",
        "referrer-policy": "no-referrer",
        "strict-transport-security": "max-age=31536000; includeSubDomains",
        "x-content-type-options": "nosniff",
        "x-dns-prefetch-control": "off",
        "x-download-options": "noopen",
        "x-frame-options": "SAMEORIGIN",
        "x-permitted-cross-domain-policies": "none",
        "x-xss-protection": "0",
        "vary": "Origin",
        "access-control-allow-credentials": "true",
        "x-ratelimit-limit": "120",
        "x-ratelimit-remaining": "117",
        "x-ratelimit-reset": "47",
        "x-correlation-id": "07a2e426-fec6-40c4-ad95-9e70ea943685",
        "content-type": "application/json; charset=utf-8",
        "content-length": "391",
        "etag": "W/\"187-wFixndeDMExMbypLdc/dp5I7KtI\""
      }
    }
    [35mresponseTime[39m: 5
[15:29:42.780] [32mINFO[39m (4064): [36mrequest completed[39m
    [35mreq[39m: {
      "id": 57,
      "method": "GET",
      "url": "/api/v1/operations/snapshot",
      "query": {},
      "params": {
        "path": [
          "v1",
          "operations",
          "snapshot"
        ]
      },
      "headers": {
        "host": "localhost:4000",
        "connection": "keep-alive",
        "authorization": "Bearer eyJhbGciOiJIUzI1NiIsInR5cCI6IkpXVCJ9.eyJzdWIiOiJ1c2VyLWFkbWluIiwiZW1haWwiOiJhZG1pbkBndW5nbmlyLmxvY2FsIiwicm9sZXMiOlsiYWRtaW4iLCJhZG1pbiJdLCJpYXQiOjE3NzkxMzI1NjgsImV4cCI6MTc3OTEzMzQ2OH0.Um6LVIj16_G9zxqgxoiHuNSIzjzjduXhCoTAHsQ9w9o",
        "accept": "*/*",
        "accept-language": "*",
        "sec-fetch-mode": "cors",
        "user-agent": "node",
        "pragma": "no-cache",
        "cache-control": "no-cache",
        "accept-encoding": "gzip, deflate"
      },
      "remoteAddress": "127.0.0.1",
      "remotePort": 57523
    }
    [35mres[39m: {
      "statusCode": 200,
      "headers": {
        "content-security-policy": "default-src 'self';base-uri 'self';font-src 'self' https: data:;form-action 'self';frame-ancestors 'self';img-src 'self' data:;object-src 'none';script-src 'self';script-src-attr 'none';style-src 'self' https: 'unsafe-inline';upgrade-insecure-requests",
        "cross-origin-opener-policy": "same-origin",
        "cross-origin-resource-policy": "same-origin",
        "origin-agent-cluster": "?1",
        "referrer-policy": "no-referrer",
        "strict-transport-security": "max-age=31536000; includeSubDomains",
        "x-content-type-options": "nosniff",
        "x-dns-prefetch-control": "off",
        "x-download-options": "noopen",
        "x-frame-options": "SAMEORIGIN",
        "x-permitted-cross-domain-policies": "none",
        "x-xss-protection": "0",
        "vary": "Origin",
        "access-control-allow-credentials": "true",
        "x-ratelimit-limit": "120",
        "x-ratelimit-remaining": "117",
        "x-ratelimit-reset": "47",
        "x-correlation-id": "01562631-ffd7-4001-9366-c00e48cf8653",
        "content-type": "application/json; charset=utf-8",
        "content-length": "3176",
        "etag": "W/\"c68-oeam6s8iO1R/Xqj1cPEE8d2GZB8\""
      }
    }
    [35mresponseTime[39m: 10
[15:29:42.833] [32mINFO[39m (4064): [36mrequest completed[39m
    [35mreq[39m: {
      "id": 58,
      "method": "GET",
      "url": "/api/telemetry",
      "query": {},
      "params": {
        "path": [
          "telemetry"
        ]
      },
      "headers": {
        "host": "localhost:4000",
        "connection": "keep-alive",
        "authorization": "Bearer eyJhbGciOiJIUzI1NiIsInR5cCI6IkpXVCJ9.eyJzdWIiOiJ1c2VyLWFkbWluIiwiZW1haWwiOiJhZG1pbkBndW5nbmlyLmxvY2FsIiwicm9sZXMiOlsiYWRtaW4iLCJhZG1pbiJdLCJpYXQiOjE3NzkxMzI1NjgsImV4cCI6MTc3OTEzMzQ2OH0.Um6LVIj16_G9zxqgxoiHuNSIzjzjduXhCoTAHsQ9w9o",
        "accept": "*/*",
        "accept-language": "*",
        "sec-fetch-mode": "cors",
        "user-agent": "node",
        "pragma": "no-cache",
        "cache-control": "no-cache",
        "accept-encoding": "gzip, deflate"
      },
      "remoteAddress": "127.0.0.1",
      "remotePort": 57521
    }
    [35mres[39m: {
      "statusCode": 200,
      "headers": {
        "content-security-policy": "default-src 'self';base-uri 'self';font-src 'self' https: data:;form-action 'self';frame-ancestors 'self';img-src 'self' data:;object-src 'none';script-src 'self';script-src-attr 'none';style-src 'self' https: 'unsafe-inline';upgrade-insecure-requests",
        "cross-origin-opener-policy": "same-origin",
        "cross-origin-resource-policy": "same-origin",
        "origin-agent-cluster": "?1",
        "referrer-policy": "no-referrer",
        "strict-transport-security": "max-age=31536000; includeSubDomains",
        "x-content-type-options": "nosniff",
        "x-dns-prefetch-control": "off",
        "x-download-options": "noopen",
        "x-frame-options": "SAMEORIGIN",
        "x-permitted-cross-domain-policies": "none",
        "x-xss-protection": "0",
        "vary": "Origin",
        "access-control-allow-credentials": "true",
        "x-ratelimit-limit": "120",
        "x-ratelimit-remaining": "117",
        "x-ratelimit-reset": "47",
        "x-correlation-id": "1e484240-c267-4f7a-b90e-f65988afd43c",
        "content-type": "application/json; charset=utf-8",
        "content-length": "426",
        "etag": "W/\"1aa-bjbCYD4WhTpb5Q/I7yK/VOE8NPE\""
      }
    }
    [35mresponseTime[39m: 6
[15:29:42.835] [32mINFO[39m (4064): [36mrequest completed[39m
    [35mreq[39m: {
      "id": 60,
      "method": "GET",
      "url": "/api/tracks/current",
      "query": {},
      "params": {
        "path": [
          "tracks",
          "current"
        ]
      },
      "headers": {
        "host": "localhost:4000",
        "connection": "keep-alive",
        "authorization": "Bearer eyJhbGciOiJIUzI1NiIsInR5cCI6IkpXVCJ9.eyJzdWIiOiJ1c2VyLWFkbWluIiwiZW1haWwiOiJhZG1pbkBndW5nbmlyLmxvY2FsIiwicm9sZXMiOlsiYWRtaW4iLCJhZG1pbiJdLCJpYXQiOjE3NzkxMzI1NjgsImV4cCI6MTc3OTEzMzQ2OH0.Um6LVIj16_G9zxqgxoiHuNSIzjzjduXhCoTAHsQ9w9o",
        "accept": "*/*",
        "accept-language": "*",
        "sec-fetch-mode": "cors",
        "user-agent": "node",
        "pragma": "no-cache",
        "cache-control": "no-cache",
        "accept-encoding": "gzip, deflate"
      },
      "remoteAddress": "127.0.0.1",
      "remotePort": 57086
    }
    [35mres[39m: {
      "statusCode": 200,
      "headers": {
        "content-security-policy": "default-src 'self';base-uri 'self';font-src 'self' https: data:;form-action 'self';frame-ancestors 'self';img-src 'self' data:;object-src 'none';script-src 'self';script-src-attr 'none';style-src 'self' https: 'unsafe-inline';upgrade-insecure-requests",
        "cross-origin-opener-policy": "same-origin",
        "cross-origin-resource-policy": "same-origin",
        "origin-agent-cluster": "?1",
        "referrer-policy": "no-referrer",
        "strict-transport-security": "max-age=31536000; includeSubDomains",
        "x-content-type-options": "nosniff",
        "x-dns-prefetch-control": "off",
        "x-download-options": "noopen",
        "x-frame-options": "SAMEORIGIN",
        "x-permitted-cross-domain-policies": "none",
        "x-xss-protection": "0",
        "vary": "Origin",
        "access-control-allow-credentials": "true",
        "x-ratelimit-limit": "120",
        "x-ratelimit-remaining": "117",
        "x-ratelimit-reset": "47",
        "x-correlation-id": "99908c69-58ad-4fe8-bc5d-08b3326c5280",
        "content-type": "application/json; charset=utf-8",
        "content-length": "2",
        "etag": "W/\"2-l9Fw4VUO7kr8CvBlt4zaMCqXZ0w\""
      }
    }
    [35mresponseTime[39m: 3
[15:29:42.835] [32mINFO[39m (4064): [36mrequest completed[39m
    [35mreq[39m: {
      "id": 59,
      "method": "GET",
      "url": "/api/tracks/history",
      "query": {},
      "params": {
        "path": [
          "tracks",
          "history"
        ]
      },
      "headers": {
        "host": "localhost:4000",
        "connection": "keep-alive",
        "authorization": "Bearer eyJhbGciOiJIUzI1NiIsInR5cCI6IkpXVCJ9.eyJzdWIiOiJ1c2VyLWFkbWluIiwiZW1haWwiOiJhZG1pbkBndW5nbmlyLmxvY2FsIiwicm9sZXMiOlsiYWRtaW4iLCJhZG1pbiJdLCJpYXQiOjE3NzkxMzI1NjgsImV4cCI6MTc3OTEzMzQ2OH0.Um6LVIj16_G9zxqgxoiHuNSIzjzjduXhCoTAHsQ9w9o",
        "accept": "*/*",
        "accept-language": "*",
        "sec-fetch-mode": "cors",
        "user-agent": "node",
        "pragma": "no-cache",
        "cache-control": "no-cache",
        "accept-encoding": "gzip, deflate"
      },
      "remoteAddress": "127.0.0.1",
      "remotePort": 57085
    }
    [35mres[39m: {
      "statusCode": 200,
      "headers": {
        "content-security-policy": "default-src 'self';base-uri 'self';font-src 'self' https: data:;form-action 'self';frame-ancestors 'self';img-src 'self' data:;object-src 'none';script-src 'self';script-src-attr 'none';style-src 'self' https: 'unsafe-inline';upgrade-insecure-requests",
        "cross-origin-opener-policy": "same-origin",
        "cross-origin-resource-policy": "same-origin",
        "origin-agent-cluster": "?1",
        "referrer-policy": "no-referrer",
        "strict-transport-security": "max-age=31536000; includeSubDomains",
        "x-content-type-options": "nosniff",
        "x-dns-prefetch-control": "off",
        "x-download-options": "noopen",
        "x-frame-options": "SAMEORIGIN",
        "x-permitted-cross-domain-policies": "none",
        "x-xss-protection": "0",
        "vary": "Origin",
        "access-control-allow-credentials": "true",
        "x-ratelimit-limit": "120",
        "x-ratelimit-remaining": "117",
        "x-ratelimit-reset": "47",
        "x-correlation-id": "cacba600-e5b6-45e7-80f5-a1d45981f012",
        "content-type": "application/json; charset=utf-8",
        "content-length": "2",
        "etag": "W/\"2-l9Fw4VUO7kr8CvBlt4zaMCqXZ0w\""
      }
    }
    [35mresponseTime[39m: 5
[15:29:42.911] [32mINFO[39m (4064): [36mrequest completed[39m
    [35mreq[39m: {
      "id": 62,
      "method": "GET",
      "url": "/api/missions",
      "query": {},
      "params": {
        "path": [
          "missions"
        ]
      },
      "headers": {
        "host": "localhost:4000",
        "connection": "keep-alive",
        "authorization": "Bearer eyJhbGciOiJIUzI1NiIsInR5cCI6IkpXVCJ9.eyJzdWIiOiJ1c2VyLWFkbWluIiwiZW1haWwiOiJhZG1pbkBndW5nbmlyLmxvY2FsIiwicm9sZXMiOlsiYWRtaW4iLCJhZG1pbiJdLCJpYXQiOjE3NzkxMzI1NjgsImV4cCI6MTc3OTEzMzQ2OH0.Um6LVIj16_G9zxqgxoiHuNSIzjzjduXhCoTAHsQ9w9o",
        "accept": "*/*",
        "accept-language": "*",
        "sec-fetch-mode": "cors",
        "user-agent": "node",
        "pragma": "no-cache",
        "cache-control": "no-cache",
        "accept-encoding": "gzip, deflate"
      },
      "remoteAddress": "127.0.0.1",
      "remotePort": 57523
    }
    [35mres[39m: {
      "statusCode": 200,
      "headers": {
        "content-security-policy": "default-src 'self';base-uri 'self';font-src 'self' https: data:;form-action 'self';frame-ancestors 'self';img-src 'self' data:;object-src 'none';script-src 'self';script-src-attr 'none';style-src 'self' https: 'unsafe-inline';upgrade-insecure-requests",
        "cross-origin-opener-policy": "same-origin",
        "cross-origin-resource-policy": "same-origin",
        "origin-agent-cluster": "?1",
        "referrer-policy": "no-referrer",
        "strict-transport-security": "max-age=31536000; includeSubDomains",
        "x-content-type-options": "nosniff",
        "x-dns-prefetch-control": "off",
        "x-download-options": "noopen",
        "x-frame-options": "SAMEORIGIN",
        "x-permitted-cross-domain-policies": "none",
        "x-xss-protection": "0",
        "vary": "Origin",
        "access-control-allow-credentials": "true",
        "x-ratelimit-limit": "120",
        "x-ratelimit-remaining": "117",
        "x-ratelimit-reset": "47",
        "x-correlation-id": "3fdc3bba-b114-4064-9d67-ac3bac4e58d3",
        "content-type": "application/json; charset=utf-8",
        "content-length": "2",
        "etag": "W/\"2-l9Fw4VUO7kr8CvBlt4zaMCqXZ0w\""
      }
    }
    [35mresponseTime[39m: 4
[15:29:42.911] [32mINFO[39m (4064): [36mrequest completed[39m
    [35mreq[39m: {
      "id": 61,
      "method": "GET",
      "url": "/api/commands",
      "query": {},
      "params": {
        "path": [
          "commands"
        ]
      },
      "headers": {
        "host": "localhost:4000",
        "connection": "keep-alive",
        "authorization": "Bearer eyJhbGciOiJIUzI1NiIsInR5cCI6IkpXVCJ9.eyJzdWIiOiJ1c2VyLWFkbWluIiwiZW1haWwiOiJhZG1pbkBndW5nbmlyLmxvY2FsIiwicm9sZXMiOlsiYWRtaW4iLCJhZG1pbiJdLCJpYXQiOjE3NzkxMzI1NjgsImV4cCI6MTc3OTEzMzQ2OH0.Um6LVIj16_G9zxqgxoiHuNSIzjzjduXhCoTAHsQ9w9o",
        "accept": "*/*",
        "accept-language": "*",
        "sec-fetch-mode": "cors",
        "user-agent": "node",
        "pragma": "no-cache",
        "cache-control": "no-cache",
        "accept-encoding": "gzip, deflate"
      },
      "remoteAddress": "127.0.0.1",
      "remotePort": 57521
    }
    [35mres[39m: {
      "statusCode": 200,
      "headers": {
        "content-security-policy": "default-src 'self';base-uri 'self';font-src 'self' https: data:;form-action 'self';frame-ancestors 'self';img-src 'self' data:;object-src 'none';script-src 'self';script-src-attr 'none';style-src 'self' https: 'unsafe-inline';upgrade-insecure-requests",
        "cross-origin-opener-policy": "same-origin",
        "cross-origin-resource-policy": "same-origin",
        "origin-agent-cluster": "?1",
        "referrer-policy": "no-referrer",
        "strict-transport-security": "max-age=31536000; includeSubDomains",
        "x-content-type-options": "nosniff",
        "x-dns-prefetch-control": "off",
        "x-download-options": "noopen",
        "x-frame-options": "SAMEORIGIN",
        "x-permitted-cross-domain-policies": "none",
        "x-xss-protection": "0",
        "vary": "Origin",
        "access-control-allow-credentials": "true",
        "x-ratelimit-limit": "120",
        "x-ratelimit-remaining": "117",
        "x-ratelimit-reset": "47",
        "x-correlation-id": "bc35eddc-3c8e-4752-9816-4cc1eeee5956",
        "content-type": "application/json; charset=utf-8",
        "content-length": "2",
        "etag": "W/\"2-l9Fw4VUO7kr8CvBlt4zaMCqXZ0w\""
      }
    }
    [35mresponseTime[39m: 5
[15:29:42.912] [32mINFO[39m (4064): [36mrequest completed[39m
    [35mreq[39m: {
      "id": 63,
      "method": "GET",
      "url": "/api/geofences",
      "query": {},
      "params": {
        "path": [
          "geofences"
        ]
      },
      "headers": {
        "host": "localhost:4000",
        "connection": "keep-alive",
        "authorization": "Bearer eyJhbGciOiJIUzI1NiIsInR5cCI6IkpXVCJ9.eyJzdWIiOiJ1c2VyLWFkbWluIiwiZW1haWwiOiJhZG1pbkBndW5nbmlyLmxvY2FsIiwicm9sZXMiOlsiYWRtaW4iLCJhZG1pbiJdLCJpYXQiOjE3NzkxMzI1NjgsImV4cCI6MTc3OTEzMzQ2OH0.Um6LVIj16_G9zxqgxoiHuNSIzjzjduXhCoTAHsQ9w9o",
        "accept": "*/*",
        "accept-language": "*",
        "sec-fetch-mode": "cors",
        "user-agent": "node",
        "pragma": "no-cache",
        "cache-control": "no-cache",
        "accept-encoding": "gzip, deflate"
      },
      "remoteAddress": "127.0.0.1",
      "remotePort": 57085
    }
    [35mres[39m: {
      "statusCode": 200,
      "headers": {
        "content-security-policy": "default-src 'self';base-uri 'self';font-src 'self' https: data:;form-action 'self';frame-ancestors 'self';img-src 'self' data:;object-src 'none';script-src 'self';script-src-attr 'none';style-src 'self' https: 'unsafe-inline';upgrade-insecure-requests",
        "cross-origin-opener-policy": "same-origin",
        "cross-origin-resource-policy": "same-origin",
        "origin-agent-cluster": "?1",
        "referrer-policy": "no-referrer",
        "strict-transport-security": "max-age=31536000; includeSubDomains",
        "x-content-type-options": "nosniff",
        "x-dns-prefetch-control": "off",
        "x-download-options": "noopen",
        "x-frame-options": "SAMEORIGIN",
        "x-permitted-cross-domain-policies": "none",
        "x-xss-protection": "0",
        "vary": "Origin",
        "access-control-allow-credentials": "true",
        "x-ratelimit-limit": "120",
        "x-ratelimit-remaining": "117",
        "x-ratelimit-reset": "47",
        "x-correlation-id": "4ddd8f64-fa96-4845-b9c8-8ca28cfb4377",
        "content-type": "application/json; charset=utf-8",
        "content-length": "2",
        "etag": "W/\"2-l9Fw4VUO7kr8CvBlt4zaMCqXZ0w\""
      }
    }
    [35mresponseTime[39m: 4
[15:29:42.960] [34mDEBUG[39m (4064): [36mRealtime client connected: QdxVlOT2_YFh5QxLAAAD[39m
    [35mcontext[39m: "RealtimeGateway"
[15:29:42.979] [32mINFO[39m (4064): [36mrequest completed[39m
    [35mreq[39m: {
      "id": 64,
      "method": "GET",
      "url": "/api/map-layers",
      "query": {},
      "params": {
        "path": [
          "map-layers"
        ]
      },
      "headers": {
        "host": "localhost:4000",
        "connection": "keep-alive",
        "authorization": "Bearer eyJhbGciOiJIUzI1NiIsInR5cCI6IkpXVCJ9.eyJzdWIiOiJ1c2VyLWFkbWluIiwiZW1haWwiOiJhZG1pbkBndW5nbmlyLmxvY2FsIiwicm9sZXMiOlsiYWRtaW4iLCJhZG1pbiJdLCJpYXQiOjE3NzkxMzI1NjgsImV4cCI6MTc3OTEzMzQ2OH0.Um6LVIj16_G9zxqgxoiHuNSIzjzjduXhCoTAHsQ9w9o",
        "accept": "*/*",
        "accept-language": "*",
        "sec-fetch-mode": "cors",
        "user-agent": "node",
        "pragma": "no-cache",
        "cache-control": "no-cache",
        "accept-encoding": "gzip, deflate"
      },
      "remoteAddress": "127.0.0.1",
      "remotePort": 57521
    }
    [35mres[39m: {
      "statusCode": 200,
      "headers": {
        "content-security-policy": "default-src 'self';base-uri 'self';font-src 'self' https: data:;form-action 'self';frame-ancestors 'self';img-src 'self' data:;object-src 'none';script-src 'self';script-src-attr 'none';style-src 'self' https: 'unsafe-inline';upgrade-insecure-requests",
        "cross-origin-opener-policy": "same-origin",
        "cross-origin-resource-policy": "same-origin",
        "origin-agent-cluster": "?1",
        "referrer-policy": "no-referrer",
        "strict-transport-security": "max-age=31536000; includeSubDomains",
        "x-content-type-options": "nosniff",
        "x-dns-prefetch-control": "off",
        "x-download-options": "noopen",
        "x-frame-options": "SAMEORIGIN",
        "x-permitted-cross-domain-policies": "none",
        "x-xss-protection": "0",
        "vary": "Origin",
        "access-control-allow-credentials": "true",
        "x-ratelimit-limit": "120",
        "x-ratelimit-remaining": "117",
        "x-ratelimit-reset": "47",
        "x-correlation-id": "57cd7c8a-b801-462a-a04c-4df2a2a661f7",
        "content-type": "application/json; charset=utf-8",
        "content-length": "2206",
        "etag": "W/\"89e-nm4/RTFy2F+69MjI+xqwAwWUsXo\""
      }
    }
    [35mresponseTime[39m: 2
[15:29:43.075] [32mINFO[39m (4064): [36mrequest completed[39m
    [35mreq[39m: {
      "id": 65,
      "method": "GET",
      "url": "/api/map-layers/layer-fire-intel/geojson",
      "query": {},
      "params": {
        "path": [
          "map-layers",
          "layer-fire-intel",
          "geojson"
        ]
      },
      "headers": {
        "host": "localhost:4000",
        "connection": "keep-alive",
        "authorization": "Bearer eyJhbGciOiJIUzI1NiIsInR5cCI6IkpXVCJ9.eyJzdWIiOiJ1c2VyLWFkbWluIiwiZW1haWwiOiJhZG1pbkBndW5nbmlyLmxvY2FsIiwicm9sZXMiOlsiYWRtaW4iLCJhZG1pbiJdLCJpYXQiOjE3NzkxMzI1NjgsImV4cCI6MTc3OTEzMzQ2OH0.Um6LVIj16_G9zxqgxoiHuNSIzjzjduXhCoTAHsQ9w9o",
        "accept": "*/*",
        "accept-language": "*",
        "sec-fetch-mode": "cors",
        "user-agent": "node",
        "pragma": "no-cache",
        "cache-control": "no-cache",
        "accept-encoding": "gzip, deflate"
      },
      "remoteAddress": "127.0.0.1",
      "remotePort": 57521
    }
    [35mres[39m: {
      "statusCode": 200,
      "headers": {
        "content-security-policy": "default-src 'self';base-uri 'self';font-src 'self' https: data:;form-action 'self';frame-ancestors 'self';img-src 'self' data:;object-src 'none';script-src 'self';script-src-attr 'none';style-src 'self' https: 'unsafe-inline';upgrade-insecure-requests",
        "cross-origin-opener-policy": "same-origin",
        "cross-origin-resource-policy": "same-origin",
        "origin-agent-cluster": "?1",
        "referrer-policy": "no-referrer",
        "strict-transport-security": "max-age=31536000; includeSubDomains",
        "x-content-type-options": "nosniff",
        "x-dns-prefetch-control": "off",
        "x-download-options": "noopen",
        "x-frame-options": "SAMEORIGIN",
        "x-permitted-cross-domain-policies": "none",
        "x-xss-protection": "0",
        "vary": "Origin",
        "access-control-allow-credentials": "true",
        "x-ratelimit-limit": "120",
        "x-ratelimit-remaining": "117",
        "x-ratelimit-reset": "47",
        "x-correlation-id": "aa84aaad-8925-4c58-916a-bbf1dd46e3ed",
        "content-type": "application/json; charset=utf-8",
        "content-length": "42",
        "etag": "W/\"2a-YF4qkQu1OiQfcNelFeHSJ4hLkOE\""
      }
    }
    [35mresponseTime[39m: 5
[15:29:43.075] [32mINFO[39m (4064): [36mrequest completed[39m
    [35mreq[39m: {
      "id": 66,
      "method": "GET",
      "url": "/api/map-layers/layer-air-traffic/geojson",
      "query": {},
      "params": {
        "path": [
          "map-layers",
          "layer-air-traffic",
          "geojson"
        ]
      },
      "headers": {
        "host": "localhost:4000",
        "connection": "keep-alive",
        "authorization": "Bearer eyJhbGciOiJIUzI1NiIsInR5cCI6IkpXVCJ9.eyJzdWIiOiJ1c2VyLWFkbWluIiwiZW1haWwiOiJhZG1pbkBndW5nbmlyLmxvY2FsIiwicm9sZXMiOlsiYWRtaW4iLCJhZG1pbiJdLCJpYXQiOjE3NzkxMzI1NjgsImV4cCI6MTc3OTEzMzQ2OH0.Um6LVIj16_G9zxqgxoiHuNSIzjzjduXhCoTAHsQ9w9o",
        "accept": "*/*",
        "accept-language": "*",
        "sec-fetch-mode": "cors",
        "user-agent": "node",
        "pragma": "no-cache",
        "cache-control": "no-cache",
        "accept-encoding": "gzip, deflate"
      },
      "remoteAddress": "127.0.0.1",
      "remotePort": 57523
    }
    [35mres[39m: {
      "statusCode": 200,
      "headers": {
        "content-security-policy": "default-src 'self';base-uri 'self';font-src 'self' https: data:;form-action 'self';frame-ancestors 'self';img-src 'self' data:;object-src 'none';script-src 'self';script-src-attr 'none';style-src 'self' https: 'unsafe-inline';upgrade-insecure-requests",
        "cross-origin-opener-policy": "same-origin",
        "cross-origin-resource-policy": "same-origin",
        "origin-agent-cluster": "?1",
        "referrer-policy": "no-referrer",
        "strict-transport-security": "max-age=31536000; includeSubDomains",
        "x-content-type-options": "nosniff",
        "x-dns-prefetch-control": "off",
        "x-download-options": "noopen",
        "x-frame-options": "SAMEORIGIN",
        "x-permitted-cross-domain-policies": "none",
        "x-xss-protection": "0",
        "vary": "Origin",
        "access-control-allow-credentials": "true",
        "x-ratelimit-limit": "120",
        "x-ratelimit-remaining": "116",
        "x-ratelimit-reset": "47",
        "x-correlation-id": "b11a307e-f2f9-4c3f-8c3a-059679b3f5cd",
        "content-type": "application/json; charset=utf-8",
        "content-length": "42",
        "etag": "W/\"2a-YF4qkQu1OiQfcNelFeHSJ4hLkOE\""
      }
    }
    [35mresponseTime[39m: 4
[15:29:46.494] [32mINFO[39m (4064): [36mrequest completed[39m
    [35mreq[39m: {
      "id": 67,
      "method": "GET",
      "url": "/api/auth/me",
      "query": {},
      "params": {
        "path": [
          "auth",
          "me"
        ]
      },
      "headers": {
        "host": "localhost:4000",
        "connection": "keep-alive",
        "authorization": "Bearer eyJhbGciOiJIUzI1NiIsInR5cCI6IkpXVCJ9.eyJzdWIiOiJ1c2VyLWFkbWluIiwiZW1haWwiOiJhZG1pbkBndW5nbmlyLmxvY2FsIiwicm9sZXMiOlsiYWRtaW4iLCJhZG1pbiJdLCJpYXQiOjE3NzkxMzI1NjgsImV4cCI6MTc3OTEzMzQ2OH0.Um6LVIj16_G9zxqgxoiHuNSIzjzjduXhCoTAHsQ9w9o",
        "accept": "*/*",
        "accept-language": "*",
        "sec-fetch-mode": "cors",
        "user-agent": "node",
        "pragma": "no-cache",
        "cache-control": "no-cache",
        "accept-encoding": "gzip, deflate"
      },
      "remoteAddress": "127.0.0.1",
      "remotePort": 56629
    }
    [35mres[39m: {
      "statusCode": 200,
      "headers": {
        "content-security-policy": "default-src 'self';base-uri 'self';font-src 'self' https: data:;form-action 'self';frame-ancestors 'self';img-src 'self' data:;object-src 'none';script-src 'self';script-src-attr 'none';style-src 'self' https: 'unsafe-inline';upgrade-insecure-requests",
        "cross-origin-opener-policy": "same-origin",
        "cross-origin-resource-policy": "same-origin",
        "origin-agent-cluster": "?1",
        "referrer-policy": "no-referrer",
        "strict-transport-security": "max-age=31536000; includeSubDomains",
        "x-content-type-options": "nosniff",
        "x-dns-prefetch-control": "off",
        "x-download-options": "noopen",
        "x-frame-options": "SAMEORIGIN",
        "x-permitted-cross-domain-policies": "none",
        "x-xss-protection": "0",
        "vary": "Origin",
        "access-control-allow-credentials": "true",
        "x-ratelimit-limit": "120",
        "x-ratelimit-remaining": "106",
        "x-ratelimit-reset": "60",
        "x-correlation-id": "de58bfec-f6cb-4949-9aef-4a2b86230976",
        "content-type": "application/json; charset=utf-8",
        "content-length": "124",
        "etag": "W/\"7c-QtJzlFTARSsNLVrG/rl/H1cK0Bk\""
      }
    }
    [35mresponseTime[39m: 4
[15:29:46.511] [32mINFO[39m (4064): [36mrequest completed[39m
    [35mreq[39m: {
      "id": 68,
      "method": "GET",
      "url": "/api/v1/operations/snapshot",
      "query": {},
      "params": {
        "path": [
          "v1",
          "operations",
          "snapshot"
        ]
      },
      "headers": {
        "host": "localhost:4000",
        "connection": "keep-alive",
        "authorization": "Bearer eyJhbGciOiJIUzI1NiIsInR5cCI6IkpXVCJ9.eyJzdWIiOiJ1c2VyLWFkbWluIiwiZW1haWwiOiJhZG1pbkBndW5nbmlyLmxvY2FsIiwicm9sZXMiOlsiYWRtaW4iLCJhZG1pbiJdLCJpYXQiOjE3NzkxMzI1NjgsImV4cCI6MTc3OTEzMzQ2OH0.Um6LVIj16_G9zxqgxoiHuNSIzjzjduXhCoTAHsQ9w9o",
        "accept": "*/*",
        "accept-language": "*",
        "sec-fetch-mode": "cors",
        "user-agent": "node",
        "pragma": "no-cache",
        "cache-control": "no-cache",
        "accept-encoding": "gzip, deflate"
      },
      "remoteAddress": "127.0.0.1",
      "remotePort": 56631
    }
    [35mres[39m: {
      "statusCode": 200,
      "headers": {
        "content-security-policy": "default-src 'self';base-uri 'self';font-src 'self' https: data:;form-action 'self';frame-ancestors 'self';img-src 'self' data:;object-src 'none';script-src 'self';script-src-attr 'none';style-src 'self' https: 'unsafe-inline';upgrade-insecure-requests",
        "cross-origin-opener-policy": "same-origin",
        "cross-origin-resource-policy": "same-origin",
        "origin-agent-cluster": "?1",
        "referrer-policy": "no-referrer",
        "strict-transport-security": "max-age=31536000; includeSubDomains",
        "x-content-type-options": "nosniff",
        "x-dns-prefetch-control": "off",
        "x-download-options": "noopen",
        "x-frame-options": "SAMEORIGIN",
        "x-permitted-cross-domain-policies": "none",
        "x-xss-protection": "0",
        "vary": "Origin",
        "access-control-allow-credentials": "true",
        "x-ratelimit-limit": "120",
        "x-ratelimit-remaining": "116",
        "x-ratelimit-reset": "43",
        "x-correlation-id": "6b1ac5ec-691d-4b01-b940-f6d260021d4b",
        "content-type": "application/json; charset=utf-8",
        "content-length": "3176",
        "etag": "W/\"c68-oeam6s8iO1R/Xqj1cPEE8d2GZB8\""
      }
    }
    [35mresponseTime[39m: 10
[15:29:46.918] [34mDEBUG[39m (4064): [36mRealtime client connected: 3zcV4HOpET-3FCMAAAAF[39m
    [35mcontext[39m: "RealtimeGateway"
[15:29:48.103] [32mINFO[39m (4064): [36mrequest completed[39m
    [35mreq[39m: {
      "id": 69,
      "method": "GET",
      "url": "/api/auth/me",
      "query": {},
      "params": {
        "path": [
          "auth",
          "me"
        ]
      },
      "headers": {
        "host": "localhost:4000",
        "connection": "keep-alive",
        "authorization": "Bearer eyJhbGciOiJIUzI1NiIsInR5cCI6IkpXVCJ9.eyJzdWIiOiJ1c2VyLWFkbWluIiwiZW1haWwiOiJhZG1pbkBndW5nbmlyLmxvY2FsIiwicm9sZXMiOlsiYWRtaW4iLCJhZG1pbiJdLCJpYXQiOjE3NzkxMzI1NjgsImV4cCI6MTc3OTEzMzQ2OH0.Um6LVIj16_G9zxqgxoiHuNSIzjzjduXhCoTAHsQ9w9o",
        "accept": "*/*",
        "accept-language": "*",
        "sec-fetch-mode": "cors",
        "user-agent": "node",
        "pragma": "no-cache",
        "cache-control": "no-cache",
        "accept-encoding": "gzip, deflate"
      },
      "remoteAddress": "127.0.0.1",
      "remotePort": 56629
    }
    [35mres[39m: {
      "statusCode": 200,
      "headers": {
        "content-security-policy": "default-src 'self';base-uri 'self';font-src 'self' https: data:;form-action 'self';frame-ancestors 'self';img-src 'self' data:;object-src 'none';script-src 'self';script-src-attr 'none';style-src 'self' https: 'unsafe-inline';upgrade-insecure-requests",
        "cross-origin-opener-policy": "same-origin",
        "cross-origin-resource-policy": "same-origin",
        "origin-agent-cluster": "?1",
        "referrer-policy": "no-referrer",
        "strict-transport-security": "max-age=31536000; includeSubDomains",
        "x-content-type-options": "nosniff",
        "x-dns-prefetch-control": "off",
        "x-download-options": "noopen",
        "x-frame-options": "SAMEORIGIN",
        "x-permitted-cross-domain-policies": "none",
        "x-xss-protection": "0",
        "vary": "Origin",
        "access-control-allow-credentials": "true",
        "x-ratelimit-limit": "120",
        "x-ratelimit-remaining": "105",
        "x-ratelimit-reset": "59",
        "x-correlation-id": "95448c36-b21c-44cb-b89d-d7899f1cfcf4",
        "content-type": "application/json; charset=utf-8",
        "content-length": "124",
        "etag": "W/\"7c-QtJzlFTARSsNLVrG/rl/H1cK0Bk\""
      }
    }
    [35mresponseTime[39m: 7
[15:29:48.121] [32mINFO[39m (4064): [36mrequest completed[39m
    [35mreq[39m: {
      "id": 70,
      "method": "GET",
      "url": "/api/v1/operations/bootstrap",
      "query": {},
      "params": {
        "path": [
          "v1",
          "operations",
          "bootstrap"
        ]
      },
      "headers": {
        "host": "localhost:4000",
        "connection": "keep-alive",
        "authorization": "Bearer eyJhbGciOiJIUzI1NiIsInR5cCI6IkpXVCJ9.eyJzdWIiOiJ1c2VyLWFkbWluIiwiZW1haWwiOiJhZG1pbkBndW5nbmlyLmxvY2FsIiwicm9sZXMiOlsiYWRtaW4iLCJhZG1pbiJdLCJpYXQiOjE3NzkxMzI1NjgsImV4cCI6MTc3OTEzMzQ2OH0.Um6LVIj16_G9zxqgxoiHuNSIzjzjduXhCoTAHsQ9w9o",
        "accept": "*/*",
        "accept-language": "*",
        "sec-fetch-mode": "cors",
        "user-agent": "node",
        "pragma": "no-cache",
        "cache-control": "no-cache",
        "accept-encoding": "gzip, deflate"
      },
      "remoteAddress": "127.0.0.1",
      "remotePort": 56631
    }
    [35mres[39m: {
      "statusCode": 200,
      "headers": {
        "content-security-policy": "default-src 'self';base-uri 'self';font-src 'self' https: data:;form-action 'self';frame-ancestors 'self';img-src 'self' data:;object-src 'none';script-src 'self';script-src-attr 'none';style-src 'self' https: 'unsafe-inline';upgrade-insecure-requests",
        "cross-origin-opener-policy": "same-origin",
        "cross-origin-resource-policy": "same-origin",
        "origin-agent-cluster": "?1",
        "referrer-policy": "no-referrer",
        "strict-transport-security": "max-age=31536000; includeSubDomains",
        "x-content-type-options": "nosniff",
        "x-dns-prefetch-control": "off",
        "x-download-options": "noopen",
        "x-frame-options": "SAMEORIGIN",
        "x-permitted-cross-domain-policies": "none",
        "x-xss-protection": "0",
        "vary": "Origin",
        "access-control-allow-credentials": "true",
        "x-ratelimit-limit": "120",
        "x-ratelimit-remaining": "116",
        "x-ratelimit-reset": "41",
        "x-correlation-id": "d48fa523-402d-40ad-89d3-307aab6e8952",
        "content-type": "application/json; charset=utf-8",
        "content-length": "3457",
        "etag": "W/\"d81-5kFrXuGkJ7isOu2cKLVdIzti3C8\""
      }
    }
    [35mresponseTime[39m: 9
[15:29:48.180] [32mINFO[39m (4064): [36mrequest completed[39m
    [35mreq[39m: {
      "id": 71,
      "method": "GET",
      "url": "/api/auth/me",
      "query": {},
      "params": {
        "path": [
          "auth",
          "me"
        ]
      },
      "headers": {
        "host": "localhost:4000",
        "connection": "keep-alive",
        "authorization": "Bearer eyJhbGciOiJIUzI1NiIsInR5cCI6IkpXVCJ9.eyJzdWIiOiJ1c2VyLWFkbWluIiwiZW1haWwiOiJhZG1pbkBndW5nbmlyLmxvY2FsIiwicm9sZXMiOlsiYWRtaW4iLCJhZG1pbiJdLCJpYXQiOjE3NzkxMzI1NjgsImV4cCI6MTc3OTEzMzQ2OH0.Um6LVIj16_G9zxqgxoiHuNSIzjzjduXhCoTAHsQ9w9o",
        "accept": "*/*",
        "accept-language": "*",
        "sec-fetch-mode": "cors",
        "user-agent": "node",
        "pragma": "no-cache",
        "cache-control": "no-cache",
        "accept-encoding": "gzip, deflate"
      },
      "remoteAddress": "127.0.0.1",
      "remotePort": 56629
    }
    [35mres[39m: {
      "statusCode": 200,
      "headers": {
        "content-security-policy": "default-src 'self';base-uri 'self';font-src 'self' https: data:;form-action 'self';frame-ancestors 'self';img-src 'self' data:;object-src 'none';script-src 'self';script-src-attr 'none';style-src 'self' https: 'unsafe-inline';upgrade-insecure-requests",
        "cross-origin-opener-policy": "same-origin",
        "cross-origin-resource-policy": "same-origin",
        "origin-agent-cluster": "?1",
        "referrer-policy": "no-referrer",
        "strict-transport-security": "max-age=31536000; includeSubDomains",
        "x-content-type-options": "nosniff",
        "x-dns-prefetch-control": "off",
        "x-download-options": "noopen",
        "x-frame-options": "SAMEORIGIN",
        "x-permitted-cross-domain-policies": "none",
        "x-xss-protection": "0",
        "vary": "Origin",
        "access-control-allow-credentials": "true",
        "x-ratelimit-limit": "120",
        "x-ratelimit-remaining": "104",
        "x-ratelimit-reset": "59",
        "x-correlation-id": "3a2b55a4-c50f-47bf-94e3-bea6f4f1f162",
        "content-type": "application/json; charset=utf-8",
        "content-length": "124",
        "etag": "W/\"7c-QtJzlFTARSsNLVrG/rl/H1cK0Bk\""
      }
    }
    [35mresponseTime[39m: 4
[15:29:48.250] [32mINFO[39m (4064): [36mrequest completed[39m
    [35mreq[39m: {
      "id": 72,
      "method": "GET",
      "url": "/api/tracks/current",
      "query": {},
      "params": {
        "path": [
          "tracks",
          "current"
        ]
      },
      "headers": {
        "host": "localhost:4000",
        "connection": "keep-alive",
        "authorization": "Bearer eyJhbGciOiJIUzI1NiIsInR5cCI6IkpXVCJ9.eyJzdWIiOiJ1c2VyLWFkbWluIiwiZW1haWwiOiJhZG1pbkBndW5nbmlyLmxvY2FsIiwicm9sZXMiOlsiYWRtaW4iLCJhZG1pbiJdLCJpYXQiOjE3NzkxMzI1NjgsImV4cCI6MTc3OTEzMzQ2OH0.Um6LVIj16_G9zxqgxoiHuNSIzjzjduXhCoTAHsQ9w9o",
        "accept": "*/*",
        "accept-language": "*",
        "sec-fetch-mode": "cors",
        "user-agent": "node",
        "pragma": "no-cache",
        "cache-control": "no-cache",
        "accept-encoding": "gzip, deflate"
      },
      "remoteAddress": "127.0.0.1",
      "remotePort": 56629
    }
    [35mres[39m: {
      "statusCode": 200,
      "headers": {
        "content-security-policy": "default-src 'self';base-uri 'self';font-src 'self' https: data:;form-action 'self';frame-ancestors 'self';img-src 'self' data:;object-src 'none';script-src 'self';script-src-attr 'none';style-src 'self' https: 'unsafe-inline';upgrade-insecure-requests",
        "cross-origin-opener-policy": "same-origin",
        "cross-origin-resource-policy": "same-origin",
        "origin-agent-cluster": "?1",
        "referrer-policy": "no-referrer",
        "strict-transport-security": "max-age=31536000; includeSubDomains",
        "x-content-type-options": "nosniff",
        "x-dns-prefetch-control": "off",
        "x-download-options": "noopen",
        "x-frame-options": "SAMEORIGIN",
        "x-permitted-cross-domain-policies": "none",
        "x-xss-protection": "0",
        "vary": "Origin",
        "access-control-allow-credentials": "true",
        "x-ratelimit-limit": "120",
        "x-ratelimit-remaining": "116",
        "x-ratelimit-reset": "41",
        "x-correlation-id": "732b4eec-5424-481e-aa57-c5f2a8961172",
        "content-type": "application/json; charset=utf-8",
        "content-length": "2",
        "etag": "W/\"2-l9Fw4VUO7kr8CvBlt4zaMCqXZ0w\""
      }
    }
    [35mresponseTime[39m: 2
[15:29:48.258] [32mINFO[39m (4064): [36mrequest completed[39m
    [35mreq[39m: {
      "id": 73,
      "method": "GET",
      "url": "/api/v1/operations/snapshot",
      "query": {},
      "params": {
        "path": [
          "v1",
          "operations",
          "snapshot"
        ]
      },
      "headers": {
        "host": "localhost:4000",
        "connection": "keep-alive",
        "authorization": "Bearer eyJhbGciOiJIUzI1NiIsInR5cCI6IkpXVCJ9.eyJzdWIiOiJ1c2VyLWFkbWluIiwiZW1haWwiOiJhZG1pbkBndW5nbmlyLmxvY2FsIiwicm9sZXMiOlsiYWRtaW4iLCJhZG1pbiJdLCJpYXQiOjE3NzkxMzI1NjgsImV4cCI6MTc3OTEzMzQ2OH0.Um6LVIj16_G9zxqgxoiHuNSIzjzjduXhCoTAHsQ9w9o",
        "accept": "*/*",
        "accept-language": "*",
        "sec-fetch-mode": "cors",
        "user-agent": "node",
        "pragma": "no-cache",
        "cache-control": "no-cache",
        "accept-encoding": "gzip, deflate"
      },
      "remoteAddress": "127.0.0.1",
      "remotePort": 56631
    }
    [35mres[39m: {
      "statusCode": 200,
      "headers": {
        "content-security-policy": "default-src 'self';base-uri 'self';font-src 'self' https: data:;form-action 'self';frame-ancestors 'self';img-src 'self' data:;object-src 'none';script-src 'self';script-src-attr 'none';style-src 'self' https: 'unsafe-inline';upgrade-insecure-requests",
        "cross-origin-opener-policy": "same-origin",
        "cross-origin-resource-policy": "same-origin",
        "origin-agent-cluster": "?1",
        "referrer-policy": "no-referrer",
        "strict-transport-security": "max-age=31536000; includeSubDomains",
        "x-content-type-options": "nosniff",
        "x-dns-prefetch-control": "off",
        "x-download-options": "noopen",
        "x-frame-options": "SAMEORIGIN",
        "x-permitted-cross-domain-policies": "none",
        "x-xss-protection": "0",
        "vary": "Origin",
        "access-control-allow-credentials": "true",
        "x-ratelimit-limit": "120",
        "x-ratelimit-remaining": "115",
        "x-ratelimit-reset": "41",
        "x-correlation-id": "2419f246-5d88-40da-b16a-8a0c70e2b7b0",
        "content-type": "application/json; charset=utf-8",
        "content-length": "3176",
        "etag": "W/\"c68-oeam6s8iO1R/Xqj1cPEE8d2GZB8\""
      }
    }
    [35mresponseTime[39m: 9
[15:29:48.276] [32mINFO[39m (4064): [36mrequest completed[39m
    [35mreq[39m: {
      "id": 76,
      "method": "GET",
      "url": "/api/devices",
      "query": {},
      "params": {
        "path": [
          "devices"
        ]
      },
      "headers": {
        "host": "localhost:4000",
        "connection": "keep-alive",
        "authorization": "Bearer eyJhbGciOiJIUzI1NiIsInR5cCI6IkpXVCJ9.eyJzdWIiOiJ1c2VyLWFkbWluIiwiZW1haWwiOiJhZG1pbkBndW5nbmlyLmxvY2FsIiwicm9sZXMiOlsiYWRtaW4iLCJhZG1pbiJdLCJpYXQiOjE3NzkxMzI1NjgsImV4cCI6MTc3OTEzMzQ2OH0.Um6LVIj16_G9zxqgxoiHuNSIzjzjduXhCoTAHsQ9w9o",
        "accept": "*/*",
        "accept-language": "*",
        "sec-fetch-mode": "cors",
        "user-agent": "node",
        "pragma": "no-cache",
        "cache-control": "no-cache",
        "accept-encoding": "gzip, deflate"
      },
      "remoteAddress": "127.0.0.1",
      "remotePort": 55468
    }
    [35mres[39m: {
      "statusCode": 200,
      "headers": {
        "content-security-policy": "default-src 'self';base-uri 'self';font-src 'self' https: data:;form-action 'self';frame-ancestors 'self';img-src 'self' data:;object-src 'none';script-src 'self';script-src-attr 'none';style-src 'self' https: 'unsafe-inline';upgrade-insecure-requests",
        "cross-origin-opener-policy": "same-origin",
        "cross-origin-resource-policy": "same-origin",
        "origin-agent-cluster": "?1",
        "referrer-policy": "no-referrer",
        "strict-transport-security": "max-age=31536000; includeSubDomains",
        "x-content-type-options": "nosniff",
        "x-dns-prefetch-control": "off",
        "x-download-options": "noopen",
        "x-frame-options": "SAMEORIGIN",
        "x-permitted-cross-domain-policies": "none",
        "x-xss-protection": "0",
        "vary": "Origin",
        "access-control-allow-credentials": "true",
        "x-ratelimit-limit": "120",
        "x-ratelimit-remaining": "116",
        "x-ratelimit-reset": "41",
        "x-correlation-id": "2396a370-cd48-4b96-ae0f-e110df9ebdab",
        "content-type": "application/json; charset=utf-8",
        "content-length": "391",
        "etag": "W/\"187-wFixndeDMExMbypLdc/dp5I7KtI\""
      }
    }
    [35mresponseTime[39m: 2
[15:29:48.277] [32mINFO[39m (4064): [36mrequest completed[39m
    [35mreq[39m: {
      "id": 74,
      "method": "GET",
      "url": "/api/tracks/history",
      "query": {},
      "params": {
        "path": [
          "tracks",
          "history"
        ]
      },
      "headers": {
        "host": "localhost:4000",
        "connection": "keep-alive",
        "authorization": "Bearer eyJhbGciOiJIUzI1NiIsInR5cCI6IkpXVCJ9.eyJzdWIiOiJ1c2VyLWFkbWluIiwiZW1haWwiOiJhZG1pbkBndW5nbmlyLmxvY2FsIiwicm9sZXMiOlsiYWRtaW4iLCJhZG1pbiJdLCJpYXQiOjE3NzkxMzI1NjgsImV4cCI6MTc3OTEzMzQ2OH0.Um6LVIj16_G9zxqgxoiHuNSIzjzjduXhCoTAHsQ9w9o",
        "accept": "*/*",
        "accept-language": "*",
        "sec-fetch-mode": "cors",
        "user-agent": "node",
        "pragma": "no-cache",
        "cache-control": "no-cache",
        "accept-encoding": "gzip, deflate"
      },
      "remoteAddress": "127.0.0.1",
      "remotePort": 55465
    }
    [35mres[39m: {
      "statusCode": 200,
      "headers": {
        "content-security-policy": "default-src 'self';base-uri 'self';font-src 'self' https: data:;form-action 'self';frame-ancestors 'self';img-src 'self' data:;object-src 'none';script-src 'self';script-src-attr 'none';style-src 'self' https: 'unsafe-inline';upgrade-insecure-requests",
        "cross-origin-opener-policy": "same-origin",
        "cross-origin-resource-policy": "same-origin",
        "origin-agent-cluster": "?1",
        "referrer-policy": "no-referrer",
        "strict-transport-security": "max-age=31536000; includeSubDomains",
        "x-content-type-options": "nosniff",
        "x-dns-prefetch-control": "off",
        "x-download-options": "noopen",
        "x-frame-options": "SAMEORIGIN",
        "x-permitted-cross-domain-policies": "none",
        "x-xss-protection": "0",
        "vary": "Origin",
        "access-control-allow-credentials": "true",
        "x-ratelimit-limit": "120",
        "x-ratelimit-remaining": "116",
        "x-ratelimit-reset": "41",
        "x-correlation-id": "1d3b49bb-47ed-47ea-a261-6d778a239a7c",
        "content-type": "application/json; charset=utf-8",
        "content-length": "2",
        "etag": "W/\"2-l9Fw4VUO7kr8CvBlt4zaMCqXZ0w\""
      }
    }
    [35mresponseTime[39m: 5
[15:29:48.277] [32mINFO[39m (4064): [36mrequest completed[39m
    [35mreq[39m: {
      "id": 75,
      "method": "GET",
      "url": "/api/telemetry",
      "query": {},
      "params": {
        "path": [
          "telemetry"
        ]
      },
      "headers": {
        "host": "localhost:4000",
        "connection": "keep-alive",
        "authorization": "Bearer eyJhbGciOiJIUzI1NiIsInR5cCI6IkpXVCJ9.eyJzdWIiOiJ1c2VyLWFkbWluIiwiZW1haWwiOiJhZG1pbkBndW5nbmlyLmxvY2FsIiwicm9sZXMiOlsiYWRtaW4iLCJhZG1pbiJdLCJpYXQiOjE3NzkxMzI1NjgsImV4cCI6MTc3OTEzMzQ2OH0.Um6LVIj16_G9zxqgxoiHuNSIzjzjduXhCoTAHsQ9w9o",
        "accept": "*/*",
        "accept-language": "*",
        "sec-fetch-mode": "cors",
        "user-agent": "node",
        "pragma": "no-cache",
        "cache-control": "no-cache",
        "accept-encoding": "gzip, deflate"
      },
      "remoteAddress": "127.0.0.1",
      "remotePort": 55467
    }
    [35mres[39m: {
      "statusCode": 200,
      "headers": {
        "content-security-policy": "default-src 'self';base-uri 'self';font-src 'self' https: data:;form-action 'self';frame-ancestors 'self';img-src 'self' data:;object-src 'none';script-src 'self';script-src-attr 'none';style-src 'self' https: 'unsafe-inline';upgrade-insecure-requests",
        "cross-origin-opener-policy": "same-origin",
        "cross-origin-resource-policy": "same-origin",
        "origin-agent-cluster": "?1",
        "referrer-policy": "no-referrer",
        "strict-transport-security": "max-age=31536000; includeSubDomains",
        "x-content-type-options": "nosniff",
        "x-dns-prefetch-control": "off",
        "x-download-options": "noopen",
        "x-frame-options": "SAMEORIGIN",
        "x-permitted-cross-domain-policies": "none",
        "x-xss-protection": "0",
        "vary": "Origin",
        "access-control-allow-credentials": "true",
        "x-ratelimit-limit": "120",
        "x-ratelimit-remaining": "116",
        "x-ratelimit-reset": "41",
        "x-correlation-id": "c37e2b8b-59eb-4c3b-992d-dde67145e41c",
        "content-type": "application/json; charset=utf-8",
        "content-length": "426",
        "etag": "W/\"1aa-bjbCYD4WhTpb5Q/I7yK/VOE8NPE\""
      }
    }
    [35mresponseTime[39m: 3
[15:29:48.294] [32mINFO[39m (4064): [36mrequest completed[39m
    [35mreq[39m: {
      "id": 77,
      "method": "GET",
      "url": "/api/commands",
      "query": {},
      "params": {
        "path": [
          "commands"
        ]
      },
      "headers": {
        "host": "localhost:4000",
        "connection": "keep-alive",
        "authorization": "Bearer eyJhbGciOiJIUzI1NiIsInR5cCI6IkpXVCJ9.eyJzdWIiOiJ1c2VyLWFkbWluIiwiZW1haWwiOiJhZG1pbkBndW5nbmlyLmxvY2FsIiwicm9sZXMiOlsiYWRtaW4iLCJhZG1pbiJdLCJpYXQiOjE3NzkxMzI1NjgsImV4cCI6MTc3OTEzMzQ2OH0.Um6LVIj16_G9zxqgxoiHuNSIzjzjduXhCoTAHsQ9w9o",
        "accept": "*/*",
        "accept-language": "*",
        "sec-fetch-mode": "cors",
        "user-agent": "node",
        "pragma": "no-cache",
        "cache-control": "no-cache",
        "accept-encoding": "gzip, deflate"
      },
      "remoteAddress": "127.0.0.1",
      "remotePort": 56629
    }
    [35mres[39m: {
      "statusCode": 200,
      "headers": {
        "content-security-policy": "default-src 'self';base-uri 'self';font-src 'self' https: data:;form-action 'self';frame-ancestors 'self';img-src 'self' data:;object-src 'none';script-src 'self';script-src-attr 'none';style-src 'self' https: 'unsafe-inline';upgrade-insecure-requests",
        "cross-origin-opener-policy": "same-origin",
        "cross-origin-resource-policy": "same-origin",
        "origin-agent-cluster": "?1",
        "referrer-policy": "no-referrer",
        "strict-transport-security": "max-age=31536000; includeSubDomains",
        "x-content-type-options": "nosniff",
        "x-dns-prefetch-control": "off",
        "x-download-options": "noopen",
        "x-frame-options": "SAMEORIGIN",
        "x-permitted-cross-domain-policies": "none",
        "x-xss-protection": "0",
        "vary": "Origin",
        "access-control-allow-credentials": "true",
        "x-ratelimit-limit": "120",
        "x-ratelimit-remaining": "116",
        "x-ratelimit-reset": "41",
        "x-correlation-id": "6c2d0d02-5e45-4266-99b6-36ef84cbb161",
        "content-type": "application/json; charset=utf-8",
        "content-length": "2",
        "etag": "W/\"2-l9Fw4VUO7kr8CvBlt4zaMCqXZ0w\""
      }
    }
    [35mresponseTime[39m: 3
[15:29:48.317] [32mINFO[39m (4064): [36mrequest completed[39m
    [35mreq[39m: {
      "id": 78,
      "method": "GET",
      "url": "/api/missions",
      "query": {},
      "params": {
        "path": [
          "missions"
        ]
      },
      "headers": {
        "host": "localhost:4000",
        "connection": "keep-alive",
        "authorization": "Bearer eyJhbGciOiJIUzI1NiIsInR5cCI6IkpXVCJ9.eyJzdWIiOiJ1c2VyLWFkbWluIiwiZW1haWwiOiJhZG1pbkBndW5nbmlyLmxvY2FsIiwicm9sZXMiOlsiYWRtaW4iLCJhZG1pbiJdLCJpYXQiOjE3NzkxMzI1NjgsImV4cCI6MTc3OTEzMzQ2OH0.Um6LVIj16_G9zxqgxoiHuNSIzjzjduXhCoTAHsQ9w9o",
        "accept": "*/*",
        "accept-language": "*",
        "sec-fetch-mode": "cors",
        "user-agent": "node",
        "pragma": "no-cache",
        "cache-control": "no-cache",
        "accept-encoding": "gzip, deflate"
      },
      "remoteAddress": "127.0.0.1",
      "remotePort": 56629
    }
    [35mres[39m: {
      "statusCode": 200,
      "headers": {
        "content-security-policy": "default-src 'self';base-uri 'self';font-src 'self' https: data:;form-action 'self';frame-ancestors 'self';img-src 'self' data:;object-src 'none';script-src 'self';script-src-attr 'none';style-src 'self' https: 'unsafe-inline';upgrade-insecure-requests",
        "cross-origin-opener-policy": "same-origin",
        "cross-origin-resource-policy": "same-origin",
        "origin-agent-cluster": "?1",
        "referrer-policy": "no-referrer",
        "strict-transport-security": "max-age=31536000; includeSubDomains",
        "x-content-type-options": "nosniff",
        "x-dns-prefetch-control": "off",
        "x-download-options": "noopen",
        "x-frame-options": "SAMEORIGIN",
        "x-permitted-cross-domain-policies": "none",
        "x-xss-protection": "0",
        "vary": "Origin",
        "access-control-allow-credentials": "true",
        "x-ratelimit-limit": "120",
        "x-ratelimit-remaining": "116",
        "x-ratelimit-reset": "41",
        "x-correlation-id": "39dfafa3-458e-435e-b910-e228b4d3ab5d",
        "content-type": "application/json; charset=utf-8",
        "content-length": "2",
        "etag": "W/\"2-l9Fw4VUO7kr8CvBlt4zaMCqXZ0w\""
      }
    }
    [35mresponseTime[39m: 3
[15:29:48.346] [32mINFO[39m (4064): [36mrequest completed[39m
    [35mreq[39m: {
      "id": 80,
      "method": "GET",
      "url": "/api/geofences",
      "query": {},
      "params": {
        "path": [
          "geofences"
        ]
      },
      "headers": {
        "host": "localhost:4000",
        "connection": "keep-alive",
        "authorization": "Bearer eyJhbGciOiJIUzI1NiIsInR5cCI6IkpXVCJ9.eyJzdWIiOiJ1c2VyLWFkbWluIiwiZW1haWwiOiJhZG1pbkBndW5nbmlyLmxvY2FsIiwicm9sZXMiOlsiYWRtaW4iLCJhZG1pbiJdLCJpYXQiOjE3NzkxMzI1NjgsImV4cCI6MTc3OTEzMzQ2OH0.Um6LVIj16_G9zxqgxoiHuNSIzjzjduXhCoTAHsQ9w9o",
        "accept": "*/*",
        "accept-language": "*",
        "sec-fetch-mode": "cors",
        "user-agent": "node",
        "pragma": "no-cache",
        "cache-control": "no-cache",
        "accept-encoding": "gzip, deflate"
      },
      "remoteAddress": "127.0.0.1",
      "remotePort": 56631
    }
    [35mres[39m: {
      "statusCode": 200,
      "headers": {
        "content-security-policy": "default-src 'self';base-uri 'self';font-src 'self' https: data:;form-action 'self';frame-ancestors 'self';img-src 'self' data:;object-src 'none';script-src 'self';script-src-attr 'none';style-src 'self' https: 'unsafe-inline';upgrade-insecure-requests",
        "cross-origin-opener-policy": "same-origin",
        "cross-origin-resource-policy": "same-origin",
        "origin-agent-cluster": "?1",
        "referrer-policy": "no-referrer",
        "strict-transport-security": "max-age=31536000; includeSubDomains",
        "x-content-type-options": "nosniff",
        "x-dns-prefetch-control": "off",
        "x-download-options": "noopen",
        "x-frame-options": "SAMEORIGIN",
        "x-permitted-cross-domain-policies": "none",
        "x-xss-protection": "0",
        "vary": "Origin",
        "access-control-allow-credentials": "true",
        "x-ratelimit-limit": "120",
        "x-ratelimit-remaining": "116",
        "x-ratelimit-reset": "41",
        "x-correlation-id": "cc3eed4c-e644-46ed-8c96-068118a4cbbb",
        "content-type": "application/json; charset=utf-8",
        "content-length": "2",
        "etag": "W/\"2-l9Fw4VUO7kr8CvBlt4zaMCqXZ0w\""
      }
    }
    [35mresponseTime[39m: 2
[15:29:48.347] [32mINFO[39m (4064): [36mrequest completed[39m
    [35mreq[39m: {
      "id": 79,
      "method": "GET",
      "url": "/api/auth/me",
      "query": {},
      "params": {
        "path": [
          "auth",
          "me"
        ]
      },
      "headers": {
        "host": "localhost:4000",
        "connection": "keep-alive",
        "authorization": "Bearer eyJhbGciOiJIUzI1NiIsInR5cCI6IkpXVCJ9.eyJzdWIiOiJ1c2VyLWFkbWluIiwiZW1haWwiOiJhZG1pbkBndW5nbmlyLmxvY2FsIiwicm9sZXMiOlsiYWRtaW4iLCJhZG1pbiJdLCJpYXQiOjE3NzkxMzI1NjgsImV4cCI6MTc3OTEzMzQ2OH0.Um6LVIj16_G9zxqgxoiHuNSIzjzjduXhCoTAHsQ9w9o",
        "accept": "*/*",
        "accept-language": "*",
        "sec-fetch-mode": "cors",
        "user-agent": "node",
        "pragma": "no-cache",
        "cache-control": "no-cache",
        "accept-encoding": "gzip, deflate"
      },
      "remoteAddress": "127.0.0.1",
      "remotePort": 56629
    }
    [35mres[39m: {
      "statusCode": 200,
      "headers": {
        "content-security-policy": "default-src 'self';base-uri 'self';font-src 'self' https: data:;form-action 'self';frame-ancestors 'self';img-src 'self' data:;object-src 'none';script-src 'self';script-src-attr 'none';style-src 'self' https: 'unsafe-inline';upgrade-insecure-requests",
        "cross-origin-opener-policy": "same-origin",
        "cross-origin-resource-policy": "same-origin",
        "origin-agent-cluster": "?1",
        "referrer-policy": "no-referrer",
        "strict-transport-security": "max-age=31536000; includeSubDomains",
        "x-content-type-options": "nosniff",
        "x-dns-prefetch-control": "off",
        "x-download-options": "noopen",
        "x-frame-options": "SAMEORIGIN",
        "x-permitted-cross-domain-policies": "none",
        "x-xss-protection": "0",
        "vary": "Origin",
        "access-control-allow-credentials": "true",
        "x-ratelimit-limit": "120",
        "x-ratelimit-remaining": "103",
        "x-ratelimit-reset": "59",
        "x-correlation-id": "64164de9-0fec-48f5-a438-e025bf17fc76",
        "content-type": "application/json; charset=utf-8",
        "content-length": "124",
        "etag": "W/\"7c-QtJzlFTARSsNLVrG/rl/H1cK0Bk\""
      }
    }
    [35mresponseTime[39m: 5
[15:29:48.400] [32mINFO[39m (4064): [36mrequest completed[39m
    [35mreq[39m: {
      "id": 81,
      "method": "GET",
      "url": "/api/map-layers",
      "query": {},
      "params": {
        "path": [
          "map-layers"
        ]
      },
      "headers": {
        "host": "localhost:4000",
        "connection": "keep-alive",
        "authorization": "Bearer eyJhbGciOiJIUzI1NiIsInR5cCI6IkpXVCJ9.eyJzdWIiOiJ1c2VyLWFkbWluIiwiZW1haWwiOiJhZG1pbkBndW5nbmlyLmxvY2FsIiwicm9sZXMiOlsiYWRtaW4iLCJhZG1pbiJdLCJpYXQiOjE3NzkxMzI1NjgsImV4cCI6MTc3OTEzMzQ2OH0.Um6LVIj16_G9zxqgxoiHuNSIzjzjduXhCoTAHsQ9w9o",
        "accept": "*/*",
        "accept-language": "*",
        "sec-fetch-mode": "cors",
        "user-agent": "node",
        "pragma": "no-cache",
        "cache-control": "no-cache",
        "accept-encoding": "gzip, deflate"
      },
      "remoteAddress": "127.0.0.1",
      "remotePort": 56629
    }
    [35mres[39m: {
      "statusCode": 200,
      "headers": {
        "content-security-policy": "default-src 'self';base-uri 'self';font-src 'self' https: data:;form-action 'self';frame-ancestors 'self';img-src 'self' data:;object-src 'none';script-src 'self';script-src-attr 'none';style-src 'self' https: 'unsafe-inline';upgrade-insecure-requests",
        "cross-origin-opener-policy": "same-origin",
        "cross-origin-resource-policy": "same-origin",
        "origin-agent-cluster": "?1",
        "referrer-policy": "no-referrer",
        "strict-transport-security": "max-age=31536000; includeSubDomains",
        "x-content-type-options": "nosniff",
        "x-dns-prefetch-control": "off",
        "x-download-options": "noopen",
        "x-frame-options": "SAMEORIGIN",
        "x-permitted-cross-domain-policies": "none",
        "x-xss-protection": "0",
        "vary": "Origin",
        "access-control-allow-credentials": "true",
        "x-ratelimit-limit": "120",
        "x-ratelimit-remaining": "116",
        "x-ratelimit-reset": "41",
        "x-correlation-id": "35fd79b6-4125-47be-baac-f760006a3a82",
        "content-type": "application/json; charset=utf-8",
        "content-length": "2206",
        "etag": "W/\"89e-nm4/RTFy2F+69MjI+xqwAwWUsXo\""
      }
    }
    [35mresponseTime[39m: 5
[15:29:48.404] [32mINFO[39m (4064): [36mrequest completed[39m
    [35mreq[39m: {
      "id": 83,
      "method": "GET",
      "url": "/api/devices",
      "query": {},
      "params": {
        "path": [
          "devices"
        ]
      },
      "headers": {
        "host": "localhost:4000",
        "connection": "keep-alive",
        "authorization": "Bearer eyJhbGciOiJIUzI1NiIsInR5cCI6IkpXVCJ9.eyJzdWIiOiJ1c2VyLWFkbWluIiwiZW1haWwiOiJhZG1pbkBndW5nbmlyLmxvY2FsIiwicm9sZXMiOlsiYWRtaW4iLCJhZG1pbiJdLCJpYXQiOjE3NzkxMzI1NjgsImV4cCI6MTc3OTEzMzQ2OH0.Um6LVIj16_G9zxqgxoiHuNSIzjzjduXhCoTAHsQ9w9o",
        "accept": "*/*",
        "accept-language": "*",
        "sec-fetch-mode": "cors",
        "user-agent": "node",
        "pragma": "no-cache",
        "cache-control": "no-cache",
        "accept-encoding": "gzip, deflate"
      },
      "remoteAddress": "127.0.0.1",
      "remotePort": 55465
    }
    [35mres[39m: {
      "statusCode": 200,
      "headers": {
        "content-security-policy": "default-src 'self';base-uri 'self';font-src 'self' https: data:;form-action 'self';frame-ancestors 'self';img-src 'self' data:;object-src 'none';script-src 'self';script-src-attr 'none';style-src 'self' https: 'unsafe-inline';upgrade-insecure-requests",
        "cross-origin-opener-policy": "same-origin",
        "cross-origin-resource-policy": "same-origin",
        "origin-agent-cluster": "?1",
        "referrer-policy": "no-referrer",
        "strict-transport-security": "max-age=31536000; includeSubDomains",
        "x-content-type-options": "nosniff",
        "x-dns-prefetch-control": "off",
        "x-download-options": "noopen",
        "x-frame-options": "SAMEORIGIN",
        "x-permitted-cross-domain-policies": "none",
        "x-xss-protection": "0",
        "vary": "Origin",
        "access-control-allow-credentials": "true",
        "x-ratelimit-limit": "120",
        "x-ratelimit-remaining": "115",
        "x-ratelimit-reset": "41",
        "x-correlation-id": "b91098e1-e646-4ca5-921d-2042d5ee4063",
        "content-type": "application/json; charset=utf-8",
        "content-length": "391",
        "etag": "W/\"187-wFixndeDMExMbypLdc/dp5I7KtI\""
      }
    }
    [35mresponseTime[39m: 8
[15:29:48.413] [32mINFO[39m (4064): [36mrequest completed[39m
    [35mreq[39m: {
      "id": 82,
      "method": "GET",
      "url": "/api/v1/operations/snapshot",
      "query": {},
      "params": {
        "path": [
          "v1",
          "operations",
          "snapshot"
        ]
      },
      "headers": {
        "host": "localhost:4000",
        "connection": "keep-alive",
        "authorization": "Bearer eyJhbGciOiJIUzI1NiIsInR5cCI6IkpXVCJ9.eyJzdWIiOiJ1c2VyLWFkbWluIiwiZW1haWwiOiJhZG1pbkBndW5nbmlyLmxvY2FsIiwicm9sZXMiOlsiYWRtaW4iLCJhZG1pbiJdLCJpYXQiOjE3NzkxMzI1NjgsImV4cCI6MTc3OTEzMzQ2OH0.Um6LVIj16_G9zxqgxoiHuNSIzjzjduXhCoTAHsQ9w9o",
        "accept": "*/*",
        "accept-language": "*",
        "sec-fetch-mode": "cors",
        "user-agent": "node",
        "pragma": "no-cache",
        "cache-control": "no-cache",
        "accept-encoding": "gzip, deflate"
      },
      "remoteAddress": "127.0.0.1",
      "remotePort": 56631
    }
    [35mres[39m: {
      "statusCode": 200,
      "headers": {
        "content-security-policy": "default-src 'self';base-uri 'self';font-src 'self' https: data:;form-action 'self';frame-ancestors 'self';img-src 'self' data:;object-src 'none';script-src 'self';script-src-attr 'none';style-src 'self' https: 'unsafe-inline';upgrade-insecure-requests",
        "cross-origin-opener-policy": "same-origin",
        "cross-origin-resource-policy": "same-origin",
        "origin-agent-cluster": "?1",
        "referrer-policy": "no-referrer",
        "strict-transport-security": "max-age=31536000; includeSubDomains",
        "x-content-type-options": "nosniff",
        "x-dns-prefetch-control": "off",
        "x-download-options": "noopen",
        "x-frame-options": "SAMEORIGIN",
        "x-permitted-cross-domain-policies": "none",
        "x-xss-protection": "0",
        "vary": "Origin",
        "access-control-allow-credentials": "true",
        "x-ratelimit-limit": "120",
        "x-ratelimit-remaining": "114",
        "x-ratelimit-reset": "41",
        "x-correlation-id": "b2ee1285-6afa-452b-959f-42ce04bc59fc",
        "content-type": "application/json; charset=utf-8",
        "content-length": "3176",
        "etag": "W/\"c68-oeam6s8iO1R/Xqj1cPEE8d2GZB8\""
      }
    }
    [35mresponseTime[39m: 17
[15:29:48.425] [32mINFO[39m (4064): [36mrequest completed[39m
    [35mreq[39m: {
      "id": 84,
      "method": "GET",
      "url": "/api/tracks/current",
      "query": {},
      "params": {
        "path": [
          "tracks",
          "current"
        ]
      },
      "headers": {
        "host": "localhost:4000",
        "connection": "keep-alive",
        "authorization": "Bearer eyJhbGciOiJIUzI1NiIsInR5cCI6IkpXVCJ9.eyJzdWIiOiJ1c2VyLWFkbWluIiwiZW1haWwiOiJhZG1pbkBndW5nbmlyLmxvY2FsIiwicm9sZXMiOlsiYWRtaW4iLCJhZG1pbiJdLCJpYXQiOjE3NzkxMzI1NjgsImV4cCI6MTc3OTEzMzQ2OH0.Um6LVIj16_G9zxqgxoiHuNSIzjzjduXhCoTAHsQ9w9o",
        "accept": "*/*",
        "accept-language": "*",
        "sec-fetch-mode": "cors",
        "user-agent": "node",
        "pragma": "no-cache",
        "cache-control": "no-cache",
        "accept-encoding": "gzip, deflate"
      },
      "remoteAddress": "127.0.0.1",
      "remotePort": 56629
    }
    [35mres[39m: {
      "statusCode": 200,
      "headers": {
        "content-security-policy": "default-src 'self';base-uri 'self';font-src 'self' https: data:;form-action 'self';frame-ancestors 'self';img-src 'self' data:;object-src 'none';script-src 'self';script-src-attr 'none';style-src 'self' https: 'unsafe-inline';upgrade-insecure-requests",
        "cross-origin-opener-policy": "same-origin",
        "cross-origin-resource-policy": "same-origin",
        "origin-agent-cluster": "?1",
        "referrer-policy": "no-referrer",
        "strict-transport-security": "max-age=31536000; includeSubDomains",
        "x-content-type-options": "nosniff",
        "x-dns-prefetch-control": "off",
        "x-download-options": "noopen",
        "x-frame-options": "SAMEORIGIN",
        "x-permitted-cross-domain-policies": "none",
        "x-xss-protection": "0",
        "vary": "Origin",
        "access-control-allow-credentials": "true",
        "x-ratelimit-limit": "120",
        "x-ratelimit-remaining": "115",
        "x-ratelimit-reset": "41",
        "x-correlation-id": "9a093586-de4b-4b5f-b1bf-c066a63619ba",
        "content-type": "application/json; charset=utf-8",
        "content-length": "2",
        "etag": "W/\"2-l9Fw4VUO7kr8CvBlt4zaMCqXZ0w\""
      }
    }
    [35mresponseTime[39m: 2
[15:29:48.449] [32mINFO[39m (4064): [36mrequest completed[39m
    [35mreq[39m: {
      "id": 85,
      "method": "GET",
      "url": "/api/tracks/history",
      "query": {},
      "params": {
        "path": [
          "tracks",
          "history"
        ]
      },
      "headers": {
        "host": "localhost:4000",
        "connection": "keep-alive",
        "authorization": "Bearer eyJhbGciOiJIUzI1NiIsInR5cCI6IkpXVCJ9.eyJzdWIiOiJ1c2VyLWFkbWluIiwiZW1haWwiOiJhZG1pbkBndW5nbmlyLmxvY2FsIiwicm9sZXMiOlsiYWRtaW4iLCJhZG1pbiJdLCJpYXQiOjE3NzkxMzI1NjgsImV4cCI6MTc3OTEzMzQ2OH0.Um6LVIj16_G9zxqgxoiHuNSIzjzjduXhCoTAHsQ9w9o",
        "accept": "*/*",
        "accept-language": "*",
        "sec-fetch-mode": "cors",
        "user-agent": "node",
        "pragma": "no-cache",
        "cache-control": "no-cache",
        "accept-encoding": "gzip, deflate"
      },
      "remoteAddress": "127.0.0.1",
      "remotePort": 56629
    }
    [35mres[39m: {
      "statusCode": 200,
      "headers": {
        "content-security-policy": "default-src 'self';base-uri 'self';font-src 'self' https: data:;form-action 'self';frame-ancestors 'self';img-src 'self' data:;object-src 'none';script-src 'self';script-src-attr 'none';style-src 'self' https: 'unsafe-inline';upgrade-insecure-requests",
        "cross-origin-opener-policy": "same-origin",
        "cross-origin-resource-policy": "same-origin",
        "origin-agent-cluster": "?1",
        "referrer-policy": "no-referrer",
        "strict-transport-security": "max-age=31536000; includeSubDomains",
        "x-content-type-options": "nosniff",
        "x-dns-prefetch-control": "off",
        "x-download-options": "noopen",
        "x-frame-options": "SAMEORIGIN",
        "x-permitted-cross-domain-policies": "none",
        "x-xss-protection": "0",
        "vary": "Origin",
        "access-control-allow-credentials": "true",
        "x-ratelimit-limit": "120",
        "x-ratelimit-remaining": "115",
        "x-ratelimit-reset": "41",
        "x-correlation-id": "8b6b4d9e-347b-4288-be84-b25fc0689e0c",
        "content-type": "application/json; charset=utf-8",
        "content-length": "2",
        "etag": "W/\"2-l9Fw4VUO7kr8CvBlt4zaMCqXZ0w\""
      }
    }
    [35mresponseTime[39m: 4
[15:29:48.468] [32mINFO[39m (4064): [36mrequest completed[39m
    [35mreq[39m: {
      "id": 86,
      "method": "GET",
      "url": "/api/telemetry",
      "query": {},
      "params": {
        "path": [
          "telemetry"
        ]
      },
      "headers": {
        "host": "localhost:4000",
        "connection": "keep-alive",
        "authorization": "Bearer eyJhbGciOiJIUzI1NiIsInR5cCI6IkpXVCJ9.eyJzdWIiOiJ1c2VyLWFkbWluIiwiZW1haWwiOiJhZG1pbkBndW5nbmlyLmxvY2FsIiwicm9sZXMiOlsiYWRtaW4iLCJhZG1pbiJdLCJpYXQiOjE3NzkxMzI1NjgsImV4cCI6MTc3OTEzMzQ2OH0.Um6LVIj16_G9zxqgxoiHuNSIzjzjduXhCoTAHsQ9w9o",
        "accept": "*/*",
        "accept-language": "*",
        "sec-fetch-mode": "cors",
        "user-agent": "node",
        "pragma": "no-cache",
        "cache-control": "no-cache",
        "accept-encoding": "gzip, deflate"
      },
      "remoteAddress": "127.0.0.1",
      "remotePort": 56629
    }
    [35mres[39m: {
      "statusCode": 200,
      "headers": {
        "content-security-policy": "default-src 'self';base-uri 'self';font-src 'self' https: data:;form-action 'self';frame-ancestors 'self';img-src 'self' data:;object-src 'none';script-src 'self';script-src-attr 'none';style-src 'self' https: 'unsafe-inline';upgrade-insecure-requests",
        "cross-origin-opener-policy": "same-origin",
        "cross-origin-resource-policy": "same-origin",
        "origin-agent-cluster": "?1",
        "referrer-policy": "no-referrer",
        "strict-transport-security": "max-age=31536000; includeSubDomains",
        "x-content-type-options": "nosniff",
        "x-dns-prefetch-control": "off",
        "x-download-options": "noopen",
        "x-frame-options": "SAMEORIGIN",
        "x-permitted-cross-domain-policies": "none",
        "x-xss-protection": "0",
        "vary": "Origin",
        "access-control-allow-credentials": "true",
        "x-ratelimit-limit": "120",
        "x-ratelimit-remaining": "115",
        "x-ratelimit-reset": "41",
        "x-correlation-id": "ade041a7-d4ed-43e6-8c78-39fdcb170eff",
        "content-type": "application/json; charset=utf-8",
        "content-length": "426",
        "etag": "W/\"1aa-bjbCYD4WhTpb5Q/I7yK/VOE8NPE\""
      }
    }
    [35mresponseTime[39m: 3
[15:29:48.475] [34mDEBUG[39m (4064): [36mRealtime client connected: 4oGzluDmSJvV7avdAAAH[39m
    [35mcontext[39m: "RealtimeGateway"
[15:29:48.489] [32mINFO[39m (4064): [36mrequest completed[39m
    [35mreq[39m: {
      "id": 87,
      "method": "GET",
      "url": "/api/commands",
      "query": {},
      "params": {
        "path": [
          "commands"
        ]
      },
      "headers": {
        "host": "localhost:4000",
        "connection": "keep-alive",
        "authorization": "Bearer eyJhbGciOiJIUzI1NiIsInR5cCI6IkpXVCJ9.eyJzdWIiOiJ1c2VyLWFkbWluIiwiZW1haWwiOiJhZG1pbkBndW5nbmlyLmxvY2FsIiwicm9sZXMiOlsiYWRtaW4iLCJhZG1pbiJdLCJpYXQiOjE3NzkxMzI1NjgsImV4cCI6MTc3OTEzMzQ2OH0.Um6LVIj16_G9zxqgxoiHuNSIzjzjduXhCoTAHsQ9w9o",
        "accept": "*/*",
        "accept-language": "*",
        "sec-fetch-mode": "cors",
        "user-agent": "node",
        "pragma": "no-cache",
        "cache-control": "no-cache",
        "accept-encoding": "gzip, deflate"
      },
      "remoteAddress": "127.0.0.1",
      "remotePort": 56629
    }
    [35mres[39m: {
      "statusCode": 200,
      "headers": {
        "content-security-policy": "default-src 'self';base-uri 'self';font-src 'self' https: data:;form-action 'self';frame-ancestors 'self';img-src 'self' data:;object-src 'none';script-src 'self';script-src-attr 'none';style-src 'self' https: 'unsafe-inline';upgrade-insecure-requests",
        "cross-origin-opener-policy": "same-origin",
        "cross-origin-resource-policy": "same-origin",
        "origin-agent-cluster": "?1",
        "referrer-policy": "no-referrer",
        "strict-transport-security": "max-age=31536000; includeSubDomains",
        "x-content-type-options": "nosniff",
        "x-dns-prefetch-control": "off",
        "x-download-options": "noopen",
        "x-frame-options": "SAMEORIGIN",
        "x-permitted-cross-domain-policies": "none",
        "x-xss-protection": "0",
        "vary": "Origin",
        "access-control-allow-credentials": "true",
        "x-ratelimit-limit": "120",
        "x-ratelimit-remaining": "115",
        "x-ratelimit-reset": "41",
        "x-correlation-id": "24410c23-4eb4-483f-9ee1-b6a51f0ef595",
        "content-type": "application/json; charset=utf-8",
        "content-length": "2",
        "etag": "W/\"2-l9Fw4VUO7kr8CvBlt4zaMCqXZ0w\""
      }
    }
    [35mresponseTime[39m: 4
[15:29:48.514] [32mINFO[39m (4064): [36mrequest completed[39m
    [35mreq[39m: {
      "id": 88,
      "method": "GET",
      "url": "/api/missions",
      "query": {},
      "params": {
        "path": [
          "missions"
        ]
      },
      "headers": {
        "host": "localhost:4000",
        "connection": "keep-alive",
        "authorization": "Bearer eyJhbGciOiJIUzI1NiIsInR5cCI6IkpXVCJ9.eyJzdWIiOiJ1c2VyLWFkbWluIiwiZW1haWwiOiJhZG1pbkBndW5nbmlyLmxvY2FsIiwicm9sZXMiOlsiYWRtaW4iLCJhZG1pbiJdLCJpYXQiOjE3NzkxMzI1NjgsImV4cCI6MTc3OTEzMzQ2OH0.Um6LVIj16_G9zxqgxoiHuNSIzjzjduXhCoTAHsQ9w9o",
        "accept": "*/*",
        "accept-language": "*",
        "sec-fetch-mode": "cors",
        "user-agent": "node",
        "pragma": "no-cache",
        "cache-control": "no-cache",
        "accept-encoding": "gzip, deflate"
      },
      "remoteAddress": "127.0.0.1",
      "remotePort": 56631
    }
    [35mres[39m: {
      "statusCode": 200,
      "headers": {
        "content-security-policy": "default-src 'self';base-uri 'self';font-src 'self' https: data:;form-action 'self';frame-ancestors 'self';img-src 'self' data:;object-src 'none';script-src 'self';script-src-attr 'none';style-src 'self' https: 'unsafe-inline';upgrade-insecure-requests",
        "cross-origin-opener-policy": "same-origin",
        "cross-origin-resource-policy": "same-origin",
        "origin-agent-cluster": "?1",
        "referrer-policy": "no-referrer",
        "strict-transport-security": "max-age=31536000; includeSubDomains",
        "x-content-type-options": "nosniff",
        "x-dns-prefetch-control": "off",
        "x-download-options": "noopen",
        "x-frame-options": "SAMEORIGIN",
        "x-permitted-cross-domain-policies": "none",
        "x-xss-protection": "0",
        "vary": "Origin",
        "access-control-allow-credentials": "true",
        "x-ratelimit-limit": "120",
        "x-ratelimit-remaining": "115",
        "x-ratelimit-reset": "41",
        "x-correlation-id": "c8123633-d9ea-4045-be38-783ef9d6e79c",
        "content-type": "application/json; charset=utf-8",
        "content-length": "2",
        "etag": "W/\"2-l9Fw4VUO7kr8CvBlt4zaMCqXZ0w\""
      }
    }
    [35mresponseTime[39m: 3
[15:29:48.519] [32mINFO[39m (4064): [36mrequest completed[39m
    [35mreq[39m: {
      "id": 89,
      "method": "GET",
      "url": "/api/geofences",
      "query": {},
      "params": {
        "path": [
          "geofences"
        ]
      },
      "headers": {
        "host": "localhost:4000",
        "connection": "keep-alive",
        "authorization": "Bearer eyJhbGciOiJIUzI1NiIsInR5cCI6IkpXVCJ9.eyJzdWIiOiJ1c2VyLWFkbWluIiwiZW1haWwiOiJhZG1pbkBndW5nbmlyLmxvY2FsIiwicm9sZXMiOlsiYWRtaW4iLCJhZG1pbiJdLCJpYXQiOjE3NzkxMzI1NjgsImV4cCI6MTc3OTEzMzQ2OH0.Um6LVIj16_G9zxqgxoiHuNSIzjzjduXhCoTAHsQ9w9o",
        "accept": "*/*",
        "accept-language": "*",
        "sec-fetch-mode": "cors",
        "user-agent": "node",
        "pragma": "no-cache",
        "cache-control": "no-cache",
        "accept-encoding": "gzip, deflate"
      },
      "remoteAddress": "127.0.0.1",
      "remotePort": 56629
    }
    [35mres[39m: {
      "statusCode": 200,
      "headers": {
        "content-security-policy": "default-src 'self';base-uri 'self';font-src 'self' https: data:;form-action 'self';frame-ancestors 'self';img-src 'self' data:;object-src 'none';script-src 'self';script-src-attr 'none';style-src 'self' https: 'unsafe-inline';upgrade-insecure-requests",
        "cross-origin-opener-policy": "same-origin",
        "cross-origin-resource-policy": "same-origin",
        "origin-agent-cluster": "?1",
        "referrer-policy": "no-referrer",
        "strict-transport-security": "max-age=31536000; includeSubDomains",
        "x-content-type-options": "nosniff",
        "x-dns-prefetch-control": "off",
        "x-download-options": "noopen",
        "x-frame-options": "SAMEORIGIN",
        "x-permitted-cross-domain-policies": "none",
        "x-xss-protection": "0",
        "vary": "Origin",
        "access-control-allow-credentials": "true",
        "x-ratelimit-limit": "120",
        "x-ratelimit-remaining": "115",
        "x-ratelimit-reset": "41",
        "x-correlation-id": "ca9f4649-f6cb-4dcf-879d-65dce9111300",
        "content-type": "application/json; charset=utf-8",
        "content-length": "2",
        "etag": "W/\"2-l9Fw4VUO7kr8CvBlt4zaMCqXZ0w\""
      }
    }
    [35mresponseTime[39m: 4
[15:29:48.536] [32mINFO[39m (4064): [36mrequest completed[39m
    [35mreq[39m: {
      "id": 90,
      "method": "GET",
      "url": "/api/map-layers",
      "query": {},
      "params": {
        "path": [
          "map-layers"
        ]
      },
      "headers": {
        "host": "localhost:4000",
        "connection": "keep-alive",
        "authorization": "Bearer eyJhbGciOiJIUzI1NiIsInR5cCI6IkpXVCJ9.eyJzdWIiOiJ1c2VyLWFkbWluIiwiZW1haWwiOiJhZG1pbkBndW5nbmlyLmxvY2FsIiwicm9sZXMiOlsiYWRtaW4iLCJhZG1pbiJdLCJpYXQiOjE3NzkxMzI1NjgsImV4cCI6MTc3OTEzMzQ2OH0.Um6LVIj16_G9zxqgxoiHuNSIzjzjduXhCoTAHsQ9w9o",
        "accept": "*/*",
        "accept-language": "*",
        "sec-fetch-mode": "cors",
        "user-agent": "node",
        "pragma": "no-cache",
        "cache-control": "no-cache",
        "accept-encoding": "gzip, deflate"
      },
      "remoteAddress": "127.0.0.1",
      "remotePort": 56629
    }
    [35mres[39m: {
      "statusCode": 200,
      "headers": {
        "content-security-policy": "default-src 'self';base-uri 'self';font-src 'self' https: data:;form-action 'self';frame-ancestors 'self';img-src 'self' data:;object-src 'none';script-src 'self';script-src-attr 'none';style-src 'self' https: 'unsafe-inline';upgrade-insecure-requests",
        "cross-origin-opener-policy": "same-origin",
        "cross-origin-resource-policy": "same-origin",
        "origin-agent-cluster": "?1",
        "referrer-policy": "no-referrer",
        "strict-transport-security": "max-age=31536000; includeSubDomains",
        "x-content-type-options": "nosniff",
        "x-dns-prefetch-control": "off",
        "x-download-options": "noopen",
        "x-frame-options": "SAMEORIGIN",
        "x-permitted-cross-domain-policies": "none",
        "x-xss-protection": "0",
        "vary": "Origin",
        "access-control-allow-credentials": "true",
        "x-ratelimit-limit": "120",
        "x-ratelimit-remaining": "115",
        "x-ratelimit-reset": "41",
        "x-correlation-id": "b5fe1168-e05f-4156-ada6-65caad276d4f",
        "content-type": "application/json; charset=utf-8",
        "content-length": "2206",
        "etag": "W/\"89e-nm4/RTFy2F+69MjI+xqwAwWUsXo\""
      }
    }
    [35mresponseTime[39m: 3
[15:29:48.589] [32mINFO[39m (4064): [36mrequest completed[39m
    [35mreq[39m: {
      "id": 91,
      "method": "GET",
      "url": "/api/map-layers/layer-fire-intel/geojson",
      "query": {},
      "params": {
        "path": [
          "map-layers",
          "layer-fire-intel",
          "geojson"
        ]
      },
      "headers": {
        "host": "localhost:4000",
        "connection": "keep-alive",
        "authorization": "Bearer eyJhbGciOiJIUzI1NiIsInR5cCI6IkpXVCJ9.eyJzdWIiOiJ1c2VyLWFkbWluIiwiZW1haWwiOiJhZG1pbkBndW5nbmlyLmxvY2FsIiwicm9sZXMiOlsiYWRtaW4iLCJhZG1pbiJdLCJpYXQiOjE3NzkxMzI1NjgsImV4cCI6MTc3OTEzMzQ2OH0.Um6LVIj16_G9zxqgxoiHuNSIzjzjduXhCoTAHsQ9w9o",
        "accept": "*/*",
        "accept-language": "*",
        "sec-fetch-mode": "cors",
        "user-agent": "node",
        "pragma": "no-cache",
        "cache-control": "no-cache",
        "accept-encoding": "gzip, deflate"
      },
      "remoteAddress": "127.0.0.1",
      "remotePort": 56629
    }
    [35mres[39m: {
      "statusCode": 200,
      "headers": {
        "content-security-policy": "default-src 'self';base-uri 'self';font-src 'self' https: data:;form-action 'self';frame-ancestors 'self';img-src 'self' data:;object-src 'none';script-src 'self';script-src-attr 'none';style-src 'self' https: 'unsafe-inline';upgrade-insecure-requests",
        "cross-origin-opener-policy": "same-origin",
        "cross-origin-resource-policy": "same-origin",
        "origin-agent-cluster": "?1",
        "referrer-policy": "no-referrer",
        "strict-transport-security": "max-age=31536000; includeSubDomains",
        "x-content-type-options": "nosniff",
        "x-dns-prefetch-control": "off",
        "x-download-options": "noopen",
        "x-frame-options": "SAMEORIGIN",
        "x-permitted-cross-domain-policies": "none",
        "x-xss-protection": "0",
        "vary": "Origin",
        "access-control-allow-credentials": "true",
        "x-ratelimit-limit": "120",
        "x-ratelimit-remaining": "115",
        "x-ratelimit-reset": "42",
        "x-correlation-id": "94ac3339-6b51-4fb4-a2c4-b0d016381a3a",
        "content-type": "application/json; charset=utf-8",
        "content-length": "42",
        "etag": "W/\"2a-YF4qkQu1OiQfcNelFeHSJ4hLkOE\""
      }
    }
    [35mresponseTime[39m: 4
[15:29:48.589] [32mINFO[39m (4064): [36mrequest completed[39m
    [35mreq[39m: {
      "id": 92,
      "method": "GET",
      "url": "/api/map-layers/layer-air-traffic/geojson",
      "query": {},
      "params": {
        "path": [
          "map-layers",
          "layer-air-traffic",
          "geojson"
        ]
      },
      "headers": {
        "host": "localhost:4000",
        "connection": "keep-alive",
        "authorization": "Bearer eyJhbGciOiJIUzI1NiIsInR5cCI6IkpXVCJ9.eyJzdWIiOiJ1c2VyLWFkbWluIiwiZW1haWwiOiJhZG1pbkBndW5nbmlyLmxvY2FsIiwicm9sZXMiOlsiYWRtaW4iLCJhZG1pbiJdLCJpYXQiOjE3NzkxMzI1NjgsImV4cCI6MTc3OTEzMzQ2OH0.Um6LVIj16_G9zxqgxoiHuNSIzjzjduXhCoTAHsQ9w9o",
        "accept": "*/*",
        "accept-language": "*",
        "sec-fetch-mode": "cors",
        "user-agent": "node",
        "pragma": "no-cache",
        "cache-control": "no-cache",
        "accept-encoding": "gzip, deflate"
      },
      "remoteAddress": "127.0.0.1",
      "remotePort": 56631
    }
    [35mres[39m: {
      "statusCode": 200,
      "headers": {
        "content-security-policy": "default-src 'self';base-uri 'self';font-src 'self' https: data:;form-action 'self';frame-ancestors 'self';img-src 'self' data:;object-src 'none';script-src 'self';script-src-attr 'none';style-src 'self' https: 'unsafe-inline';upgrade-insecure-requests",
        "cross-origin-opener-policy": "same-origin",
        "cross-origin-resource-policy": "same-origin",
        "origin-agent-cluster": "?1",
        "referrer-policy": "no-referrer",
        "strict-transport-security": "max-age=31536000; includeSubDomains",
        "x-content-type-options": "nosniff",
        "x-dns-prefetch-control": "off",
        "x-download-options": "noopen",
        "x-frame-options": "SAMEORIGIN",
        "x-permitted-cross-domain-policies": "none",
        "x-xss-protection": "0",
        "vary": "Origin",
        "access-control-allow-credentials": "true",
        "x-ratelimit-limit": "120",
        "x-ratelimit-remaining": "114",
        "x-ratelimit-reset": "42",
        "x-correlation-id": "e9977921-96c3-41d4-9ce8-414f2bbe64c9",
        "content-type": "application/json; charset=utf-8",
        "content-length": "42",
        "etag": "W/\"2a-YF4qkQu1OiQfcNelFeHSJ4hLkOE\""
      }
    }
    [35mresponseTime[39m: 3
[15:30:15.125] [32mINFO[39m (4064): [36mrequest completed[39m
    [35mreq[39m: {
      "id": 93,
      "method": "GET",
      "url": "/api/auth/me",
      "query": {},
      "params": {
        "path": [
          "auth",
          "me"
        ]
      },
      "headers": {
        "host": "localhost:4000",
        "connection": "keep-alive",
        "authorization": "Bearer eyJhbGciOiJIUzI1NiIsInR5cCI6IkpXVCJ9.eyJzdWIiOiJ1c2VyLWFkbWluIiwiZW1haWwiOiJhZG1pbkBndW5nbmlyLmxvY2FsIiwicm9sZXMiOlsiYWRtaW4iLCJhZG1pbiJdLCJpYXQiOjE3NzkxMzI1NjgsImV4cCI6MTc3OTEzMzQ2OH0.Um6LVIj16_G9zxqgxoiHuNSIzjzjduXhCoTAHsQ9w9o",
        "accept": "*/*",
        "accept-language": "*",
        "sec-fetch-mode": "cors",
        "user-agent": "node",
        "pragma": "no-cache",
        "cache-control": "no-cache",
        "accept-encoding": "gzip, deflate"
      },
      "remoteAddress": "127.0.0.1",
      "remotePort": 55586
    }
    [35mres[39m: {
      "statusCode": 200,
      "headers": {
        "content-security-policy": "default-src 'self';base-uri 'self';font-src 'self' https: data:;form-action 'self';frame-ancestors 'self';img-src 'self' data:;object-src 'none';script-src 'self';script-src-attr 'none';style-src 'self' https: 'unsafe-inline';upgrade-insecure-requests",
        "cross-origin-opener-policy": "same-origin",
        "cross-origin-resource-policy": "same-origin",
        "origin-agent-cluster": "?1",
        "referrer-policy": "no-referrer",
        "strict-transport-security": "max-age=31536000; includeSubDomains",
        "x-content-type-options": "nosniff",
        "x-dns-prefetch-control": "off",
        "x-download-options": "noopen",
        "x-frame-options": "SAMEORIGIN",
        "x-permitted-cross-domain-policies": "none",
        "x-xss-protection": "0",
        "vary": "Origin",
        "access-control-allow-credentials": "true",
        "x-ratelimit-limit": "120",
        "x-ratelimit-remaining": "106",
        "x-ratelimit-reset": "32",
        "x-correlation-id": "c34c71aa-f529-44d4-9246-643421a12f28",
        "content-type": "application/json; charset=utf-8",
        "content-length": "124",
        "etag": "W/\"7c-QtJzlFTARSsNLVrG/rl/H1cK0Bk\""
      }
    }
    [35mresponseTime[39m: 7
[15:30:15.151] [32mINFO[39m (4064): [36mrequest completed[39m
    [35mreq[39m: {
      "id": 94,
      "method": "GET",
      "url": "/api/v1/operations/bootstrap",
      "query": {},
      "params": {
        "path": [
          "v1",
          "operations",
          "bootstrap"
        ]
      },
      "headers": {
        "host": "localhost:4000",
        "connection": "keep-alive",
        "authorization": "Bearer eyJhbGciOiJIUzI1NiIsInR5cCI6IkpXVCJ9.eyJzdWIiOiJ1c2VyLWFkbWluIiwiZW1haWwiOiJhZG1pbkBndW5nbmlyLmxvY2FsIiwicm9sZXMiOlsiYWRtaW4iLCJhZG1pbiJdLCJpYXQiOjE3NzkxMzI1NjgsImV4cCI6MTc3OTEzMzQ2OH0.Um6LVIj16_G9zxqgxoiHuNSIzjzjduXhCoTAHsQ9w9o",
        "accept": "*/*",
        "accept-language": "*",
        "sec-fetch-mode": "cors",
        "user-agent": "node",
        "pragma": "no-cache",
        "cache-control": "no-cache",
        "accept-encoding": "gzip, deflate"
      },
      "remoteAddress": "127.0.0.1",
      "remotePort": 55588
    }
    [35mres[39m: {
      "statusCode": 200,
      "headers": {
        "content-security-policy": "default-src 'self';base-uri 'self';font-src 'self' https: data:;form-action 'self';frame-ancestors 'self';img-src 'self' data:;object-src 'none';script-src 'self';script-src-attr 'none';style-src 'self' https: 'unsafe-inline';upgrade-insecure-requests",
        "cross-origin-opener-policy": "same-origin",
        "cross-origin-resource-policy": "same-origin",
        "origin-agent-cluster": "?1",
        "referrer-policy": "no-referrer",
        "strict-transport-security": "max-age=31536000; includeSubDomains",
        "x-content-type-options": "nosniff",
        "x-dns-prefetch-control": "off",
        "x-download-options": "noopen",
        "x-frame-options": "SAMEORIGIN",
        "x-permitted-cross-domain-policies": "none",
        "x-xss-protection": "0",
        "vary": "Origin",
        "access-control-allow-credentials": "true",
        "x-ratelimit-limit": "120",
        "x-ratelimit-remaining": "115",
        "x-ratelimit-reset": "14",
        "x-correlation-id": "4bb25808-4c51-4749-bcb6-2e6f0a37575d",
        "content-type": "application/json; charset=utf-8",
        "content-length": "3457",
        "etag": "W/\"d81-G8EYk1Z/jSJ/uqc6FwsSfO4tvko\""
      }
    }
    [35mresponseTime[39m: 10
[15:30:15.367] [32mINFO[39m (4064): [36mrequest completed[39m
    [35mreq[39m: {
      "id": 95,
      "method": "GET",
      "url": "/api/auth/me",
      "query": {},
      "params": {
        "path": [
          "auth",
          "me"
        ]
      },
      "headers": {
        "host": "localhost:4000",
        "connection": "keep-alive",
        "authorization": "Bearer eyJhbGciOiJIUzI1NiIsInR5cCI6IkpXVCJ9.eyJzdWIiOiJ1c2VyLWFkbWluIiwiZW1haWwiOiJhZG1pbkBndW5nbmlyLmxvY2FsIiwicm9sZXMiOlsiYWRtaW4iLCJhZG1pbiJdLCJpYXQiOjE3NzkxMzI1NjgsImV4cCI6MTc3OTEzMzQ2OH0.Um6LVIj16_G9zxqgxoiHuNSIzjzjduXhCoTAHsQ9w9o",
        "accept": "*/*",
        "accept-language": "*",
        "sec-fetch-mode": "cors",
        "user-agent": "node",
        "pragma": "no-cache",
        "cache-control": "no-cache",
        "accept-encoding": "gzip, deflate"
      },
      "remoteAddress": "127.0.0.1",
      "remotePort": 55586
    }
    [35mres[39m: {
      "statusCode": 200,
      "headers": {
        "content-security-policy": "default-src 'self';base-uri 'self';font-src 'self' https: data:;form-action 'self';frame-ancestors 'self';img-src 'self' data:;object-src 'none';script-src 'self';script-src-attr 'none';style-src 'self' https: 'unsafe-inline';upgrade-insecure-requests",
        "cross-origin-opener-policy": "same-origin",
        "cross-origin-resource-policy": "same-origin",
        "origin-agent-cluster": "?1",
        "referrer-policy": "no-referrer",
        "strict-transport-security": "max-age=31536000; includeSubDomains",
        "x-content-type-options": "nosniff",
        "x-dns-prefetch-control": "off",
        "x-download-options": "noopen",
        "x-frame-options": "SAMEORIGIN",
        "x-permitted-cross-domain-policies": "none",
        "x-xss-protection": "0",
        "vary": "Origin",
        "access-control-allow-credentials": "true",
        "x-ratelimit-limit": "120",
        "x-ratelimit-remaining": "105",
        "x-ratelimit-reset": "32",
        "x-correlation-id": "189362b1-acd3-4f2d-974a-c5eadae2a58b",
        "content-type": "application/json; charset=utf-8",
        "content-length": "124",
        "etag": "W/\"7c-QtJzlFTARSsNLVrG/rl/H1cK0Bk\""
      }
    }
    [35mresponseTime[39m: 5
[15:30:15.417] [32mINFO[39m (4064): [36mrequest completed[39m
    [35mreq[39m: {
      "id": 96,
      "method": "GET",
      "url": "/api/tracks/current",
      "query": {},
      "params": {
        "path": [
          "tracks",
          "current"
        ]
      },
      "headers": {
        "host": "localhost:4000",
        "connection": "keep-alive",
        "authorization": "Bearer eyJhbGciOiJIUzI1NiIsInR5cCI6IkpXVCJ9.eyJzdWIiOiJ1c2VyLWFkbWluIiwiZW1haWwiOiJhZG1pbkBndW5nbmlyLmxvY2FsIiwicm9sZXMiOlsiYWRtaW4iLCJhZG1pbiJdLCJpYXQiOjE3NzkxMzI1NjgsImV4cCI6MTc3OTEzMzQ2OH0.Um6LVIj16_G9zxqgxoiHuNSIzjzjduXhCoTAHsQ9w9o",
        "accept": "*/*",
        "accept-language": "*",
        "sec-fetch-mode": "cors",
        "user-agent": "node",
        "pragma": "no-cache",
        "cache-control": "no-cache",
        "accept-encoding": "gzip, deflate"
      },
      "remoteAddress": "127.0.0.1",
      "remotePort": 55586
    }
    [35mres[39m: {
      "statusCode": 200,
      "headers": {
        "content-security-policy": "default-src 'self';base-uri 'self';font-src 'self' https: data:;form-action 'self';frame-ancestors 'self';img-src 'self' data:;object-src 'none';script-src 'self';script-src-attr 'none';style-src 'self' https: 'unsafe-inline';upgrade-insecure-requests",
        "cross-origin-opener-policy": "same-origin",
        "cross-origin-resource-policy": "same-origin",
        "origin-agent-cluster": "?1",
        "referrer-policy": "no-referrer",
        "strict-transport-security": "max-age=31536000; includeSubDomains",
        "x-content-type-options": "nosniff",
        "x-dns-prefetch-control": "off",
        "x-download-options": "noopen",
        "x-frame-options": "SAMEORIGIN",
        "x-permitted-cross-domain-policies": "none",
        "x-xss-protection": "0",
        "vary": "Origin",
        "access-control-allow-credentials": "true",
        "x-ratelimit-limit": "120",
        "x-ratelimit-remaining": "114",
        "x-ratelimit-reset": "14",
        "x-correlation-id": "ad230fbd-2dfd-43a2-98b7-fd9df4a8a900",
        "content-type": "application/json; charset=utf-8",
        "content-length": "2",
        "etag": "W/\"2-l9Fw4VUO7kr8CvBlt4zaMCqXZ0w\""
      }
    }
    [35mresponseTime[39m: 2
[15:30:15.455] [32mINFO[39m (4064): [36mrequest completed[39m
    [35mreq[39m: {
      "id": 97,
      "method": "GET",
      "url": "/api/devices",
      "query": {},
      "params": {
        "path": [
          "devices"
        ]
      },
      "headers": {
        "host": "localhost:4000",
        "connection": "keep-alive",
        "authorization": "Bearer eyJhbGciOiJIUzI1NiIsInR5cCI6IkpXVCJ9.eyJzdWIiOiJ1c2VyLWFkbWluIiwiZW1haWwiOiJhZG1pbkBndW5nbmlyLmxvY2FsIiwicm9sZXMiOlsiYWRtaW4iLCJhZG1pbiJdLCJpYXQiOjE3NzkxMzI1NjgsImV4cCI6MTc3OTEzMzQ2OH0.Um6LVIj16_G9zxqgxoiHuNSIzjzjduXhCoTAHsQ9w9o",
        "accept": "*/*",
        "accept-language": "*",
        "sec-fetch-mode": "cors",
        "user-agent": "node",
        "pragma": "no-cache",
        "cache-control": "no-cache",
        "accept-encoding": "gzip, deflate"
      },
      "remoteAddress": "127.0.0.1",
      "remotePort": 55588
    }
    [35mres[39m: {
      "statusCode": 200,
      "headers": {
        "content-security-policy": "default-src 'self';base-uri 'self';font-src 'self' https: data:;form-action 'self';frame-ancestors 'self';img-src 'self' data:;object-src 'none';script-src 'self';script-src-attr 'none';style-src 'self' https: 'unsafe-inline';upgrade-insecure-requests",
        "cross-origin-opener-policy": "same-origin",
        "cross-origin-resource-policy": "same-origin",
        "origin-agent-cluster": "?1",
        "referrer-policy": "no-referrer",
        "strict-transport-security": "max-age=31536000; includeSubDomains",
        "x-content-type-options": "nosniff",
        "x-dns-prefetch-control": "off",
        "x-download-options": "noopen",
        "x-frame-options": "SAMEORIGIN",
        "x-permitted-cross-domain-policies": "none",
        "x-xss-protection": "0",
        "vary": "Origin",
        "access-control-allow-credentials": "true",
        "x-ratelimit-limit": "120",
        "x-ratelimit-remaining": "114",
        "x-ratelimit-reset": "14",
        "x-correlation-id": "0d367890-3d38-4abb-9b3d-9f9ff023c447",
        "content-type": "application/json; charset=utf-8",
        "content-length": "391",
        "etag": "W/\"187-wFixndeDMExMbypLdc/dp5I7KtI\""
      }
    }
    [35mresponseTime[39m: 2
[15:30:15.465] [32mINFO[39m (4064): [36mrequest completed[39m
    [35mreq[39m: {
      "id": 100,
      "method": "GET",
      "url": "/api/telemetry",
      "query": {},
      "params": {
        "path": [
          "telemetry"
        ]
      },
      "headers": {
        "host": "localhost:4000",
        "connection": "keep-alive",
        "authorization": "Bearer eyJhbGciOiJIUzI1NiIsInR5cCI6IkpXVCJ9.eyJzdWIiOiJ1c2VyLWFkbWluIiwiZW1haWwiOiJhZG1pbkBndW5nbmlyLmxvY2FsIiwicm9sZXMiOlsiYWRtaW4iLCJhZG1pbiJdLCJpYXQiOjE3NzkxMzI1NjgsImV4cCI6MTc3OTEzMzQ2OH0.Um6LVIj16_G9zxqgxoiHuNSIzjzjduXhCoTAHsQ9w9o",
        "accept": "*/*",
        "accept-language": "*",
        "sec-fetch-mode": "cors",
        "user-agent": "node",
        "pragma": "no-cache",
        "cache-control": "no-cache",
        "accept-encoding": "gzip, deflate"
      },
      "remoteAddress": "127.0.0.1",
      "remotePort": 53120
    }
    [35mres[39m: {
      "statusCode": 200,
      "headers": {
        "content-security-policy": "default-src 'self';base-uri 'self';font-src 'self' https: data:;form-action 'self';frame-ancestors 'self';img-src 'self' data:;object-src 'none';script-src 'self';script-src-attr 'none';style-src 'self' https: 'unsafe-inline';upgrade-insecure-requests",
        "cross-origin-opener-policy": "same-origin",
        "cross-origin-resource-policy": "same-origin",
        "origin-agent-cluster": "?1",
        "referrer-policy": "no-referrer",
        "strict-transport-security": "max-age=31536000; includeSubDomains",
        "x-content-type-options": "nosniff",
        "x-dns-prefetch-control": "off",
        "x-download-options": "noopen",
        "x-frame-options": "SAMEORIGIN",
        "x-permitted-cross-domain-policies": "none",
        "x-xss-protection": "0",
        "vary": "Origin",
        "access-control-allow-credentials": "true",
        "x-ratelimit-limit": "120",
        "x-ratelimit-remaining": "114",
        "x-ratelimit-reset": "14",
        "x-correlation-id": "1a13d302-0769-4fe3-9ab5-42513c00985a",
        "content-type": "application/json; charset=utf-8",
        "content-length": "426",
        "etag": "W/\"1aa-bjbCYD4WhTpb5Q/I7yK/VOE8NPE\""
      }
    }
    [35mresponseTime[39m: 2
[15:30:15.466] [32mINFO[39m (4064): [36mrequest completed[39m
    [35mreq[39m: {
      "id": 99,
      "method": "GET",
      "url": "/api/tracks/history",
      "query": {},
      "params": {
        "path": [
          "tracks",
          "history"
        ]
      },
      "headers": {
        "host": "localhost:4000",
        "connection": "keep-alive",
        "authorization": "Bearer eyJhbGciOiJIUzI1NiIsInR5cCI6IkpXVCJ9.eyJzdWIiOiJ1c2VyLWFkbWluIiwiZW1haWwiOiJhZG1pbkBndW5nbmlyLmxvY2FsIiwicm9sZXMiOlsiYWRtaW4iLCJhZG1pbiJdLCJpYXQiOjE3NzkxMzI1NjgsImV4cCI6MTc3OTEzMzQ2OH0.Um6LVIj16_G9zxqgxoiHuNSIzjzjduXhCoTAHsQ9w9o",
        "accept": "*/*",
        "accept-language": "*",
        "sec-fetch-mode": "cors",
        "user-agent": "node",
        "pragma": "no-cache",
        "cache-control": "no-cache",
        "accept-encoding": "gzip, deflate"
      },
      "remoteAddress": "127.0.0.1",
      "remotePort": 53119
    }
    [35mres[39m: {
      "statusCode": 200,
      "headers": {
        "content-security-policy": "default-src 'self';base-uri 'self';font-src 'self' https: data:;form-action 'self';frame-ancestors 'self';img-src 'self' data:;object-src 'none';script-src 'self';script-src-attr 'none';style-src 'self' https: 'unsafe-inline';upgrade-insecure-requests",
        "cross-origin-opener-policy": "same-origin",
        "cross-origin-resource-policy": "same-origin",
        "origin-agent-cluster": "?1",
        "referrer-policy": "no-referrer",
        "strict-transport-security": "max-age=31536000; includeSubDomains",
        "x-content-type-options": "nosniff",
        "x-dns-prefetch-control": "off",
        "x-download-options": "noopen",
        "x-frame-options": "SAMEORIGIN",
        "x-permitted-cross-domain-policies": "none",
        "x-xss-protection": "0",
        "vary": "Origin",
        "access-control-allow-credentials": "true",
        "x-ratelimit-limit": "120",
        "x-ratelimit-remaining": "114",
        "x-ratelimit-reset": "14",
        "x-correlation-id": "5645e9f5-d7ac-4b24-a49c-c4f5b2d6c662",
        "content-type": "application/json; charset=utf-8",
        "content-length": "2",
        "etag": "W/\"2-l9Fw4VUO7kr8CvBlt4zaMCqXZ0w\""
      }
    }
    [35mresponseTime[39m: 4
[15:30:15.471] [32mINFO[39m (4064): [36mrequest completed[39m
    [35mreq[39m: {
      "id": 98,
      "method": "GET",
      "url": "/api/v1/operations/snapshot",
      "query": {},
      "params": {
        "path": [
          "v1",
          "operations",
          "snapshot"
        ]
      },
      "headers": {
        "host": "localhost:4000",
        "connection": "keep-alive",
        "authorization": "Bearer eyJhbGciOiJIUzI1NiIsInR5cCI6IkpXVCJ9.eyJzdWIiOiJ1c2VyLWFkbWluIiwiZW1haWwiOiJhZG1pbkBndW5nbmlyLmxvY2FsIiwicm9sZXMiOlsiYWRtaW4iLCJhZG1pbiJdLCJpYXQiOjE3NzkxMzI1NjgsImV4cCI6MTc3OTEzMzQ2OH0.Um6LVIj16_G9zxqgxoiHuNSIzjzjduXhCoTAHsQ9w9o",
        "accept": "*/*",
        "accept-language": "*",
        "sec-fetch-mode": "cors",
        "user-agent": "node",
        "pragma": "no-cache",
        "cache-control": "no-cache",
        "accept-encoding": "gzip, deflate"
      },
      "remoteAddress": "127.0.0.1",
      "remotePort": 52918
    }
    [35mres[39m: {
      "statusCode": 200,
      "headers": {
        "content-security-policy": "default-src 'self';base-uri 'self';font-src 'self' https: data:;form-action 'self';frame-ancestors 'self';img-src 'self' data:;object-src 'none';script-src 'self';script-src-attr 'none';style-src 'self' https: 'unsafe-inline';upgrade-insecure-requests",
        "cross-origin-opener-policy": "same-origin",
        "cross-origin-resource-policy": "same-origin",
        "origin-agent-cluster": "?1",
        "referrer-policy": "no-referrer",
        "strict-transport-security": "max-age=31536000; includeSubDomains",
        "x-content-type-options": "nosniff",
        "x-dns-prefetch-control": "off",
        "x-download-options": "noopen",
        "x-frame-options": "SAMEORIGIN",
        "x-permitted-cross-domain-policies": "none",
        "x-xss-protection": "0",
        "vary": "Origin",
        "access-control-allow-credentials": "true",
        "x-ratelimit-limit": "120",
        "x-ratelimit-remaining": "113",
        "x-ratelimit-reset": "14",
        "x-correlation-id": "9e191645-abe7-4136-9536-70755166a671",
        "content-type": "application/json; charset=utf-8",
        "content-length": "3176",
        "etag": "W/\"c68-oeam6s8iO1R/Xqj1cPEE8d2GZB8\""
      }
    }
    [35mresponseTime[39m: 10
[15:30:15.494] [32mINFO[39m (4064): [36mrequest completed[39m
    [35mreq[39m: {
      "id": 101,
      "method": "GET",
      "url": "/api/commands",
      "query": {},
      "params": {
        "path": [
          "commands"
        ]
      },
      "headers": {
        "host": "localhost:4000",
        "connection": "keep-alive",
        "authorization": "Bearer eyJhbGciOiJIUzI1NiIsInR5cCI6IkpXVCJ9.eyJzdWIiOiJ1c2VyLWFkbWluIiwiZW1haWwiOiJhZG1pbkBndW5nbmlyLmxvY2FsIiwicm9sZXMiOlsiYWRtaW4iLCJhZG1pbiJdLCJpYXQiOjE3NzkxMzI1NjgsImV4cCI6MTc3OTEzMzQ2OH0.Um6LVIj16_G9zxqgxoiHuNSIzjzjduXhCoTAHsQ9w9o",
        "accept": "*/*",
        "accept-language": "*",
        "sec-fetch-mode": "cors",
        "user-agent": "node",
        "pragma": "no-cache",
        "cache-control": "no-cache",
        "accept-encoding": "gzip, deflate"
      },
      "remoteAddress": "127.0.0.1",
      "remotePort": 55586
    }
    [35mres[39m: {
      "statusCode": 200,
      "headers": {
        "content-security-policy": "default-src 'self';base-uri 'self';font-src 'self' https: data:;form-action 'self';frame-ancestors 'self';img-src 'self' data:;object-src 'none';script-src 'self';script-src-attr 'none';style-src 'self' https: 'unsafe-inline';upgrade-insecure-requests",
        "cross-origin-opener-policy": "same-origin",
        "cross-origin-resource-policy": "same-origin",
        "origin-agent-cluster": "?1",
        "referrer-policy": "no-referrer",
        "strict-transport-security": "max-age=31536000; includeSubDomains",
        "x-content-type-options": "nosniff",
        "x-dns-prefetch-control": "off",
        "x-download-options": "noopen",
        "x-frame-options": "SAMEORIGIN",
        "x-permitted-cross-domain-policies": "none",
        "x-xss-protection": "0",
        "vary": "Origin",
        "access-control-allow-credentials": "true",
        "x-ratelimit-limit": "120",
        "x-ratelimit-remaining": "114",
        "x-ratelimit-reset": "14",
        "x-correlation-id": "8f01aa70-1d81-4552-9994-8a0d31e24d15",
        "content-type": "application/json; charset=utf-8",
        "content-length": "2",
        "etag": "W/\"2-l9Fw4VUO7kr8CvBlt4zaMCqXZ0w\""
      }
    }
    [35mresponseTime[39m: 2
[15:30:15.518] [32mINFO[39m (4064): [36mrequest completed[39m
    [35mreq[39m: {
      "id": 102,
      "method": "GET",
      "url": "/api/missions",
      "query": {},
      "params": {
        "path": [
          "missions"
        ]
      },
      "headers": {
        "host": "localhost:4000",
        "connection": "keep-alive",
        "authorization": "Bearer eyJhbGciOiJIUzI1NiIsInR5cCI6IkpXVCJ9.eyJzdWIiOiJ1c2VyLWFkbWluIiwiZW1haWwiOiJhZG1pbkBndW5nbmlyLmxvY2FsIiwicm9sZXMiOlsiYWRtaW4iLCJhZG1pbiJdLCJpYXQiOjE3NzkxMzI1NjgsImV4cCI6MTc3OTEzMzQ2OH0.Um6LVIj16_G9zxqgxoiHuNSIzjzjduXhCoTAHsQ9w9o",
        "accept": "*/*",
        "accept-language": "*",
        "sec-fetch-mode": "cors",
        "user-agent": "node",
        "pragma": "no-cache",
        "cache-control": "no-cache",
        "accept-encoding": "gzip, deflate"
      },
      "remoteAddress": "127.0.0.1",
      "remotePort": 55586
    }
    [35mres[39m: {
      "statusCode": 200,
      "headers": {
        "content-security-policy": "default-src 'self';base-uri 'self';font-src 'self' https: data:;form-action 'self';frame-ancestors 'self';img-src 'self' data:;object-src 'none';script-src 'self';script-src-attr 'none';style-src 'self' https: 'unsafe-inline';upgrade-insecure-requests",
        "cross-origin-opener-policy": "same-origin",
        "cross-origin-resource-policy": "same-origin",
        "origin-agent-cluster": "?1",
        "referrer-policy": "no-referrer",
        "strict-transport-security": "max-age=31536000; includeSubDomains",
        "x-content-type-options": "nosniff",
        "x-dns-prefetch-control": "off",
        "x-download-options": "noopen",
        "x-frame-options": "SAMEORIGIN",
        "x-permitted-cross-domain-policies": "none",
        "x-xss-protection": "0",
        "vary": "Origin",
        "access-control-allow-credentials": "true",
        "x-ratelimit-limit": "120",
        "x-ratelimit-remaining": "114",
        "x-ratelimit-reset": "14",
        "x-correlation-id": "a60609e4-53f6-4cff-9a8b-69634fd35ddc",
        "content-type": "application/json; charset=utf-8",
        "content-length": "2",
        "etag": "W/\"2-l9Fw4VUO7kr8CvBlt4zaMCqXZ0w\""
      }
    }
    [35mresponseTime[39m: 3
[15:30:15.539] [32mINFO[39m (4064): [36mrequest completed[39m
    [35mreq[39m: {
      "id": 103,
      "method": "GET",
      "url": "/api/geofences",
      "query": {},
      "params": {
        "path": [
          "geofences"
        ]
      },
      "headers": {
        "host": "localhost:4000",
        "connection": "keep-alive",
        "authorization": "Bearer eyJhbGciOiJIUzI1NiIsInR5cCI6IkpXVCJ9.eyJzdWIiOiJ1c2VyLWFkbWluIiwiZW1haWwiOiJhZG1pbkBndW5nbmlyLmxvY2FsIiwicm9sZXMiOlsiYWRtaW4iLCJhZG1pbiJdLCJpYXQiOjE3NzkxMzI1NjgsImV4cCI6MTc3OTEzMzQ2OH0.Um6LVIj16_G9zxqgxoiHuNSIzjzjduXhCoTAHsQ9w9o",
        "accept": "*/*",
        "accept-language": "*",
        "sec-fetch-mode": "cors",
        "user-agent": "node",
        "pragma": "no-cache",
        "cache-control": "no-cache",
        "accept-encoding": "gzip, deflate"
      },
      "remoteAddress": "127.0.0.1",
      "remotePort": 55586
    }
    [35mres[39m: {
      "statusCode": 200,
      "headers": {
        "content-security-policy": "default-src 'self';base-uri 'self';font-src 'self' https: data:;form-action 'self';frame-ancestors 'self';img-src 'self' data:;object-src 'none';script-src 'self';script-src-attr 'none';style-src 'self' https: 'unsafe-inline';upgrade-insecure-requests",
        "cross-origin-opener-policy": "same-origin",
        "cross-origin-resource-policy": "same-origin",
        "origin-agent-cluster": "?1",
        "referrer-policy": "no-referrer",
        "strict-transport-security": "max-age=31536000; includeSubDomains",
        "x-content-type-options": "nosniff",
        "x-dns-prefetch-control": "off",
        "x-download-options": "noopen",
        "x-frame-options": "SAMEORIGIN",
        "x-permitted-cross-domain-policies": "none",
        "x-xss-protection": "0",
        "vary": "Origin",
        "access-control-allow-credentials": "true",
        "x-ratelimit-limit": "120",
        "x-ratelimit-remaining": "114",
        "x-ratelimit-reset": "14",
        "x-correlation-id": "e4e35feb-4ddb-4b00-891a-a0a71bcce401",
        "content-type": "application/json; charset=utf-8",
        "content-length": "2",
        "etag": "W/\"2-l9Fw4VUO7kr8CvBlt4zaMCqXZ0w\""
      }
    }
    [35mresponseTime[39m: 2
[15:30:15.559] [32mINFO[39m (4064): [36mrequest completed[39m
    [35mreq[39m: {
      "id": 104,
      "method": "GET",
      "url": "/api/map-layers",
      "query": {},
      "params": {
        "path": [
          "map-layers"
        ]
      },
      "headers": {
        "host": "localhost:4000",
        "connection": "keep-alive",
        "authorization": "Bearer eyJhbGciOiJIUzI1NiIsInR5cCI6IkpXVCJ9.eyJzdWIiOiJ1c2VyLWFkbWluIiwiZW1haWwiOiJhZG1pbkBndW5nbmlyLmxvY2FsIiwicm9sZXMiOlsiYWRtaW4iLCJhZG1pbiJdLCJpYXQiOjE3NzkxMzI1NjgsImV4cCI6MTc3OTEzMzQ2OH0.Um6LVIj16_G9zxqgxoiHuNSIzjzjduXhCoTAHsQ9w9o",
        "accept": "*/*",
        "accept-language": "*",
        "sec-fetch-mode": "cors",
        "user-agent": "node",
        "pragma": "no-cache",
        "cache-control": "no-cache",
        "accept-encoding": "gzip, deflate"
      },
      "remoteAddress": "127.0.0.1",
      "remotePort": 55586
    }
    [35mres[39m: {
      "statusCode": 200,
      "headers": {
        "content-security-policy": "default-src 'self';base-uri 'self';font-src 'self' https: data:;form-action 'self';frame-ancestors 'self';img-src 'self' data:;object-src 'none';script-src 'self';script-src-attr 'none';style-src 'self' https: 'unsafe-inline';upgrade-insecure-requests",
        "cross-origin-opener-policy": "same-origin",
        "cross-origin-resource-policy": "same-origin",
        "origin-agent-cluster": "?1",
        "referrer-policy": "no-referrer",
        "strict-transport-security": "max-age=31536000; includeSubDomains",
        "x-content-type-options": "nosniff",
        "x-dns-prefetch-control": "off",
        "x-download-options": "noopen",
        "x-frame-options": "SAMEORIGIN",
        "x-permitted-cross-domain-policies": "none",
        "x-xss-protection": "0",
        "vary": "Origin",
        "access-control-allow-credentials": "true",
        "x-ratelimit-limit": "120",
        "x-ratelimit-remaining": "114",
        "x-ratelimit-reset": "14",
        "x-correlation-id": "27409003-6cfd-48dc-9139-58b886311d92",
        "content-type": "application/json; charset=utf-8",
        "content-length": "2206",
        "etag": "W/\"89e-nm4/RTFy2F+69MjI+xqwAwWUsXo\""
      }
    }
    [35mresponseTime[39m: 3
[15:30:15.604] [32mINFO[39m (4064): [36mrequest completed[39m
    [35mreq[39m: {
      "id": 105,
      "method": "GET",
      "url": "/api/map-layers/layer-fire-intel/geojson",
      "query": {},
      "params": {
        "path": [
          "map-layers",
          "layer-fire-intel",
          "geojson"
        ]
      },
      "headers": {
        "host": "localhost:4000",
        "connection": "keep-alive",
        "authorization": "Bearer eyJhbGciOiJIUzI1NiIsInR5cCI6IkpXVCJ9.eyJzdWIiOiJ1c2VyLWFkbWluIiwiZW1haWwiOiJhZG1pbkBndW5nbmlyLmxvY2FsIiwicm9sZXMiOlsiYWRtaW4iLCJhZG1pbiJdLCJpYXQiOjE3NzkxMzI1NjgsImV4cCI6MTc3OTEzMzQ2OH0.Um6LVIj16_G9zxqgxoiHuNSIzjzjduXhCoTAHsQ9w9o",
        "accept": "*/*",
        "accept-language": "*",
        "sec-fetch-mode": "cors",
        "user-agent": "node",
        "pragma": "no-cache",
        "cache-control": "no-cache",
        "accept-encoding": "gzip, deflate"
      },
      "remoteAddress": "127.0.0.1",
      "remotePort": 55586
    }
    [35mres[39m: {
      "statusCode": 200,
      "headers": {
        "content-security-policy": "default-src 'self';base-uri 'self';font-src 'self' https: data:;form-action 'self';frame-ancestors 'self';img-src 'self' data:;object-src 'none';script-src 'self';script-src-attr 'none';style-src 'self' https: 'unsafe-inline';upgrade-insecure-requests",
        "cross-origin-opener-policy": "same-origin",
        "cross-origin-resource-policy": "same-origin",
        "origin-agent-cluster": "?1",
        "referrer-policy": "no-referrer",
        "strict-transport-security": "max-age=31536000; includeSubDomains",
        "x-content-type-options": "nosniff",
        "x-dns-prefetch-control": "off",
        "x-download-options": "noopen",
        "x-frame-options": "SAMEORIGIN",
        "x-permitted-cross-domain-policies": "none",
        "x-xss-protection": "0",
        "vary": "Origin",
        "access-control-allow-credentials": "true",
        "x-ratelimit-limit": "120",
        "x-ratelimit-remaining": "113",
        "x-ratelimit-reset": "15",
        "x-correlation-id": "70d8199e-f26c-4b0d-ad2d-2f59f81f39b7",
        "content-type": "application/json; charset=utf-8",
        "content-length": "42",
        "etag": "W/\"2a-YF4qkQu1OiQfcNelFeHSJ4hLkOE\""
      }
    }
    [35mresponseTime[39m: 3
[15:30:15.625] [32mINFO[39m (4064): [36mrequest completed[39m
    [35mreq[39m: {
      "id": 106,
      "method": "GET",
      "url": "/api/map-layers/layer-air-traffic/geojson",
      "query": {},
      "params": {
        "path": [
          "map-layers",
          "layer-air-traffic",
          "geojson"
        ]
      },
      "headers": {
        "host": "localhost:4000",
        "connection": "keep-alive",
        "authorization": "Bearer eyJhbGciOiJIUzI1NiIsInR5cCI6IkpXVCJ9.eyJzdWIiOiJ1c2VyLWFkbWluIiwiZW1haWwiOiJhZG1pbkBndW5nbmlyLmxvY2FsIiwicm9sZXMiOlsiYWRtaW4iLCJhZG1pbiJdLCJpYXQiOjE3NzkxMzI1NjgsImV4cCI6MTc3OTEzMzQ2OH0.Um6LVIj16_G9zxqgxoiHuNSIzjzjduXhCoTAHsQ9w9o",
        "accept": "*/*",
        "accept-language": "*",
        "sec-fetch-mode": "cors",
        "user-agent": "node",
        "pragma": "no-cache",
        "cache-control": "no-cache",
        "accept-encoding": "gzip, deflate"
      },
      "remoteAddress": "127.0.0.1",
      "remotePort": 55586
    }
    [35mres[39m: {
      "statusCode": 200,
      "headers": {
        "content-security-policy": "default-src 'self';base-uri 'self';font-src 'self' https: data:;form-action 'self';frame-ancestors 'self';img-src 'self' data:;object-src 'none';script-src 'self';script-src-attr 'none';style-src 'self' https: 'unsafe-inline';upgrade-insecure-requests",
        "cross-origin-opener-policy": "same-origin",
        "cross-origin-resource-policy": "same-origin",
        "origin-agent-cluster": "?1",
        "referrer-policy": "no-referrer",
        "strict-transport-security": "max-age=31536000; includeSubDomains",
        "x-content-type-options": "nosniff",
        "x-dns-prefetch-control": "off",
        "x-download-options": "noopen",
        "x-frame-options": "SAMEORIGIN",
        "x-permitted-cross-domain-policies": "none",
        "x-xss-protection": "0",
        "vary": "Origin",
        "access-control-allow-credentials": "true",
        "x-ratelimit-limit": "120",
        "x-ratelimit-remaining": "112",
        "x-ratelimit-reset": "15",
        "x-correlation-id": "1a16c30c-6733-4224-b795-fbbee066de8e",
        "content-type": "application/json; charset=utf-8",
        "content-length": "42",
        "etag": "W/\"2a-YF4qkQu1OiQfcNelFeHSJ4hLkOE\""
      }
    }
    [35mresponseTime[39m: 6
[15:30:15.648] [34mDEBUG[39m (4064): [36mRealtime client connected: A6boCxhbfUoSy4fXAAAJ[39m
    [35mcontext[39m: "RealtimeGateway"
[15:33:05.004] [32mINFO[39m (4064): [36mrequest completed[39m
    [35mreq[39m: {
      "id": 107,
      "method": "GET",
      "url": "/api/map-layers",
      "query": {},
      "params": {
        "path": [
          "map-layers"
        ]
      },
      "headers": {
        "user-agent": "Mozilla/5.0 (Windows NT; Windows NT 10.0; es-CL) WindowsPowerShell/5.1.26100.8457",
        "host": "localhost:4000",
        "connection": "Keep-Alive"
      },
      "remoteAddress": "127.0.0.1",
      "remotePort": 59991
    }
    [35mres[39m: {
      "statusCode": 401,
      "headers": {
        "content-security-policy": "default-src 'self';base-uri 'self';font-src 'self' https: data:;form-action 'self';frame-ancestors 'self';img-src 'self' data:;object-src 'none';script-src 'self';script-src-attr 'none';style-src 'self' https: 'unsafe-inline';upgrade-insecure-requests",
        "cross-origin-opener-policy": "same-origin",
        "cross-origin-resource-policy": "same-origin",
        "origin-agent-cluster": "?1",
        "referrer-policy": "no-referrer",
        "strict-transport-security": "max-age=31536000; includeSubDomains",
        "x-content-type-options": "nosniff",
        "x-dns-prefetch-control": "off",
        "x-download-options": "noopen",
        "x-frame-options": "SAMEORIGIN",
        "x-permitted-cross-domain-policies": "none",
        "x-xss-protection": "0",
        "vary": "Origin",
        "access-control-allow-credentials": "true",
        "x-ratelimit-limit": "120",
        "x-ratelimit-remaining": "119",
        "x-ratelimit-reset": "60",
        "content-type": "application/json; charset=utf-8",
        "content-length": "166",
        "etag": "W/\"a6-TT+ZXz9FEGiMQgtQZsJIKLMwpXQ\""
      }
    }
    [35mresponseTime[39m: 0
[15:33:15.081] [32mINFO[39m (4064): [36mrequest completed[39m
    [35mreq[39m: {
      "id": 108,
      "method": "POST",
      "url": "/api/auth/login",
      "query": {},
      "params": {
        "path": [
          "auth",
          "login"
        ]
      },
      "headers": {
        "user-agent": "Mozilla/5.0 (Windows NT; Windows NT 10.0; es-CL) WindowsPowerShell/5.1.26100.8457",
        "content-type": "application/json",
        "host": "localhost:4000",
        "content-length": "73",
        "expect": "100-continue",
        "connection": "Keep-Alive"
      },
      "remoteAddress": "127.0.0.1",
      "remotePort": 54206
    }
    [35mres[39m: {
      "statusCode": 201,
      "headers": {
        "content-security-policy": "default-src 'self';base-uri 'self';font-src 'self' https: data:;form-action 'self';frame-ancestors 'self';img-src 'self' data:;object-src 'none';script-src 'self';script-src-attr 'none';style-src 'self' https: 'unsafe-inline';upgrade-insecure-requests",
        "cross-origin-opener-policy": "same-origin",
        "cross-origin-resource-policy": "same-origin",
        "origin-agent-cluster": "?1",
        "referrer-policy": "no-referrer",
        "strict-transport-security": "max-age=31536000; includeSubDomains",
        "x-content-type-options": "nosniff",
        "x-dns-prefetch-control": "off",
        "x-download-options": "noopen",
        "x-frame-options": "SAMEORIGIN",
        "x-permitted-cross-domain-policies": "none",
        "x-xss-protection": "0",
        "vary": "Origin",
        "access-control-allow-credentials": "true",
        "x-ratelimit-limit": "120",
        "x-ratelimit-remaining": "119",
        "x-ratelimit-reset": "60",
        "x-correlation-id": "958da858-2498-4401-886e-aa386c1be83d",
        "content-type": "application/json; charset=utf-8",
        "content-length": "591",
        "etag": "W/\"24f-9p1ikyjZFI0at1ybuF+j8GdRPVw\""
      }
    }
    [35mresponseTime[39m: 103
[15:33:28.116] [32mINFO[39m (4064): [36mrequest completed[39m
    [35mreq[39m: {
      "id": 109,
      "method": "POST",
      "url": "/api/auth/login",
      "query": {},
      "params": {
        "path": [
          "auth",
          "login"
        ]
      },
      "headers": {
        "user-agent": "Mozilla/5.0 (Windows NT; Windows NT 10.0; es-CL) WindowsPowerShell/5.1.26100.8457",
        "content-type": "application/json",
        "host": "localhost:4000",
        "content-length": "73",
        "expect": "100-continue",
        "connection": "Keep-Alive"
      },
      "remoteAddress": "127.0.0.1",
      "remotePort": 58268
    }
    [35mres[39m: {
      "statusCode": 201,
      "headers": {
        "content-security-policy": "default-src 'self';base-uri 'self';font-src 'self' https: data:;form-action 'self';frame-ancestors 'self';img-src 'self' data:;object-src 'none';script-src 'self';script-src-attr 'none';style-src 'self' https: 'unsafe-inline';upgrade-insecure-requests",
        "cross-origin-opener-policy": "same-origin",
        "cross-origin-resource-policy": "same-origin",
        "origin-agent-cluster": "?1",
        "referrer-policy": "no-referrer",
        "strict-transport-security": "max-age=31536000; includeSubDomains",
        "x-content-type-options": "nosniff",
        "x-dns-prefetch-control": "off",
        "x-download-options": "noopen",
        "x-frame-options": "SAMEORIGIN",
        "x-permitted-cross-domain-policies": "none",
        "x-xss-protection": "0",
        "vary": "Origin",
        "access-control-allow-credentials": "true",
        "x-ratelimit-limit": "120",
        "x-ratelimit-remaining": "118",
        "x-ratelimit-reset": "47",
        "x-correlation-id": "afc1542f-64de-45da-ae58-5f38950bb25f",
        "content-type": "application/json; charset=utf-8",
        "content-length": "591",
        "etag": "W/\"24f-mPD34ywafTquB8OyRwYpx+i+Iq0\""
      }
    }
    [35mresponseTime[39m: 101
[15:33:28.128] [32mINFO[39m (4064): [36mrequest completed[39m
    [35mreq[39m: {
      "id": 110,
      "method": "GET",
      "url": "/api/map-layers",
      "query": {},
      "params": {
        "path": [
          "map-layers"
        ]
      },
      "headers": {
        "authorization": "Bearer eyJhbGciOiJIUzI1NiIsInR5cCI6IkpXVCJ9.eyJzdWIiOiJ1c2VyLWFkbWluIiwiZW1haWwiOiJhZG1pbkBndW5nbmlyLmxvY2FsIiwicm9sZXMiOlsiYWRtaW4iLCJhZG1pbiJdLCJpYXQiOjE3NzkxMzI4MDgsImV4cCI6MTc3OTEzMzcwOH0.eyh98D1GhswuHdv1sN63mlJpsfogJiop24ScV4Czbk4",
        "user-agent": "Mozilla/5.0 (Windows NT; Windows NT 10.0; es-CL) WindowsPowerShell/5.1.26100.8457",
        "host": "localhost:4000"
      },
      "remoteAddress": "127.0.0.1",
      "remotePort": 58268
    }
    [35mres[39m: {
      "statusCode": 200,
      "headers": {
        "content-security-policy": "default-src 'self';base-uri 'self';font-src 'self' https: data:;form-action 'self';frame-ancestors 'self';img-src 'self' data:;object-src 'none';script-src 'self';script-src-attr 'none';style-src 'self' https: 'unsafe-inline';upgrade-insecure-requests",
        "cross-origin-opener-policy": "same-origin",
        "cross-origin-resource-policy": "same-origin",
        "origin-agent-cluster": "?1",
        "referrer-policy": "no-referrer",
        "strict-transport-security": "max-age=31536000; includeSubDomains",
        "x-content-type-options": "nosniff",
        "x-dns-prefetch-control": "off",
        "x-download-options": "noopen",
        "x-frame-options": "SAMEORIGIN",
        "x-permitted-cross-domain-policies": "none",
        "x-xss-protection": "0",
        "vary": "Origin",
        "access-control-allow-credentials": "true",
        "x-ratelimit-limit": "120",
        "x-ratelimit-remaining": "118",
        "x-ratelimit-reset": "37",
        "x-correlation-id": "9b98dbef-24bb-4cd0-aa5c-eb3057711c81",
        "content-type": "application/json; charset=utf-8",
        "content-length": "2206",
        "etag": "W/\"89e-nm4/RTFy2F+69MjI+xqwAwWUsXo\""
      }
    }
    [35mresponseTime[39m: 3
[15:33:50.737] [32mINFO[39m (4064): [36mrequest completed[39m
    [35mreq[39m: {
      "id": 111,
      "method": "POST",
      "url": "/api/auth/login",
      "query": {},
      "params": {
        "path": [
          "auth",
          "login"
        ]
      },
      "headers": {
        "user-agent": "Mozilla/5.0 (Windows NT; Windows NT 10.0; es-CL) WindowsPowerShell/5.1.26100.8457",
        "content-type": "application/json",
        "host": "localhost:4000",
        "content-length": "73",
        "expect": "100-continue",
        "connection": "Keep-Alive"
      },
      "remoteAddress": "127.0.0.1",
      "remotePort": 54932
    }
    [35mres[39m: {
      "statusCode": 201,
      "headers": {
        "content-security-policy": "default-src 'self';base-uri 'self';font-src 'self' https: data:;form-action 'self';frame-ancestors 'self';img-src 'self' data:;object-src 'none';script-src 'self';script-src-attr 'none';style-src 'self' https: 'unsafe-inline';upgrade-insecure-requests",
        "cross-origin-opener-policy": "same-origin",
        "cross-origin-resource-policy": "same-origin",
        "origin-agent-cluster": "?1",
        "referrer-policy": "no-referrer",
        "strict-transport-security": "max-age=31536000; includeSubDomains",
        "x-content-type-options": "nosniff",
        "x-dns-prefetch-control": "off",
        "x-download-options": "noopen",
        "x-frame-options": "SAMEORIGIN",
        "x-permitted-cross-domain-policies": "none",
        "x-xss-protection": "0",
        "vary": "Origin",
        "access-control-allow-credentials": "true",
        "x-ratelimit-limit": "120",
        "x-ratelimit-remaining": "117",
        "x-ratelimit-reset": "25",
        "x-correlation-id": "16d6c89a-140c-467f-ab6f-ff4ca50a2432",
        "content-type": "application/json; charset=utf-8",
        "content-length": "591",
        "etag": "W/\"24f-UezAteTGpZX4IPeIQnw+OqEfOPY\""
      }
    }
    [35mresponseTime[39m: 214
[15:33:50.742] [32mINFO[39m (4064): [36mrequest completed[39m
    [35mreq[39m: {
      "id": 112,
      "method": "POST",
      "url": "/api/auth/login",
      "query": {},
      "params": {
        "path": [
          "auth",
          "login"
        ]
      },
      "headers": {
        "user-agent": "Mozilla/5.0 (Windows NT; Windows NT 10.0; es-CL) WindowsPowerShell/5.1.26100.8457",
        "content-type": "application/json",
        "host": "localhost:4000",
        "content-length": "73",
        "expect": "100-continue",
        "connection": "Keep-Alive"
      },
      "remoteAddress": "127.0.0.1",
      "remotePort": 54933
    }
    [35mres[39m: {
      "statusCode": 201,
      "headers": {
        "content-security-policy": "default-src 'self';base-uri 'self';font-src 'self' https: data:;form-action 'self';frame-ancestors 'self';img-src 'self' data:;object-src 'none';script-src 'self';script-src-attr 'none';style-src 'self' https: 'unsafe-inline';upgrade-insecure-requests",
        "cross-origin-opener-policy": "same-origin",
        "cross-origin-resource-policy": "same-origin",
        "origin-agent-cluster": "?1",
        "referrer-policy": "no-referrer",
        "strict-transport-security": "max-age=31536000; includeSubDomains",
        "x-content-type-options": "nosniff",
        "x-dns-prefetch-control": "off",
        "x-download-options": "noopen",
        "x-frame-options": "SAMEORIGIN",
        "x-permitted-cross-domain-policies": "none",
        "x-xss-protection": "0",
        "vary": "Origin",
        "access-control-allow-credentials": "true",
        "x-ratelimit-limit": "120",
        "x-ratelimit-remaining": "116",
        "x-ratelimit-reset": "25",
        "x-correlation-id": "29f1896d-8ccf-437c-8ace-a7cf3d89fc63",
        "content-type": "application/json; charset=utf-8",
        "content-length": "591",
        "etag": "W/\"24f-zALgQB6gu0K6xvxu8dIt1H3bsmA\""
      }
    }
    [35mresponseTime[39m: 133
[15:33:50.761] [32mINFO[39m (4064): [36mrequest completed[39m
    [35mreq[39m: {
      "id": 114,
      "method": "GET",
      "url": "/api/map-layers/layer-dgac-aerodromes/geojson",
      "query": {},
      "params": {
        "path": [
          "map-layers",
          "layer-dgac-aerodromes",
          "geojson"
        ]
      },
      "headers": {
        "authorization": "Bearer eyJhbGciOiJIUzI1NiIsInR5cCI6IkpXVCJ9.eyJzdWIiOiJ1c2VyLWFkbWluIiwiZW1haWwiOiJhZG1pbkBndW5nbmlyLmxvY2FsIiwicm9sZXMiOlsiYWRtaW4iLCJhZG1pbiJdLCJpYXQiOjE3NzkxMzI4MzAsImV4cCI6MTc3OTEzMzczMH0.PG7n0BrNnyoS5hBh0rEhD4y4BeNdYVtRdQ9L5_rQ6Fw",
        "user-agent": "Mozilla/5.0 (Windows NT; Windows NT 10.0; es-CL) WindowsPowerShell/5.1.26100.8457",
        "host": "localhost:4000"
      },
      "remoteAddress": "127.0.0.1",
      "remotePort": 54933
    }
    [35mres[39m: {
      "statusCode": 200,
      "headers": {
        "content-security-policy": "default-src 'self';base-uri 'self';font-src 'self' https: data:;form-action 'self';frame-ancestors 'self';img-src 'self' data:;object-src 'none';script-src 'self';script-src-attr 'none';style-src 'self' https: 'unsafe-inline';upgrade-insecure-requests",
        "cross-origin-opener-policy": "same-origin",
        "cross-origin-resource-policy": "same-origin",
        "origin-agent-cluster": "?1",
        "referrer-policy": "no-referrer",
        "strict-transport-security": "max-age=31536000; includeSubDomains",
        "x-content-type-options": "nosniff",
        "x-dns-prefetch-control": "off",
        "x-download-options": "noopen",
        "x-frame-options": "SAMEORIGIN",
        "x-permitted-cross-domain-policies": "none",
        "x-xss-protection": "0",
        "vary": "Origin",
        "access-control-allow-credentials": "true",
        "x-ratelimit-limit": "120",
        "x-ratelimit-remaining": "119",
        "x-ratelimit-reset": "60",
        "x-correlation-id": "0efd4ad7-da91-4ae7-9fa5-81f1a6f0604b",
        "content-type": "application/json; charset=utf-8",
        "content-length": "42",
        "etag": "W/\"2a-YF4qkQu1OiQfcNelFeHSJ4hLkOE\""
      }
    }
    [35mresponseTime[39m: 9
[15:33:50.779] [32mINFO[39m (4064): [36mrequest completed[39m
    [35mreq[39m: {
      "id": 115,
      "method": "GET",
      "url": "/api/map-layers/layer-dgac-local-points/geojson",
      "query": {},
      "params": {
        "path": [
          "map-layers",
          "layer-dgac-local-points",
          "geojson"
        ]
      },
      "headers": {
        "authorization": "Bearer eyJhbGciOiJIUzI1NiIsInR5cCI6IkpXVCJ9.eyJzdWIiOiJ1c2VyLWFkbWluIiwiZW1haWwiOiJhZG1pbkBndW5nbmlyLmxvY2FsIiwicm9sZXMiOlsiYWRtaW4iLCJhZG1pbiJdLCJpYXQiOjE3NzkxMzI4MzAsImV4cCI6MTc3OTEzMzczMH0.PG7n0BrNnyoS5hBh0rEhD4y4BeNdYVtRdQ9L5_rQ6Fw",
        "user-agent": "Mozilla/5.0 (Windows NT; Windows NT 10.0; es-CL) WindowsPowerShell/5.1.26100.8457",
        "host": "localhost:4000"
      },
      "remoteAddress": "127.0.0.1",
      "remotePort": 54933
    }
    [35mres[39m: {
      "statusCode": 200,
      "headers": {
        "content-security-policy": "default-src 'self';base-uri 'self';font-src 'self' https: data:;form-action 'self';frame-ancestors 'self';img-src 'self' data:;object-src 'none';script-src 'self';script-src-attr 'none';style-src 'self' https: 'unsafe-inline';upgrade-insecure-requests",
        "cross-origin-opener-policy": "same-origin",
        "cross-origin-resource-policy": "same-origin",
        "origin-agent-cluster": "?1",
        "referrer-policy": "no-referrer",
        "strict-transport-security": "max-age=31536000; includeSubDomains",
        "x-content-type-options": "nosniff",
        "x-dns-prefetch-control": "off",
        "x-download-options": "noopen",
        "x-frame-options": "SAMEORIGIN",
        "x-permitted-cross-domain-policies": "none",
        "x-xss-protection": "0",
        "vary": "Origin",
        "access-control-allow-credentials": "true",
        "x-ratelimit-limit": "120",
        "x-ratelimit-remaining": "118",
        "x-ratelimit-reset": "60",
        "x-correlation-id": "b56481dc-cc66-4fd0-98a0-31855c61cb79",
        "content-type": "application/json; charset=utf-8",
        "content-length": "42",
        "etag": "W/\"2a-YF4qkQu1OiQfcNelFeHSJ4hLkOE\""
      }
    }
    [35mresponseTime[39m: 7
[15:33:50.779] [32mINFO[39m (4064): [36mrequest completed[39m
    [35mreq[39m: {
      "id": 113,
      "method": "GET",
      "url": "/api/v1/operations/bootstrap",
      "query": {},
      "params": {
        "path": [
          "v1",
          "operations",
          "bootstrap"
        ]
      },
      "headers": {
        "authorization": "Bearer eyJhbGciOiJIUzI1NiIsInR5cCI6IkpXVCJ9.eyJzdWIiOiJ1c2VyLWFkbWluIiwiZW1haWwiOiJhZG1pbkBndW5nbmlyLmxvY2FsIiwicm9sZXMiOlsiYWRtaW4iLCJhZG1pbiJdLCJpYXQiOjE3NzkxMzI4MzAsImV4cCI6MTc3OTEzMzczMH0.PG7n0BrNnyoS5hBh0rEhD4y4BeNdYVtRdQ9L5_rQ6Fw",
        "user-agent": "Mozilla/5.0 (Windows NT; Windows NT 10.0; es-CL) WindowsPowerShell/5.1.26100.8457",
        "host": "localhost:4000"
      },
      "remoteAddress": "127.0.0.1",
      "remotePort": 54932
    }
    [35mres[39m: {
      "statusCode": 200,
      "headers": {
        "content-security-policy": "default-src 'self';base-uri 'self';font-src 'self' https: data:;form-action 'self';frame-ancestors 'self';img-src 'self' data:;object-src 'none';script-src 'self';script-src-attr 'none';style-src 'self' https: 'unsafe-inline';upgrade-insecure-requests",
        "cross-origin-opener-policy": "same-origin",
        "cross-origin-resource-policy": "same-origin",
        "origin-agent-cluster": "?1",
        "referrer-policy": "no-referrer",
        "strict-transport-security": "max-age=31536000; includeSubDomains",
        "x-content-type-options": "nosniff",
        "x-dns-prefetch-control": "off",
        "x-download-options": "noopen",
        "x-frame-options": "SAMEORIGIN",
        "x-permitted-cross-domain-policies": "none",
        "x-xss-protection": "0",
        "vary": "Origin",
        "access-control-allow-credentials": "true",
        "x-ratelimit-limit": "120",
        "x-ratelimit-remaining": "119",
        "x-ratelimit-reset": "60",
        "x-correlation-id": "cb9cea48-d4c4-40f8-a8d6-91f810b632ba",
        "content-type": "application/json; charset=utf-8",
        "content-length": "3457",
        "etag": "W/\"d81-D18Wh02ZGGE0JmOYQRTDffCsHig\""
      }
    }
    [35mresponseTime[39m: 32
[15:33:50.783] [32mINFO[39m (4064): [36mrequest completed[39m
    [35mreq[39m: {
      "id": 116,
      "method": "GET",
      "url": "/api/map-layers/layer-dgac-notams/geojson",
      "query": {},
      "params": {
        "path": [
          "map-layers",
          "layer-dgac-notams",
          "geojson"
        ]
      },
      "headers": {
        "authorization": "Bearer eyJhbGciOiJIUzI1NiIsInR5cCI6IkpXVCJ9.eyJzdWIiOiJ1c2VyLWFkbWluIiwiZW1haWwiOiJhZG1pbkBndW5nbmlyLmxvY2FsIiwicm9sZXMiOlsiYWRtaW4iLCJhZG1pbiJdLCJpYXQiOjE3NzkxMzI4MzAsImV4cCI6MTc3OTEzMzczMH0.PG7n0BrNnyoS5hBh0rEhD4y4BeNdYVtRdQ9L5_rQ6Fw",
        "user-agent": "Mozilla/5.0 (Windows NT; Windows NT 10.0; es-CL) WindowsPowerShell/5.1.26100.8457",
        "host": "localhost:4000"
      },
      "remoteAddress": "127.0.0.1",
      "remotePort": 54933
    }
    [35mres[39m: {
      "statusCode": 200,
      "headers": {
        "content-security-policy": "default-src 'self';base-uri 'self';font-src 'self' https: data:;form-action 'self';frame-ancestors 'self';img-src 'self' data:;object-src 'none';script-src 'self';script-src-attr 'none';style-src 'self' https: 'unsafe-inline';upgrade-insecure-requests",
        "cross-origin-opener-policy": "same-origin",
        "cross-origin-resource-policy": "same-origin",
        "origin-agent-cluster": "?1",
        "referrer-policy": "no-referrer",
        "strict-transport-security": "max-age=31536000; includeSubDomains",
        "x-content-type-options": "nosniff",
        "x-dns-prefetch-control": "off",
        "x-download-options": "noopen",
        "x-frame-options": "SAMEORIGIN",
        "x-permitted-cross-domain-policies": "none",
        "x-xss-protection": "0",
        "vary": "Origin",
        "access-control-allow-credentials": "true",
        "x-ratelimit-limit": "120",
        "x-ratelimit-remaining": "117",
        "x-ratelimit-reset": "60",
        "x-correlation-id": "510e991c-b569-4bed-b01f-9084a895c11d",
        "content-type": "application/json; charset=utf-8",
        "content-length": "42",
        "etag": "W/\"2a-YF4qkQu1OiQfcNelFeHSJ4hLkOE\""
      }
    }
    [35mresponseTime[39m: 3
[15:33:50.788] [32mINFO[39m (4064): [36mrequest completed[39m
    [35mreq[39m: {
      "id": 117,
      "method": "GET",
      "url": "/api/map-layers/layer-dgac-firs/geojson",
      "query": {},
      "params": {
        "path": [
          "map-layers",
          "layer-dgac-firs",
          "geojson"
        ]
      },
      "headers": {
        "authorization": "Bearer eyJhbGciOiJIUzI1NiIsInR5cCI6IkpXVCJ9.eyJzdWIiOiJ1c2VyLWFkbWluIiwiZW1haWwiOiJhZG1pbkBndW5nbmlyLmxvY2FsIiwicm9sZXMiOlsiYWRtaW4iLCJhZG1pbiJdLCJpYXQiOjE3NzkxMzI4MzAsImV4cCI6MTc3OTEzMzczMH0.PG7n0BrNnyoS5hBh0rEhD4y4BeNdYVtRdQ9L5_rQ6Fw",
        "user-agent": "Mozilla/5.0 (Windows NT; Windows NT 10.0; es-CL) WindowsPowerShell/5.1.26100.8457",
        "host": "localhost:4000"
      },
      "remoteAddress": "127.0.0.1",
      "remotePort": 54933
    }
    [35mres[39m: {
      "statusCode": 200,
      "headers": {
        "content-security-policy": "default-src 'self';base-uri 'self';font-src 'self' https: data:;form-action 'self';frame-ancestors 'self';img-src 'self' data:;object-src 'none';script-src 'self';script-src-attr 'none';style-src 'self' https: 'unsafe-inline';upgrade-insecure-requests",
        "cross-origin-opener-policy": "same-origin",
        "cross-origin-resource-policy": "same-origin",
        "origin-agent-cluster": "?1",
        "referrer-policy": "no-referrer",
        "strict-transport-security": "max-age=31536000; includeSubDomains",
        "x-content-type-options": "nosniff",
        "x-dns-prefetch-control": "off",
        "x-download-options": "noopen",
        "x-frame-options": "SAMEORIGIN",
        "x-permitted-cross-domain-policies": "none",
        "x-xss-protection": "0",
        "vary": "Origin",
        "access-control-allow-credentials": "true",
        "x-ratelimit-limit": "120",
        "x-ratelimit-remaining": "116",
        "x-ratelimit-reset": "60",
        "x-correlation-id": "a2a590c7-8ffe-4e80-82eb-20ad7e8de7ad",
        "content-type": "application/json; charset=utf-8",
        "content-length": "42",
        "etag": "W/\"2a-YF4qkQu1OiQfcNelFeHSJ4hLkOE\""
      }
    }
    [35mresponseTime[39m: 4
[15:34:43.294] [32mINFO[39m (4064): [36mrequest completed[39m
    [35mreq[39m: {
      "id": 118,
      "method": "GET",
      "url": "/api/map-layers/layer-dgac-aerodromes/geojson",
      "query": {},
      "params": {
        "path": [
          "map-layers",
          "layer-dgac-aerodromes",
          "geojson"
        ]
      },
      "headers": {
        "host": "localhost:4000",
        "connection": "keep-alive",
        "authorization": "Bearer eyJhbGciOiJIUzI1NiIsInR5cCI6IkpXVCJ9.eyJzdWIiOiJ1c2VyLWFkbWluIiwiZW1haWwiOiJhZG1pbkBndW5nbmlyLmxvY2FsIiwicm9sZXMiOlsiYWRtaW4iLCJhZG1pbiJdLCJpYXQiOjE3NzkxMzI1NjgsImV4cCI6MTc3OTEzMzQ2OH0.Um6LVIj16_G9zxqgxoiHuNSIzjzjduXhCoTAHsQ9w9o",
        "accept": "*/*",
        "accept-language": "*",
        "sec-fetch-mode": "cors",
        "user-agent": "node",
        "pragma": "no-cache",
        "cache-control": "no-cache",
        "accept-encoding": "gzip, deflate"
      },
      "remoteAddress": "127.0.0.1",
      "remotePort": 63742
    }
    [35mres[39m: {
      "statusCode": 200,
      "headers": {
        "content-security-policy": "default-src 'self';base-uri 'self';font-src 'self' https: data:;form-action 'self';frame-ancestors 'self';img-src 'self' data:;object-src 'none';script-src 'self';script-src-attr 'none';style-src 'self' https: 'unsafe-inline';upgrade-insecure-requests",
        "cross-origin-opener-policy": "same-origin",
        "cross-origin-resource-policy": "same-origin",
        "origin-agent-cluster": "?1",
        "referrer-policy": "no-referrer",
        "strict-transport-security": "max-age=31536000; includeSubDomains",
        "x-content-type-options": "nosniff",
        "x-dns-prefetch-control": "off",
        "x-download-options": "noopen",
        "x-frame-options": "SAMEORIGIN",
        "x-permitted-cross-domain-policies": "none",
        "x-xss-protection": "0",
        "vary": "Origin",
        "access-control-allow-credentials": "true",
        "x-ratelimit-limit": "120",
        "x-ratelimit-remaining": "115",
        "x-ratelimit-reset": "8",
        "x-correlation-id": "ed0d8941-a1d2-4a26-8bc9-ec98a54795ee",
        "content-type": "application/json; charset=utf-8",
        "content-length": "42",
        "etag": "W/\"2a-YF4qkQu1OiQfcNelFeHSJ4hLkOE\""
      }
    }
    [35mresponseTime[39m: 7
[15:34:43.330] [32mINFO[39m (4064): [36mrequest completed[39m
    [35mreq[39m: {
      "id": 119,
      "method": "GET",
      "url": "/api/map-layers/layer-dgac-firs/geojson",
      "query": {},
      "params": {
        "path": [
          "map-layers",
          "layer-dgac-firs",
          "geojson"
        ]
      },
      "headers": {
        "host": "localhost:4000",
        "connection": "keep-alive",
        "authorization": "Bearer eyJhbGciOiJIUzI1NiIsInR5cCI6IkpXVCJ9.eyJzdWIiOiJ1c2VyLWFkbWluIiwiZW1haWwiOiJhZG1pbkBndW5nbmlyLmxvY2FsIiwicm9sZXMiOlsiYWRtaW4iLCJhZG1pbiJdLCJpYXQiOjE3NzkxMzI1NjgsImV4cCI6MTc3OTEzMzQ2OH0.Um6LVIj16_G9zxqgxoiHuNSIzjzjduXhCoTAHsQ9w9o",
        "accept": "*/*",
        "accept-language": "*",
        "sec-fetch-mode": "cors",
        "user-agent": "node",
        "pragma": "no-cache",
        "cache-control": "no-cache",
        "accept-encoding": "gzip, deflate"
      },
      "remoteAddress": "127.0.0.1",
      "remotePort": 63745
    }
    [35mres[39m: {
      "statusCode": 200,
      "headers": {
        "content-security-policy": "default-src 'self';base-uri 'self';font-src 'self' https: data:;form-action 'self';frame-ancestors 'self';img-src 'self' data:;object-src 'none';script-src 'self';script-src-attr 'none';style-src 'self' https: 'unsafe-inline';upgrade-insecure-requests",
        "cross-origin-opener-policy": "same-origin",
        "cross-origin-resource-policy": "same-origin",
        "origin-agent-cluster": "?1",
        "referrer-policy": "no-referrer",
        "strict-transport-security": "max-age=31536000; includeSubDomains",
        "x-content-type-options": "nosniff",
        "x-dns-prefetch-control": "off",
        "x-download-options": "noopen",
        "x-frame-options": "SAMEORIGIN",
        "x-permitted-cross-domain-policies": "none",
        "x-xss-protection": "0",
        "vary": "Origin",
        "access-control-allow-credentials": "true",
        "x-ratelimit-limit": "120",
        "x-ratelimit-remaining": "114",
        "x-ratelimit-reset": "8",
        "x-correlation-id": "87881b0b-98d7-45f3-ab7b-d76ca086b261",
        "content-type": "application/json; charset=utf-8",
        "content-length": "42",
        "etag": "W/\"2a-YF4qkQu1OiQfcNelFeHSJ4hLkOE\""
      }
    }
    [35mresponseTime[39m: 5
[15:34:43.330] [32mINFO[39m (4064): [36mrequest completed[39m
    [35mreq[39m: {
      "id": 121,
      "method": "GET",
      "url": "/api/map-layers/layer-dgac-notams/geojson",
      "query": {},
      "params": {
        "path": [
          "map-layers",
          "layer-dgac-notams",
          "geojson"
        ]
      },
      "headers": {
        "host": "localhost:4000",
        "connection": "keep-alive",
        "authorization": "Bearer eyJhbGciOiJIUzI1NiIsInR5cCI6IkpXVCJ9.eyJzdWIiOiJ1c2VyLWFkbWluIiwiZW1haWwiOiJhZG1pbkBndW5nbmlyLmxvY2FsIiwicm9sZXMiOlsiYWRtaW4iLCJhZG1pbiJdLCJpYXQiOjE3NzkxMzI1NjgsImV4cCI6MTc3OTEzMzQ2OH0.Um6LVIj16_G9zxqgxoiHuNSIzjzjduXhCoTAHsQ9w9o",
        "accept": "*/*",
        "accept-language": "*",
        "sec-fetch-mode": "cors",
        "user-agent": "node",
        "pragma": "no-cache",
        "cache-control": "no-cache",
        "accept-encoding": "gzip, deflate"
      },
      "remoteAddress": "127.0.0.1",
      "remotePort": 63748
    }
    [35mres[39m: {
      "statusCode": 200,
      "headers": {
        "content-security-policy": "default-src 'self';base-uri 'self';font-src 'self' https: data:;form-action 'self';frame-ancestors 'self';img-src 'self' data:;object-src 'none';script-src 'self';script-src-attr 'none';style-src 'self' https: 'unsafe-inline';upgrade-insecure-requests",
        "cross-origin-opener-policy": "same-origin",
        "cross-origin-resource-policy": "same-origin",
        "origin-agent-cluster": "?1",
        "referrer-policy": "no-referrer",
        "strict-transport-security": "max-age=31536000; includeSubDomains",
        "x-content-type-options": "nosniff",
        "x-dns-prefetch-control": "off",
        "x-download-options": "noopen",
        "x-frame-options": "SAMEORIGIN",
        "x-permitted-cross-domain-policies": "none",
        "x-xss-protection": "0",
        "vary": "Origin",
        "access-control-allow-credentials": "true",
        "x-ratelimit-limit": "120",
        "x-ratelimit-remaining": "112",
        "x-ratelimit-reset": "8",
        "x-correlation-id": "d6842ea2-8249-40db-8ef9-5018f346fb8d",
        "content-type": "application/json; charset=utf-8",
        "content-length": "42",
        "etag": "W/\"2a-YF4qkQu1OiQfcNelFeHSJ4hLkOE\""
      }
    }
    [35mresponseTime[39m: 3
[15:34:43.331] [32mINFO[39m (4064): [36mrequest completed[39m
    [35mreq[39m: {
      "id": 120,
      "method": "GET",
      "url": "/api/map-layers/layer-dgac-local-points/geojson",
      "query": {},
      "params": {
        "path": [
          "map-layers",
          "layer-dgac-local-points",
          "geojson"
        ]
      },
      "headers": {
        "host": "localhost:4000",
        "connection": "keep-alive",
        "authorization": "Bearer eyJhbGciOiJIUzI1NiIsInR5cCI6IkpXVCJ9.eyJzdWIiOiJ1c2VyLWFkbWluIiwiZW1haWwiOiJhZG1pbkBndW5nbmlyLmxvY2FsIiwicm9sZXMiOlsiYWRtaW4iLCJhZG1pbiJdLCJpYXQiOjE3NzkxMzI1NjgsImV4cCI6MTc3OTEzMzQ2OH0.Um6LVIj16_G9zxqgxoiHuNSIzjzjduXhCoTAHsQ9w9o",
        "accept": "*/*",
        "accept-language": "*",
        "sec-fetch-mode": "cors",
        "user-agent": "node",
        "pragma": "no-cache",
        "cache-control": "no-cache",
        "accept-encoding": "gzip, deflate"
      },
      "remoteAddress": "127.0.0.1",
      "remotePort": 63746
    }
    [35mres[39m: {
      "statusCode": 200,
      "headers": {
        "content-security-policy": "default-src 'self';base-uri 'self';font-src 'self' https: data:;form-action 'self';frame-ancestors 'self';img-src 'self' data:;object-src 'none';script-src 'self';script-src-attr 'none';style-src 'self' https: 'unsafe-inline';upgrade-insecure-requests",
        "cross-origin-opener-policy": "same-origin",
        "cross-origin-resource-policy": "same-origin",
        "origin-agent-cluster": "?1",
        "referrer-policy": "no-referrer",
        "strict-transport-security": "max-age=31536000; includeSubDomains",
        "x-content-type-options": "nosniff",
        "x-dns-prefetch-control": "off",
        "x-download-options": "noopen",
        "x-frame-options": "SAMEORIGIN",
        "x-permitted-cross-domain-policies": "none",
        "x-xss-protection": "0",
        "vary": "Origin",
        "access-control-allow-credentials": "true",
        "x-ratelimit-limit": "120",
        "x-ratelimit-remaining": "113",
        "x-ratelimit-reset": "8",
        "x-correlation-id": "cc27b7a4-af0b-42fe-84e6-98964dfcdd40",
        "content-type": "application/json; charset=utf-8",
        "content-length": "42",
        "etag": "W/\"2a-YF4qkQu1OiQfcNelFeHSJ4hLkOE\""
      }
    }
    [35mresponseTime[39m: 5
[15:38:20.382] [32mINFO[39m (4064): [36mrequest completed[39m
    [35mreq[39m: {
      "id": 122,
      "method": "GET",
      "url": "/api/auth/me",
      "query": {},
      "params": {
        "path": [
          "auth",
          "me"
        ]
      },
      "headers": {
        "host": "localhost:4000",
        "connection": "keep-alive",
        "authorization": "Bearer eyJhbGciOiJIUzI1NiIsInR5cCI6IkpXVCJ9.eyJzdWIiOiJ1c2VyLWFkbWluIiwiZW1haWwiOiJhZG1pbkBndW5nbmlyLmxvY2FsIiwicm9sZXMiOlsiYWRtaW4iLCJhZG1pbiJdLCJpYXQiOjE3NzkxMzI1NjgsImV4cCI6MTc3OTEzMzQ2OH0.Um6LVIj16_G9zxqgxoiHuNSIzjzjduXhCoTAHsQ9w9o",
        "accept": "*/*",
        "accept-language": "*",
        "sec-fetch-mode": "cors",
        "user-agent": "node",
        "pragma": "no-cache",
        "cache-control": "no-cache",
        "accept-encoding": "gzip, deflate"
      },
      "remoteAddress": "127.0.0.1",
      "remotePort": 53502
    }
    [35mres[39m: {
      "statusCode": 200,
      "headers": {
        "content-security-policy": "default-src 'self';base-uri 'self';font-src 'self' https: data:;form-action 'self';frame-ancestors 'self';img-src 'self' data:;object-src 'none';script-src 'self';script-src-attr 'none';style-src 'self' https: 'unsafe-inline';upgrade-insecure-requests",
        "cross-origin-opener-policy": "same-origin",
        "cross-origin-resource-policy": "same-origin",
        "origin-agent-cluster": "?1",
        "referrer-policy": "no-referrer",
        "strict-transport-security": "max-age=31536000; includeSubDomains",
        "x-content-type-options": "nosniff",
        "x-dns-prefetch-control": "off",
        "x-download-options": "noopen",
        "x-frame-options": "SAMEORIGIN",
        "x-permitted-cross-domain-policies": "none",
        "x-xss-protection": "0",
        "vary": "Origin",
        "access-control-allow-credentials": "true",
        "x-ratelimit-limit": "120",
        "x-ratelimit-remaining": "119",
        "x-ratelimit-reset": "60",
        "x-correlation-id": "6671b406-e931-4da5-81da-8c97a6b63666",
        "content-type": "application/json; charset=utf-8",
        "content-length": "124",
        "etag": "W/\"7c-QtJzlFTARSsNLVrG/rl/H1cK0Bk\""
      }
    }
    [35mresponseTime[39m: 6
[15:38:20.404] [32mINFO[39m (4064): [36mrequest completed[39m
    [35mreq[39m: {
      "id": 123,
      "method": "GET",
      "url": "/api/v1/operations/bootstrap",
      "query": {},
      "params": {
        "path": [
          "v1",
          "operations",
          "bootstrap"
        ]
      },
      "headers": {
        "host": "localhost:4000",
        "connection": "keep-alive",
        "authorization": "Bearer eyJhbGciOiJIUzI1NiIsInR5cCI6IkpXVCJ9.eyJzdWIiOiJ1c2VyLWFkbWluIiwiZW1haWwiOiJhZG1pbkBndW5nbmlyLmxvY2FsIiwicm9sZXMiOlsiYWRtaW4iLCJhZG1pbiJdLCJpYXQiOjE3NzkxMzI1NjgsImV4cCI6MTc3OTEzMzQ2OH0.Um6LVIj16_G9zxqgxoiHuNSIzjzjduXhCoTAHsQ9w9o",
        "accept": "*/*",
        "accept-language": "*",
        "sec-fetch-mode": "cors",
        "user-agent": "node",
        "pragma": "no-cache",
        "cache-control": "no-cache",
        "accept-encoding": "gzip, deflate"
      },
      "remoteAddress": "127.0.0.1",
      "remotePort": 53504
    }
    [35mres[39m: {
      "statusCode": 200,
      "headers": {
        "content-security-policy": "default-src 'self';base-uri 'self';font-src 'self' https: data:;form-action 'self';frame-ancestors 'self';img-src 'self' data:;object-src 'none';script-src 'self';script-src-attr 'none';style-src 'self' https: 'unsafe-inline';upgrade-insecure-requests",
        "cross-origin-opener-policy": "same-origin",
        "cross-origin-resource-policy": "same-origin",
        "origin-agent-cluster": "?1",
        "referrer-policy": "no-referrer",
        "strict-transport-security": "max-age=31536000; includeSubDomains",
        "x-content-type-options": "nosniff",
        "x-dns-prefetch-control": "off",
        "x-download-options": "noopen",
        "x-frame-options": "SAMEORIGIN",
        "x-permitted-cross-domain-policies": "none",
        "x-xss-protection": "0",
        "vary": "Origin",
        "access-control-allow-credentials": "true",
        "x-ratelimit-limit": "120",
        "x-ratelimit-remaining": "119",
        "x-ratelimit-reset": "60",
        "x-correlation-id": "8443fb4b-cba5-49ff-8598-10ee68723018",
        "content-type": "application/json; charset=utf-8",
        "content-length": "3457",
        "etag": "W/\"d81-3hfTl/DPaIlOMDTpr+xQ9Ej0vBY\""
      }
    }
    [35mresponseTime[39m: 11
[15:38:20.646] [32mINFO[39m (4064): [36mrequest completed[39m
    [35mreq[39m: {
      "id": 124,
      "method": "GET",
      "url": "/api/auth/me",
      "query": {},
      "params": {
        "path": [
          "auth",
          "me"
        ]
      },
      "headers": {
        "host": "localhost:4000",
        "connection": "keep-alive",
        "authorization": "Bearer eyJhbGciOiJIUzI1NiIsInR5cCI6IkpXVCJ9.eyJzdWIiOiJ1c2VyLWFkbWluIiwiZW1haWwiOiJhZG1pbkBndW5nbmlyLmxvY2FsIiwicm9sZXMiOlsiYWRtaW4iLCJhZG1pbiJdLCJpYXQiOjE3NzkxMzI1NjgsImV4cCI6MTc3OTEzMzQ2OH0.Um6LVIj16_G9zxqgxoiHuNSIzjzjduXhCoTAHsQ9w9o",
        "accept": "*/*",
        "accept-language": "*",
        "sec-fetch-mode": "cors",
        "user-agent": "node",
        "pragma": "no-cache",
        "cache-control": "no-cache",
        "accept-encoding": "gzip, deflate"
      },
      "remoteAddress": "127.0.0.1",
      "remotePort": 53502
    }
    [35mres[39m: {
      "statusCode": 200,
      "headers": {
        "content-security-policy": "default-src 'self';base-uri 'self';font-src 'self' https: data:;form-action 'self';frame-ancestors 'self';img-src 'self' data:;object-src 'none';script-src 'self';script-src-attr 'none';style-src 'self' https: 'unsafe-inline';upgrade-insecure-requests",
        "cross-origin-opener-policy": "same-origin",
        "cross-origin-resource-policy": "same-origin",
        "origin-agent-cluster": "?1",
        "referrer-policy": "no-referrer",
        "strict-transport-security": "max-age=31536000; includeSubDomains",
        "x-content-type-options": "nosniff",
        "x-dns-prefetch-control": "off",
        "x-download-options": "noopen",
        "x-frame-options": "SAMEORIGIN",
        "x-permitted-cross-domain-policies": "none",
        "x-xss-protection": "0",
        "vary": "Origin",
        "access-control-allow-credentials": "true",
        "x-ratelimit-limit": "120",
        "x-ratelimit-remaining": "118",
        "x-ratelimit-reset": "60",
        "x-correlation-id": "f66478df-bba8-4f3a-9817-9a4891f99ca6",
        "content-type": "application/json; charset=utf-8",
        "content-length": "124",
        "etag": "W/\"7c-QtJzlFTARSsNLVrG/rl/H1cK0Bk\""
      }
    }
    [35mresponseTime[39m: 6
[15:38:20.689] [32mINFO[39m (4064): [36mrequest completed[39m
    [35mreq[39m: {
      "id": 125,
      "method": "GET",
      "url": "/api/v1/operations/snapshot",
      "query": {},
      "params": {
        "path": [
          "v1",
          "operations",
          "snapshot"
        ]
      },
      "headers": {
        "host": "localhost:4000",
        "connection": "keep-alive",
        "authorization": "Bearer eyJhbGciOiJIUzI1NiIsInR5cCI6IkpXVCJ9.eyJzdWIiOiJ1c2VyLWFkbWluIiwiZW1haWwiOiJhZG1pbkBndW5nbmlyLmxvY2FsIiwicm9sZXMiOlsiYWRtaW4iLCJhZG1pbiJdLCJpYXQiOjE3NzkxMzI1NjgsImV4cCI6MTc3OTEzMzQ2OH0.Um6LVIj16_G9zxqgxoiHuNSIzjzjduXhCoTAHsQ9w9o",
        "accept": "*/*",
        "accept-language": "*",
        "sec-fetch-mode": "cors",
        "user-agent": "node",
        "pragma": "no-cache",
        "cache-control": "no-cache",
        "accept-encoding": "gzip, deflate"
      },
      "remoteAddress": "127.0.0.1",
      "remotePort": 53504
    }
    [35mres[39m: {
      "statusCode": 200,
      "headers": {
        "content-security-policy": "default-src 'self';base-uri 'self';font-src 'self' https: data:;form-action 'self';frame-ancestors 'self';img-src 'self' data:;object-src 'none';script-src 'self';script-src-attr 'none';style-src 'self' https: 'unsafe-inline';upgrade-insecure-requests",
        "cross-origin-opener-policy": "same-origin",
        "cross-origin-resource-policy": "same-origin",
        "origin-agent-cluster": "?1",
        "referrer-policy": "no-referrer",
        "strict-transport-security": "max-age=31536000; includeSubDomains",
        "x-content-type-options": "nosniff",
        "x-dns-prefetch-control": "off",
        "x-download-options": "noopen",
        "x-frame-options": "SAMEORIGIN",
        "x-permitted-cross-domain-policies": "none",
        "x-xss-protection": "0",
        "vary": "Origin",
        "access-control-allow-credentials": "true",
        "x-ratelimit-limit": "120",
        "x-ratelimit-remaining": "119",
        "x-ratelimit-reset": "60",
        "x-correlation-id": "8dbdca2f-78f7-4e02-8fd2-384ce68ea62c",
        "content-type": "application/json; charset=utf-8",
        "content-length": "3176",
        "etag": "W/\"c68-oeam6s8iO1R/Xqj1cPEE8d2GZB8\""
      }
    }
    [35mresponseTime[39m: 9
[15:38:20.730] [32mINFO[39m (4064): [36mrequest completed[39m
    [35mreq[39m: {
      "id": 126,
      "method": "GET",
      "url": "/api/devices",
      "query": {},
      "params": {
        "path": [
          "devices"
        ]
      },
      "headers": {
        "host": "localhost:4000",
        "connection": "keep-alive",
        "authorization": "Bearer eyJhbGciOiJIUzI1NiIsInR5cCI6IkpXVCJ9.eyJzdWIiOiJ1c2VyLWFkbWluIiwiZW1haWwiOiJhZG1pbkBndW5nbmlyLmxvY2FsIiwicm9sZXMiOlsiYWRtaW4iLCJhZG1pbiJdLCJpYXQiOjE3NzkxMzI1NjgsImV4cCI6MTc3OTEzMzQ2OH0.Um6LVIj16_G9zxqgxoiHuNSIzjzjduXhCoTAHsQ9w9o",
        "accept": "*/*",
        "accept-language": "*",
        "sec-fetch-mode": "cors",
        "user-agent": "node",
        "pragma": "no-cache",
        "cache-control": "no-cache",
        "accept-encoding": "gzip, deflate"
      },
      "remoteAddress": "127.0.0.1",
      "remotePort": 53502
    }
    [35mres[39m: {
      "statusCode": 200,
      "headers": {
        "content-security-policy": "default-src 'self';base-uri 'self';font-src 'self' https: data:;form-action 'self';frame-ancestors 'self';img-src 'self' data:;object-src 'none';script-src 'self';script-src-attr 'none';style-src 'self' https: 'unsafe-inline';upgrade-insecure-requests",
        "cross-origin-opener-policy": "same-origin",
        "cross-origin-resource-policy": "same-origin",
        "origin-agent-cluster": "?1",
        "referrer-policy": "no-referrer",
        "strict-transport-security": "max-age=31536000; includeSubDomains",
        "x-content-type-options": "nosniff",
        "x-dns-prefetch-control": "off",
        "x-download-options": "noopen",
        "x-frame-options": "SAMEORIGIN",
        "x-permitted-cross-domain-policies": "none",
        "x-xss-protection": "0",
        "vary": "Origin",
        "access-control-allow-credentials": "true",
        "x-ratelimit-limit": "120",
        "x-ratelimit-remaining": "119",
        "x-ratelimit-reset": "60",
        "x-correlation-id": "b3949e93-c5a7-4879-8339-1d7938758b22",
        "content-type": "application/json; charset=utf-8",
        "content-length": "391",
        "etag": "W/\"187-wFixndeDMExMbypLdc/dp5I7KtI\""
      }
    }
    [35mresponseTime[39m: 2
[15:38:20.747] [32mINFO[39m (4064): [36mrequest completed[39m
    [35mreq[39m: {
      "id": 127,
      "method": "GET",
      "url": "/api/tracks/current",
      "query": {},
      "params": {
        "path": [
          "tracks",
          "current"
        ]
      },
      "headers": {
        "host": "localhost:4000",
        "connection": "keep-alive",
        "authorization": "Bearer eyJhbGciOiJIUzI1NiIsInR5cCI6IkpXVCJ9.eyJzdWIiOiJ1c2VyLWFkbWluIiwiZW1haWwiOiJhZG1pbkBndW5nbmlyLmxvY2FsIiwicm9sZXMiOlsiYWRtaW4iLCJhZG1pbiJdLCJpYXQiOjE3NzkxMzI1NjgsImV4cCI6MTc3OTEzMzQ2OH0.Um6LVIj16_G9zxqgxoiHuNSIzjzjduXhCoTAHsQ9w9o",
        "accept": "*/*",
        "accept-language": "*",
        "sec-fetch-mode": "cors",
        "user-agent": "node",
        "pragma": "no-cache",
        "cache-control": "no-cache",
        "accept-encoding": "gzip, deflate"
      },
      "remoteAddress": "127.0.0.1",
      "remotePort": 54197
    }
    [35mres[39m: {
      "statusCode": 200,
      "headers": {
        "content-security-policy": "default-src 'self';base-uri 'self';font-src 'self' https: data:;form-action 'self';frame-ancestors 'self';img-src 'self' data:;object-src 'none';script-src 'self';script-src-attr 'none';style-src 'self' https: 'unsafe-inline';upgrade-insecure-requests",
        "cross-origin-opener-policy": "same-origin",
        "cross-origin-resource-policy": "same-origin",
        "origin-agent-cluster": "?1",
        "referrer-policy": "no-referrer",
        "strict-transport-security": "max-age=31536000; includeSubDomains",
        "x-content-type-options": "nosniff",
        "x-dns-prefetch-control": "off",
        "x-download-options": "noopen",
        "x-frame-options": "SAMEORIGIN",
        "x-permitted-cross-domain-policies": "none",
        "x-xss-protection": "0",
        "vary": "Origin",
        "access-control-allow-credentials": "true",
        "x-ratelimit-limit": "120",
        "x-ratelimit-remaining": "119",
        "x-ratelimit-reset": "60",
        "x-correlation-id": "a15a7fa7-eb58-4745-b6a2-c49e5a3aed14",
        "content-type": "application/json; charset=utf-8",
        "content-length": "2",
        "etag": "W/\"2-l9Fw4VUO7kr8CvBlt4zaMCqXZ0w\""
      }
    }
    [35mresponseTime[39m: 6
[15:38:20.748] [32mINFO[39m (4064): [36mrequest completed[39m
    [35mreq[39m: {
      "id": 129,
      "method": "GET",
      "url": "/api/tracks/history",
      "query": {},
      "params": {
        "path": [
          "tracks",
          "history"
        ]
      },
      "headers": {
        "host": "localhost:4000",
        "connection": "keep-alive",
        "authorization": "Bearer eyJhbGciOiJIUzI1NiIsInR5cCI6IkpXVCJ9.eyJzdWIiOiJ1c2VyLWFkbWluIiwiZW1haWwiOiJhZG1pbkBndW5nbmlyLmxvY2FsIiwicm9sZXMiOlsiYWRtaW4iLCJhZG1pbiJdLCJpYXQiOjE3NzkxMzI1NjgsImV4cCI6MTc3OTEzMzQ2OH0.Um6LVIj16_G9zxqgxoiHuNSIzjzjduXhCoTAHsQ9w9o",
        "accept": "*/*",
        "accept-language": "*",
        "sec-fetch-mode": "cors",
        "user-agent": "node",
        "pragma": "no-cache",
        "cache-control": "no-cache",
        "accept-encoding": "gzip, deflate"
      },
      "remoteAddress": "127.0.0.1",
      "remotePort": 54199
    }
    [35mres[39m: {
      "statusCode": 200,
      "headers": {
        "content-security-policy": "default-src 'self';base-uri 'self';font-src 'self' https: data:;form-action 'self';frame-ancestors 'self';img-src 'self' data:;object-src 'none';script-src 'self';script-src-attr 'none';style-src 'self' https: 'unsafe-inline';upgrade-insecure-requests",
        "cross-origin-opener-policy": "same-origin",
        "cross-origin-resource-policy": "same-origin",
        "origin-agent-cluster": "?1",
        "referrer-policy": "no-referrer",
        "strict-transport-security": "max-age=31536000; includeSubDomains",
        "x-content-type-options": "nosniff",
        "x-dns-prefetch-control": "off",
        "x-download-options": "noopen",
        "x-frame-options": "SAMEORIGIN",
        "x-permitted-cross-domain-policies": "none",
        "x-xss-protection": "0",
        "vary": "Origin",
        "access-control-allow-credentials": "true",
        "x-ratelimit-limit": "120",
        "x-ratelimit-remaining": "119",
        "x-ratelimit-reset": "60",
        "x-correlation-id": "4401a924-af67-463d-8726-04d5a762c751",
        "content-type": "application/json; charset=utf-8",
        "content-length": "2",
        "etag": "W/\"2-l9Fw4VUO7kr8CvBlt4zaMCqXZ0w\""
      }
    }
    [35mresponseTime[39m: 3
[15:38:20.749] [32mINFO[39m (4064): [36mrequest completed[39m
    [35mreq[39m: {
      "id": 128,
      "method": "GET",
      "url": "/api/telemetry",
      "query": {},
      "params": {
        "path": [
          "telemetry"
        ]
      },
      "headers": {
        "host": "localhost:4000",
        "connection": "keep-alive",
        "authorization": "Bearer eyJhbGciOiJIUzI1NiIsInR5cCI6IkpXVCJ9.eyJzdWIiOiJ1c2VyLWFkbWluIiwiZW1haWwiOiJhZG1pbkBndW5nbmlyLmxvY2FsIiwicm9sZXMiOlsiYWRtaW4iLCJhZG1pbiJdLCJpYXQiOjE3NzkxMzI1NjgsImV4cCI6MTc3OTEzMzQ2OH0.Um6LVIj16_G9zxqgxoiHuNSIzjzjduXhCoTAHsQ9w9o",
        "accept": "*/*",
        "accept-language": "*",
        "sec-fetch-mode": "cors",
        "user-agent": "node",
        "pragma": "no-cache",
        "cache-control": "no-cache",
        "accept-encoding": "gzip, deflate"
      },
      "remoteAddress": "127.0.0.1",
      "remotePort": 54198
    }
    [35mres[39m: {
      "statusCode": 200,
      "headers": {
        "content-security-policy": "default-src 'self';base-uri 'self';font-src 'self' https: data:;form-action 'self';frame-ancestors 'self';img-src 'self' data:;object-src 'none';script-src 'self';script-src-attr 'none';style-src 'self' https: 'unsafe-inline';upgrade-insecure-requests",
        "cross-origin-opener-policy": "same-origin",
        "cross-origin-resource-policy": "same-origin",
        "origin-agent-cluster": "?1",
        "referrer-policy": "no-referrer",
        "strict-transport-security": "max-age=31536000; includeSubDomains",
        "x-content-type-options": "nosniff",
        "x-dns-prefetch-control": "off",
        "x-download-options": "noopen",
        "x-frame-options": "SAMEORIGIN",
        "x-permitted-cross-domain-policies": "none",
        "x-xss-protection": "0",
        "vary": "Origin",
        "access-control-allow-credentials": "true",
        "x-ratelimit-limit": "120",
        "x-ratelimit-remaining": "119",
        "x-ratelimit-reset": "60",
        "x-correlation-id": "157cdcb8-f392-4f6f-b9f6-be5a9a37d86e",
        "content-type": "application/json; charset=utf-8",
        "content-length": "426",
        "etag": "W/\"1aa-bjbCYD4WhTpb5Q/I7yK/VOE8NPE\""
      }
    }
    [35mresponseTime[39m: 5
[15:38:20.784] [32mINFO[39m (4064): [36mrequest completed[39m
    [35mreq[39m: {
      "id": 130,
      "method": "GET",
      "url": "/api/commands",
      "query": {},
      "params": {
        "path": [
          "commands"
        ]
      },
      "headers": {
        "host": "localhost:4000",
        "connection": "keep-alive",
        "authorization": "Bearer eyJhbGciOiJIUzI1NiIsInR5cCI6IkpXVCJ9.eyJzdWIiOiJ1c2VyLWFkbWluIiwiZW1haWwiOiJhZG1pbkBndW5nbmlyLmxvY2FsIiwicm9sZXMiOlsiYWRtaW4iLCJhZG1pbiJdLCJpYXQiOjE3NzkxMzI1NjgsImV4cCI6MTc3OTEzMzQ2OH0.Um6LVIj16_G9zxqgxoiHuNSIzjzjduXhCoTAHsQ9w9o",
        "accept": "*/*",
        "accept-language": "*",
        "sec-fetch-mode": "cors",
        "user-agent": "node",
        "pragma": "no-cache",
        "cache-control": "no-cache",
        "accept-encoding": "gzip, deflate"
      },
      "remoteAddress": "127.0.0.1",
      "remotePort": 53502
    }
    [35mres[39m: {
      "statusCode": 200,
      "headers": {
        "content-security-policy": "default-src 'self';base-uri 'self';font-src 'self' https: data:;form-action 'self';frame-ancestors 'self';img-src 'self' data:;object-src 'none';script-src 'self';script-src-attr 'none';style-src 'self' https: 'unsafe-inline';upgrade-insecure-requests",
        "cross-origin-opener-policy": "same-origin",
        "cross-origin-resource-policy": "same-origin",
        "origin-agent-cluster": "?1",
        "referrer-policy": "no-referrer",
        "strict-transport-security": "max-age=31536000; includeSubDomains",
        "x-content-type-options": "nosniff",
        "x-dns-prefetch-control": "off",
        "x-download-options": "noopen",
        "x-frame-options": "SAMEORIGIN",
        "x-permitted-cross-domain-policies": "none",
        "x-xss-protection": "0",
        "vary": "Origin",
        "access-control-allow-credentials": "true",
        "x-ratelimit-limit": "120",
        "x-ratelimit-remaining": "119",
        "x-ratelimit-reset": "60",
        "x-correlation-id": "1a7ced92-852e-4a14-9665-09041f4201fb",
        "content-type": "application/json; charset=utf-8",
        "content-length": "2",
        "etag": "W/\"2-l9Fw4VUO7kr8CvBlt4zaMCqXZ0w\""
      }
    }
    [35mresponseTime[39m: 3
[15:38:20.796] [32mINFO[39m (4064): [36mrequest completed[39m
    [35mreq[39m: {
      "id": 131,
      "method": "GET",
      "url": "/api/missions",
      "query": {},
      "params": {
        "path": [
          "missions"
        ]
      },
      "headers": {
        "host": "localhost:4000",
        "connection": "keep-alive",
        "authorization": "Bearer eyJhbGciOiJIUzI1NiIsInR5cCI6IkpXVCJ9.eyJzdWIiOiJ1c2VyLWFkbWluIiwiZW1haWwiOiJhZG1pbkBndW5nbmlyLmxvY2FsIiwicm9sZXMiOlsiYWRtaW4iLCJhZG1pbiJdLCJpYXQiOjE3NzkxMzI1NjgsImV4cCI6MTc3OTEzMzQ2OH0.Um6LVIj16_G9zxqgxoiHuNSIzjzjduXhCoTAHsQ9w9o",
        "accept": "*/*",
        "accept-language": "*",
        "sec-fetch-mode": "cors",
        "user-agent": "node",
        "pragma": "no-cache",
        "cache-control": "no-cache",
        "accept-encoding": "gzip, deflate"
      },
      "remoteAddress": "127.0.0.1",
      "remotePort": 53504
    }
    [35mres[39m: {
      "statusCode": 200,
      "headers": {
        "content-security-policy": "default-src 'self';base-uri 'self';font-src 'self' https: data:;form-action 'self';frame-ancestors 'self';img-src 'self' data:;object-src 'none';script-src 'self';script-src-attr 'none';style-src 'self' https: 'unsafe-inline';upgrade-insecure-requests",
        "cross-origin-opener-policy": "same-origin",
        "cross-origin-resource-policy": "same-origin",
        "origin-agent-cluster": "?1",
        "referrer-policy": "no-referrer",
        "strict-transport-security": "max-age=31536000; includeSubDomains",
        "x-content-type-options": "nosniff",
        "x-dns-prefetch-control": "off",
        "x-download-options": "noopen",
        "x-frame-options": "SAMEORIGIN",
        "x-permitted-cross-domain-policies": "none",
        "x-xss-protection": "0",
        "vary": "Origin",
        "access-control-allow-credentials": "true",
        "x-ratelimit-limit": "120",
        "x-ratelimit-remaining": "119",
        "x-ratelimit-reset": "60",
        "x-correlation-id": "d9d8b81c-c249-4bb7-a07f-25dd94f99986",
        "content-type": "application/json; charset=utf-8",
        "content-length": "2",
        "etag": "W/\"2-l9Fw4VUO7kr8CvBlt4zaMCqXZ0w\""
      }
    }
    [35mresponseTime[39m: 3
[15:38:20.819] [32mINFO[39m (4064): [36mrequest completed[39m
    [35mreq[39m: {
      "id": 132,
      "method": "GET",
      "url": "/api/geofences",
      "query": {},
      "params": {
        "path": [
          "geofences"
        ]
      },
      "headers": {
        "host": "localhost:4000",
        "connection": "keep-alive",
        "authorization": "Bearer eyJhbGciOiJIUzI1NiIsInR5cCI6IkpXVCJ9.eyJzdWIiOiJ1c2VyLWFkbWluIiwiZW1haWwiOiJhZG1pbkBndW5nbmlyLmxvY2FsIiwicm9sZXMiOlsiYWRtaW4iLCJhZG1pbiJdLCJpYXQiOjE3NzkxMzI1NjgsImV4cCI6MTc3OTEzMzQ2OH0.Um6LVIj16_G9zxqgxoiHuNSIzjzjduXhCoTAHsQ9w9o",
        "accept": "*/*",
        "accept-language": "*",
        "sec-fetch-mode": "cors",
        "user-agent": "node",
        "pragma": "no-cache",
        "cache-control": "no-cache",
        "accept-encoding": "gzip, deflate"
      },
      "remoteAddress": "127.0.0.1",
      "remotePort": 53502
    }
    [35mres[39m: {
      "statusCode": 200,
      "headers": {
        "content-security-policy": "default-src 'self';base-uri 'self';font-src 'self' https: data:;form-action 'self';frame-ancestors 'self';img-src 'self' data:;object-src 'none';script-src 'self';script-src-attr 'none';style-src 'self' https: 'unsafe-inline';upgrade-insecure-requests",
        "cross-origin-opener-policy": "same-origin",
        "cross-origin-resource-policy": "same-origin",
        "origin-agent-cluster": "?1",
        "referrer-policy": "no-referrer",
        "strict-transport-security": "max-age=31536000; includeSubDomains",
        "x-content-type-options": "nosniff",
        "x-dns-prefetch-control": "off",
        "x-download-options": "noopen",
        "x-frame-options": "SAMEORIGIN",
        "x-permitted-cross-domain-policies": "none",
        "x-xss-protection": "0",
        "vary": "Origin",
        "access-control-allow-credentials": "true",
        "x-ratelimit-limit": "120",
        "x-ratelimit-remaining": "119",
        "x-ratelimit-reset": "60",
        "x-correlation-id": "1a0bec2f-f409-4fad-bb8a-244627dd859c",
        "content-type": "application/json; charset=utf-8",
        "content-length": "2",
        "etag": "W/\"2-l9Fw4VUO7kr8CvBlt4zaMCqXZ0w\""
      }
    }
    [35mresponseTime[39m: 2
[15:38:20.839] [32mINFO[39m (4064): [36mrequest completed[39m
    [35mreq[39m: {
      "id": 133,
      "method": "GET",
      "url": "/api/map-layers",
      "query": {},
      "params": {
        "path": [
          "map-layers"
        ]
      },
      "headers": {
        "host": "localhost:4000",
        "connection": "keep-alive",
        "authorization": "Bearer eyJhbGciOiJIUzI1NiIsInR5cCI6IkpXVCJ9.eyJzdWIiOiJ1c2VyLWFkbWluIiwiZW1haWwiOiJhZG1pbkBndW5nbmlyLmxvY2FsIiwicm9sZXMiOlsiYWRtaW4iLCJhZG1pbiJdLCJpYXQiOjE3NzkxMzI1NjgsImV4cCI6MTc3OTEzMzQ2OH0.Um6LVIj16_G9zxqgxoiHuNSIzjzjduXhCoTAHsQ9w9o",
        "accept": "*/*",
        "accept-language": "*",
        "sec-fetch-mode": "cors",
        "user-agent": "node",
        "pragma": "no-cache",
        "cache-control": "no-cache",
        "accept-encoding": "gzip, deflate"
      },
      "remoteAddress": "127.0.0.1",
      "remotePort": 53502
    }
    [35mres[39m: {
      "statusCode": 200,
      "headers": {
        "content-security-policy": "default-src 'self';base-uri 'self';font-src 'self' https: data:;form-action 'self';frame-ancestors 'self';img-src 'self' data:;object-src 'none';script-src 'self';script-src-attr 'none';style-src 'self' https: 'unsafe-inline';upgrade-insecure-requests",
        "cross-origin-opener-policy": "same-origin",
        "cross-origin-resource-policy": "same-origin",
        "origin-agent-cluster": "?1",
        "referrer-policy": "no-referrer",
        "strict-transport-security": "max-age=31536000; includeSubDomains",
        "x-content-type-options": "nosniff",
        "x-dns-prefetch-control": "off",
        "x-download-options": "noopen",
        "x-frame-options": "SAMEORIGIN",
        "x-permitted-cross-domain-policies": "none",
        "x-xss-protection": "0",
        "vary": "Origin",
        "access-control-allow-credentials": "true",
        "x-ratelimit-limit": "120",
        "x-ratelimit-remaining": "119",
        "x-ratelimit-reset": "60",
        "x-correlation-id": "68cc7c68-a82f-4b2c-ae9c-533c7fa9ee4a",
        "content-type": "application/json; charset=utf-8",
        "content-length": "2206",
        "etag": "W/\"89e-nm4/RTFy2F+69MjI+xqwAwWUsXo\""
      }
    }
    [35mresponseTime[39m: 3
[15:38:20.895] [32mINFO[39m (4064): [36mrequest completed[39m
    [35mreq[39m: {
      "id": 134,
      "method": "GET",
      "url": "/api/map-layers/layer-fire-intel/geojson",
      "query": {},
      "params": {
        "path": [
          "map-layers",
          "layer-fire-intel",
          "geojson"
        ]
      },
      "headers": {
        "host": "localhost:4000",
        "connection": "keep-alive",
        "authorization": "Bearer eyJhbGciOiJIUzI1NiIsInR5cCI6IkpXVCJ9.eyJzdWIiOiJ1c2VyLWFkbWluIiwiZW1haWwiOiJhZG1pbkBndW5nbmlyLmxvY2FsIiwicm9sZXMiOlsiYWRtaW4iLCJhZG1pbiJdLCJpYXQiOjE3NzkxMzI1NjgsImV4cCI6MTc3OTEzMzQ2OH0.Um6LVIj16_G9zxqgxoiHuNSIzjzjduXhCoTAHsQ9w9o",
        "accept": "*/*",
        "accept-language": "*",
        "sec-fetch-mode": "cors",
        "user-agent": "node",
        "pragma": "no-cache",
        "cache-control": "no-cache",
        "accept-encoding": "gzip, deflate"
      },
      "remoteAddress": "127.0.0.1",
      "remotePort": 53502
    }
    [35mres[39m: {
      "statusCode": 200,
      "headers": {
        "content-security-policy": "default-src 'self';base-uri 'self';font-src 'self' https: data:;form-action 'self';frame-ancestors 'self';img-src 'self' data:;object-src 'none';script-src 'self';script-src-attr 'none';style-src 'self' https: 'unsafe-inline';upgrade-insecure-requests",
        "cross-origin-opener-policy": "same-origin",
        "cross-origin-resource-policy": "same-origin",
        "origin-agent-cluster": "?1",
        "referrer-policy": "no-referrer",
        "strict-transport-security": "max-age=31536000; includeSubDomains",
        "x-content-type-options": "nosniff",
        "x-dns-prefetch-control": "off",
        "x-download-options": "noopen",
        "x-frame-options": "SAMEORIGIN",
        "x-permitted-cross-domain-policies": "none",
        "x-xss-protection": "0",
        "vary": "Origin",
        "access-control-allow-credentials": "true",
        "x-ratelimit-limit": "120",
        "x-ratelimit-remaining": "119",
        "x-ratelimit-reset": "60",
        "x-correlation-id": "a4ad1522-8122-4e82-bee6-bcb54ab7bb83",
        "content-type": "application/json; charset=utf-8",
        "content-length": "42",
        "etag": "W/\"2a-YF4qkQu1OiQfcNelFeHSJ4hLkOE\""
      }
    }
    [35mresponseTime[39m: 3
[15:38:20.939] [34mDEBUG[39m (4064): [36mRealtime client connected: dE3huOFqRgXPh3hcAAAL[39m
    [35mcontext[39m: "RealtimeGateway"
[15:38:20.975] [32mINFO[39m (4064): [36mrequest completed[39m
    [35mreq[39m: {
      "id": 135,
      "method": "GET",
      "url": "/api/map-layers/layer-air-traffic/geojson",
      "query": {},
      "params": {
        "path": [
          "map-layers",
          "layer-air-traffic",
          "geojson"
        ]
      },
      "headers": {
        "host": "localhost:4000",
        "connection": "keep-alive",
        "authorization": "Bearer eyJhbGciOiJIUzI1NiIsInR5cCI6IkpXVCJ9.eyJzdWIiOiJ1c2VyLWFkbWluIiwiZW1haWwiOiJhZG1pbkBndW5nbmlyLmxvY2FsIiwicm9sZXMiOlsiYWRtaW4iLCJhZG1pbiJdLCJpYXQiOjE3NzkxMzI1NjgsImV4cCI6MTc3OTEzMzQ2OH0.Um6LVIj16_G9zxqgxoiHuNSIzjzjduXhCoTAHsQ9w9o",
        "accept": "*/*",
        "accept-language": "*",
        "sec-fetch-mode": "cors",
        "user-agent": "node",
        "pragma": "no-cache",
        "cache-control": "no-cache",
        "accept-encoding": "gzip, deflate"
      },
      "remoteAddress": "127.0.0.1",
      "remotePort": 53504
    }
    [35mres[39m: {
      "statusCode": 200,
      "headers": {
        "content-security-policy": "default-src 'self';base-uri 'self';font-src 'self' https: data:;form-action 'self';frame-ancestors 'self';img-src 'self' data:;object-src 'none';script-src 'self';script-src-attr 'none';style-src 'self' https: 'unsafe-inline';upgrade-insecure-requests",
        "cross-origin-opener-policy": "same-origin",
        "cross-origin-resource-policy": "same-origin",
        "origin-agent-cluster": "?1",
        "referrer-policy": "no-referrer",
        "strict-transport-security": "max-age=31536000; includeSubDomains",
        "x-content-type-options": "nosniff",
        "x-dns-prefetch-control": "off",
        "x-download-options": "noopen",
        "x-frame-options": "SAMEORIGIN",
        "x-permitted-cross-domain-policies": "none",
        "x-xss-protection": "0",
        "vary": "Origin",
        "access-control-allow-credentials": "true",
        "x-ratelimit-limit": "120",
        "x-ratelimit-remaining": "118",
        "x-ratelimit-reset": "60",
        "x-correlation-id": "25f33d39-4dcd-452e-9934-c7081b67a93d",
        "content-type": "application/json; charset=utf-8",
        "content-length": "42",
        "etag": "W/\"2a-YF4qkQu1OiQfcNelFeHSJ4hLkOE\""
      }
    }
    [35mresponseTime[39m: 8
[15:38:20.976] [32mINFO[39m (4064): [36mrequest completed[39m
    [35mreq[39m: {
      "id": 136,
      "method": "GET",
      "url": "/api/map-layers/layer-dgac-firs/geojson",
      "query": {},
      "params": {
        "path": [
          "map-layers",
          "layer-dgac-firs",
          "geojson"
        ]
      },
      "headers": {
        "host": "localhost:4000",
        "connection": "keep-alive",
        "authorization": "Bearer eyJhbGciOiJIUzI1NiIsInR5cCI6IkpXVCJ9.eyJzdWIiOiJ1c2VyLWFkbWluIiwiZW1haWwiOiJhZG1pbkBndW5nbmlyLmxvY2FsIiwicm9sZXMiOlsiYWRtaW4iLCJhZG1pbiJdLCJpYXQiOjE3NzkxMzI1NjgsImV4cCI6MTc3OTEzMzQ2OH0.Um6LVIj16_G9zxqgxoiHuNSIzjzjduXhCoTAHsQ9w9o",
        "accept": "*/*",
        "accept-language": "*",
        "sec-fetch-mode": "cors",
        "user-agent": "node",
        "pragma": "no-cache",
        "cache-control": "no-cache",
        "accept-encoding": "gzip, deflate"
      },
      "remoteAddress": "127.0.0.1",
      "remotePort": 54197
    }
    [35mres[39m: {
      "statusCode": 200,
      "headers": {
        "content-security-policy": "default-src 'self';base-uri 'self';font-src 'self' https: data:;form-action 'self';frame-ancestors 'self';img-src 'self' data:;object-src 'none';script-src 'self';script-src-attr 'none';style-src 'self' https: 'unsafe-inline';upgrade-insecure-requests",
        "cross-origin-opener-policy": "same-origin",
        "cross-origin-resource-policy": "same-origin",
        "origin-agent-cluster": "?1",
        "referrer-policy": "no-referrer",
        "strict-transport-security": "max-age=31536000; includeSubDomains",
        "x-content-type-options": "nosniff",
        "x-dns-prefetch-control": "off",
        "x-download-options": "noopen",
        "x-frame-options": "SAMEORIGIN",
        "x-permitted-cross-domain-policies": "none",
        "x-xss-protection": "0",
        "vary": "Origin",
        "access-control-allow-credentials": "true",
        "x-ratelimit-limit": "120",
        "x-ratelimit-remaining": "117",
        "x-ratelimit-reset": "60",
        "x-correlation-id": "d8c41b57-0c23-4e48-b278-10591781b71c",
        "content-type": "application/json; charset=utf-8",
        "content-length": "42",
        "etag": "W/\"2a-YF4qkQu1OiQfcNelFeHSJ4hLkOE\""
      }
    }
    [35mresponseTime[39m: 8
[15:38:20.978] [32mINFO[39m (4064): [36mrequest completed[39m
    [35mreq[39m: {
      "id": 137,
      "method": "GET",
      "url": "/api/map-layers/layer-dgac-aerodromes/geojson",
      "query": {},
      "params": {
        "path": [
          "map-layers",
          "layer-dgac-aerodromes",
          "geojson"
        ]
      },
      "headers": {
        "host": "localhost:4000",
        "connection": "keep-alive",
        "authorization": "Bearer eyJhbGciOiJIUzI1NiIsInR5cCI6IkpXVCJ9.eyJzdWIiOiJ1c2VyLWFkbWluIiwiZW1haWwiOiJhZG1pbkBndW5nbmlyLmxvY2FsIiwicm9sZXMiOlsiYWRtaW4iLCJhZG1pbiJdLCJpYXQiOjE3NzkxMzI1NjgsImV4cCI6MTc3OTEzMzQ2OH0.Um6LVIj16_G9zxqgxoiHuNSIzjzjduXhCoTAHsQ9w9o",
        "accept": "*/*",
        "accept-language": "*",
        "sec-fetch-mode": "cors",
        "user-agent": "node",
        "pragma": "no-cache",
        "cache-control": "no-cache",
        "accept-encoding": "gzip, deflate"
      },
      "remoteAddress": "127.0.0.1",
      "remotePort": 54198
    }
    [35mres[39m: {
      "statusCode": 200,
      "headers": {
        "content-security-policy": "default-src 'self';base-uri 'self';font-src 'self' https: data:;form-action 'self';frame-ancestors 'self';img-src 'self' data:;object-src 'none';script-src 'self';script-src-attr 'none';style-src 'self' https: 'unsafe-inline';upgrade-insecure-requests",
        "cross-origin-opener-policy": "same-origin",
        "cross-origin-resource-policy": "same-origin",
        "origin-agent-cluster": "?1",
        "referrer-policy": "no-referrer",
        "strict-transport-security": "max-age=31536000; includeSubDomains",
        "x-content-type-options": "nosniff",
        "x-dns-prefetch-control": "off",
        "x-download-options": "noopen",
        "x-frame-options": "SAMEORIGIN",
        "x-permitted-cross-domain-policies": "none",
        "x-xss-protection": "0",
        "vary": "Origin",
        "access-control-allow-credentials": "true",
        "x-ratelimit-limit": "120",
        "x-ratelimit-remaining": "116",
        "x-ratelimit-reset": "60",
        "x-correlation-id": "a2212667-f1e8-475a-b15d-04d3ac8e6382",
        "content-type": "application/json; charset=utf-8",
        "content-length": "42",
        "etag": "W/\"2a-YF4qkQu1OiQfcNelFeHSJ4hLkOE\""
      }
    }
    [35mresponseTime[39m: 10
[15:38:20.999] [32mINFO[39m (4064): [36mrequest completed[39m
    [35mreq[39m: {
      "id": 139,
      "method": "GET",
      "url": "/api/map-layers/layer-dgac-notams/geojson",
      "query": {},
      "params": {
        "path": [
          "map-layers",
          "layer-dgac-notams",
          "geojson"
        ]
      },
      "headers": {
        "host": "localhost:4000",
        "connection": "keep-alive",
        "authorization": "Bearer eyJhbGciOiJIUzI1NiIsInR5cCI6IkpXVCJ9.eyJzdWIiOiJ1c2VyLWFkbWluIiwiZW1haWwiOiJhZG1pbkBndW5nbmlyLmxvY2FsIiwicm9sZXMiOlsiYWRtaW4iLCJhZG1pbiJdLCJpYXQiOjE3NzkxMzI1NjgsImV4cCI6MTc3OTEzMzQ2OH0.Um6LVIj16_G9zxqgxoiHuNSIzjzjduXhCoTAHsQ9w9o",
        "accept": "*/*",
        "accept-language": "*",
        "sec-fetch-mode": "cors",
        "user-agent": "node",
        "pragma": "no-cache",
        "cache-control": "no-cache",
        "accept-encoding": "gzip, deflate"
      },
      "remoteAddress": "127.0.0.1",
      "remotePort": 53502
    }
    [35mres[39m: {
      "statusCode": 200,
      "headers": {
        "content-security-policy": "default-src 'self';base-uri 'self';font-src 'self' https: data:;form-action 'self';frame-ancestors 'self';img-src 'self' data:;object-src 'none';script-src 'self';script-src-attr 'none';style-src 'self' https: 'unsafe-inline';upgrade-insecure-requests",
        "cross-origin-opener-policy": "same-origin",
        "cross-origin-resource-policy": "same-origin",
        "origin-agent-cluster": "?1",
        "referrer-policy": "no-referrer",
        "strict-transport-security": "max-age=31536000; includeSubDomains",
        "x-content-type-options": "nosniff",
        "x-dns-prefetch-control": "off",
        "x-download-options": "noopen",
        "x-frame-options": "SAMEORIGIN",
        "x-permitted-cross-domain-policies": "none",
        "x-xss-protection": "0",
        "vary": "Origin",
        "access-control-allow-credentials": "true",
        "x-ratelimit-limit": "120",
        "x-ratelimit-remaining": "114",
        "x-ratelimit-reset": "60",
        "x-correlation-id": "43a76482-60b3-4e59-a711-32e744e464d6",
        "content-type": "application/json; charset=utf-8",
        "content-length": "42",
        "etag": "W/\"2a-YF4qkQu1OiQfcNelFeHSJ4hLkOE\""
      }
    }
    [35mresponseTime[39m: 27
[15:38:20.999] [32mINFO[39m (4064): [36mrequest completed[39m
    [35mreq[39m: {
      "id": 138,
      "method": "GET",
      "url": "/api/map-layers/layer-dgac-local-points/geojson",
      "query": {},
      "params": {
        "path": [
          "map-layers",
          "layer-dgac-local-points",
          "geojson"
        ]
      },
      "headers": {
        "host": "localhost:4000",
        "connection": "keep-alive",
        "authorization": "Bearer eyJhbGciOiJIUzI1NiIsInR5cCI6IkpXVCJ9.eyJzdWIiOiJ1c2VyLWFkbWluIiwiZW1haWwiOiJhZG1pbkBndW5nbmlyLmxvY2FsIiwicm9sZXMiOlsiYWRtaW4iLCJhZG1pbiJdLCJpYXQiOjE3NzkxMzI1NjgsImV4cCI6MTc3OTEzMzQ2OH0.Um6LVIj16_G9zxqgxoiHuNSIzjzjduXhCoTAHsQ9w9o",
        "accept": "*/*",
        "accept-language": "*",
        "sec-fetch-mode": "cors",
        "user-agent": "node",
        "pragma": "no-cache",
        "cache-control": "no-cache",
        "accept-encoding": "gzip, deflate"
      },
      "remoteAddress": "127.0.0.1",
      "remotePort": 54199
    }
    [35mres[39m: {
      "statusCode": 200,
      "headers": {
        "content-security-policy": "default-src 'self';base-uri 'self';font-src 'self' https: data:;form-action 'self';frame-ancestors 'self';img-src 'self' data:;object-src 'none';script-src 'self';script-src-attr 'none';style-src 'self' https: 'unsafe-inline';upgrade-insecure-requests",
        "cross-origin-opener-policy": "same-origin",
        "cross-origin-resource-policy": "same-origin",
        "origin-agent-cluster": "?1",
        "referrer-policy": "no-referrer",
        "strict-transport-security": "max-age=31536000; includeSubDomains",
        "x-content-type-options": "nosniff",
        "x-dns-prefetch-control": "off",
        "x-download-options": "noopen",
        "x-frame-options": "SAMEORIGIN",
        "x-permitted-cross-domain-policies": "none",
        "x-xss-protection": "0",
        "vary": "Origin",
        "access-control-allow-credentials": "true",
        "x-ratelimit-limit": "120",
        "x-ratelimit-remaining": "115",
        "x-ratelimit-reset": "60",
        "x-correlation-id": "d58e5a37-f810-4b8a-b34c-bdc2c0eff708",
        "content-type": "application/json; charset=utf-8",
        "content-length": "42",
        "etag": "W/\"2a-YF4qkQu1OiQfcNelFeHSJ4hLkOE\""
      }
    }
    [35mresponseTime[39m: 30
[15:38:21.029] [32mINFO[39m (4064): [36mrequest completed[39m
    [35mreq[39m: {
      "id": 140,
      "method": "GET",
      "url": "/api/map-layers/layer-fire-intel/geojson",
      "query": {},
      "params": {
        "path": [
          "map-layers",
          "layer-fire-intel",
          "geojson"
        ]
      },
      "headers": {
        "host": "localhost:4000",
        "connection": "keep-alive",
        "authorization": "Bearer eyJhbGciOiJIUzI1NiIsInR5cCI6IkpXVCJ9.eyJzdWIiOiJ1c2VyLWFkbWluIiwiZW1haWwiOiJhZG1pbkBndW5nbmlyLmxvY2FsIiwicm9sZXMiOlsiYWRtaW4iLCJhZG1pbiJdLCJpYXQiOjE3NzkxMzI1NjgsImV4cCI6MTc3OTEzMzQ2OH0.Um6LVIj16_G9zxqgxoiHuNSIzjzjduXhCoTAHsQ9w9o",
        "accept": "*/*",
        "accept-language": "*",
        "sec-fetch-mode": "cors",
        "user-agent": "node",
        "pragma": "no-cache",
        "cache-control": "no-cache",
        "accept-encoding": "gzip, deflate"
      },
      "remoteAddress": "127.0.0.1",
      "remotePort": 53502
    }
    [35mres[39m: {
      "statusCode": 200,
      "headers": {
        "content-security-policy": "default-src 'self';base-uri 'self';font-src 'self' https: data:;form-action 'self';frame-ancestors 'self';img-src 'self' data:;object-src 'none';script-src 'self';script-src-attr 'none';style-src 'self' https: 'unsafe-inline';upgrade-insecure-requests",
        "cross-origin-opener-policy": "same-origin",
        "cross-origin-resource-policy": "same-origin",
        "origin-agent-cluster": "?1",
        "referrer-policy": "no-referrer",
        "strict-transport-security": "max-age=31536000; includeSubDomains",
        "x-content-type-options": "nosniff",
        "x-dns-prefetch-control": "off",
        "x-download-options": "noopen",
        "x-frame-options": "SAMEORIGIN",
        "x-permitted-cross-domain-policies": "none",
        "x-xss-protection": "0",
        "vary": "Origin",
        "access-control-allow-credentials": "true",
        "x-ratelimit-limit": "120",
        "x-ratelimit-remaining": "113",
        "x-ratelimit-reset": "60",
        "x-correlation-id": "c66e51a8-8284-459c-9931-b1d2bedc19c0",
        "content-type": "application/json; charset=utf-8",
        "content-length": "42",
        "etag": "W/\"2a-YF4qkQu1OiQfcNelFeHSJ4hLkOE\""
      }
    }
    [35mresponseTime[39m: 12
[15:38:21.035] [32mINFO[39m (4064): [36mrequest completed[39m
    [35mreq[39m: {
      "id": 141,
      "method": "GET",
      "url": "/api/map-layers/layer-air-traffic/geojson",
      "query": {},
      "params": {
        "path": [
          "map-layers",
          "layer-air-traffic",
          "geojson"
        ]
      },
      "headers": {
        "host": "localhost:4000",
        "connection": "keep-alive",
        "authorization": "Bearer eyJhbGciOiJIUzI1NiIsInR5cCI6IkpXVCJ9.eyJzdWIiOiJ1c2VyLWFkbWluIiwiZW1haWwiOiJhZG1pbkBndW5nbmlyLmxvY2FsIiwicm9sZXMiOlsiYWRtaW4iLCJhZG1pbiJdLCJpYXQiOjE3NzkxMzI1NjgsImV4cCI6MTc3OTEzMzQ2OH0.Um6LVIj16_G9zxqgxoiHuNSIzjzjduXhCoTAHsQ9w9o",
        "accept": "*/*",
        "accept-language": "*",
        "sec-fetch-mode": "cors",
        "user-agent": "node",
        "pragma": "no-cache",
        "cache-control": "no-cache",
        "accept-encoding": "gzip, deflate"
      },
      "remoteAddress": "127.0.0.1",
      "remotePort": 53504
    }
    [35mres[39m: {
      "statusCode": 200,
      "headers": {
        "content-security-policy": "default-src 'self';base-uri 'self';font-src 'self' https: data:;form-action 'self';frame-ancestors 'self';img-src 'self' data:;object-src 'none';script-src 'self';script-src-attr 'none';style-src 'self' https: 'unsafe-inline';upgrade-insecure-requests",
        "cross-origin-opener-policy": "same-origin",
        "cross-origin-resource-policy": "same-origin",
        "origin-agent-cluster": "?1",
        "referrer-policy": "no-referrer",
        "strict-transport-security": "max-age=31536000; includeSubDomains",
        "x-content-type-options": "nosniff",
        "x-dns-prefetch-control": "off",
        "x-download-options": "noopen",
        "x-frame-options": "SAMEORIGIN",
        "x-permitted-cross-domain-policies": "none",
        "x-xss-protection": "0",
        "vary": "Origin",
        "access-control-allow-credentials": "true",
        "x-ratelimit-limit": "120",
        "x-ratelimit-remaining": "112",
        "x-ratelimit-reset": "60",
        "x-correlation-id": "1dd2f921-0d74-4fa7-a35c-7579736c31af",
        "content-type": "application/json; charset=utf-8",
        "content-length": "42",
        "etag": "W/\"2a-YF4qkQu1OiQfcNelFeHSJ4hLkOE\""
      }
    }
    [35mresponseTime[39m: 4
[15:38:21.051] [32mINFO[39m (4064): [36mrequest completed[39m
    [35mreq[39m: {
      "id": 142,
      "method": "GET",
      "url": "/api/map-layers/layer-dgac-aerodromes/geojson",
      "query": {},
      "params": {
        "path": [
          "map-layers",
          "layer-dgac-aerodromes",
          "geojson"
        ]
      },
      "headers": {
        "host": "localhost:4000",
        "connection": "keep-alive",
        "authorization": "Bearer eyJhbGciOiJIUzI1NiIsInR5cCI6IkpXVCJ9.eyJzdWIiOiJ1c2VyLWFkbWluIiwiZW1haWwiOiJhZG1pbkBndW5nbmlyLmxvY2FsIiwicm9sZXMiOlsiYWRtaW4iLCJhZG1pbiJdLCJpYXQiOjE3NzkxMzI1NjgsImV4cCI6MTc3OTEzMzQ2OH0.Um6LVIj16_G9zxqgxoiHuNSIzjzjduXhCoTAHsQ9w9o",
        "accept": "*/*",
        "accept-language": "*",
        "sec-fetch-mode": "cors",
        "user-agent": "node",
        "pragma": "no-cache",
        "cache-control": "no-cache",
        "accept-encoding": "gzip, deflate"
      },
      "remoteAddress": "127.0.0.1",
      "remotePort": 53502
    }
    [35mres[39m: {
      "statusCode": 200,
      "headers": {
        "content-security-policy": "default-src 'self';base-uri 'self';font-src 'self' https: data:;form-action 'self';frame-ancestors 'self';img-src 'self' data:;object-src 'none';script-src 'self';script-src-attr 'none';style-src 'self' https: 'unsafe-inline';upgrade-insecure-requests",
        "cross-origin-opener-policy": "same-origin",
        "cross-origin-resource-policy": "same-origin",
        "origin-agent-cluster": "?1",
        "referrer-policy": "no-referrer",
        "strict-transport-security": "max-age=31536000; includeSubDomains",
        "x-content-type-options": "nosniff",
        "x-dns-prefetch-control": "off",
        "x-download-options": "noopen",
        "x-frame-options": "SAMEORIGIN",
        "x-permitted-cross-domain-policies": "none",
        "x-xss-protection": "0",
        "vary": "Origin",
        "access-control-allow-credentials": "true",
        "x-ratelimit-limit": "120",
        "x-ratelimit-remaining": "111",
        "x-ratelimit-reset": "60",
        "x-correlation-id": "890ddec2-68c8-40a3-bffd-3248ce74fc5b",
        "content-type": "application/json; charset=utf-8",
        "content-length": "42",
        "etag": "W/\"2a-YF4qkQu1OiQfcNelFeHSJ4hLkOE\""
      }
    }
    [35mresponseTime[39m: 5
[15:38:21.073] [32mINFO[39m (4064): [36mrequest completed[39m
    [35mreq[39m: {
      "id": 143,
      "method": "GET",
      "url": "/api/map-layers/layer-dgac-local-points/geojson",
      "query": {},
      "params": {
        "path": [
          "map-layers",
          "layer-dgac-local-points",
          "geojson"
        ]
      },
      "headers": {
        "host": "localhost:4000",
        "connection": "keep-alive",
        "authorization": "Bearer eyJhbGciOiJIUzI1NiIsInR5cCI6IkpXVCJ9.eyJzdWIiOiJ1c2VyLWFkbWluIiwiZW1haWwiOiJhZG1pbkBndW5nbmlyLmxvY2FsIiwicm9sZXMiOlsiYWRtaW4iLCJhZG1pbiJdLCJpYXQiOjE3NzkxMzI1NjgsImV4cCI6MTc3OTEzMzQ2OH0.Um6LVIj16_G9zxqgxoiHuNSIzjzjduXhCoTAHsQ9w9o",
        "accept": "*/*",
        "accept-language": "*",
        "sec-fetch-mode": "cors",
        "user-agent": "node",
        "pragma": "no-cache",
        "cache-control": "no-cache",
        "accept-encoding": "gzip, deflate"
      },
      "remoteAddress": "127.0.0.1",
      "remotePort": 53504
    }
    [35mres[39m: {
      "statusCode": 200,
      "headers": {
        "content-security-policy": "default-src 'self';base-uri 'self';font-src 'self' https: data:;form-action 'self';frame-ancestors 'self';img-src 'self' data:;object-src 'none';script-src 'self';script-src-attr 'none';style-src 'self' https: 'unsafe-inline';upgrade-insecure-requests",
        "cross-origin-opener-policy": "same-origin",
        "cross-origin-resource-policy": "same-origin",
        "origin-agent-cluster": "?1",
        "referrer-policy": "no-referrer",
        "strict-transport-security": "max-age=31536000; includeSubDomains",
        "x-content-type-options": "nosniff",
        "x-dns-prefetch-control": "off",
        "x-download-options": "noopen",
        "x-frame-options": "SAMEORIGIN",
        "x-permitted-cross-domain-policies": "none",
        "x-xss-protection": "0",
        "vary": "Origin",
        "access-control-allow-credentials": "true",
        "x-ratelimit-limit": "120",
        "x-ratelimit-remaining": "110",
        "x-ratelimit-reset": "60",
        "x-correlation-id": "ee22e83c-1cc5-46d4-a8fc-ad97259d771c",
        "content-type": "application/json; charset=utf-8",
        "content-length": "42",
        "etag": "W/\"2a-YF4qkQu1OiQfcNelFeHSJ4hLkOE\""
      }
    }
    [35mresponseTime[39m: 9
[15:38:21.093] [32mINFO[39m (4064): [36mrequest completed[39m
    [35mreq[39m: {
      "id": 144,
      "method": "GET",
      "url": "/api/map-layers/layer-dgac-firs/geojson",
      "query": {},
      "params": {
        "path": [
          "map-layers",
          "layer-dgac-firs",
          "geojson"
        ]
      },
      "headers": {
        "host": "localhost:4000",
        "connection": "keep-alive",
        "authorization": "Bearer eyJhbGciOiJIUzI1NiIsInR5cCI6IkpXVCJ9.eyJzdWIiOiJ1c2VyLWFkbWluIiwiZW1haWwiOiJhZG1pbkBndW5nbmlyLmxvY2FsIiwicm9sZXMiOlsiYWRtaW4iLCJhZG1pbiJdLCJpYXQiOjE3NzkxMzI1NjgsImV4cCI6MTc3OTEzMzQ2OH0.Um6LVIj16_G9zxqgxoiHuNSIzjzjduXhCoTAHsQ9w9o",
        "accept": "*/*",
        "accept-language": "*",
        "sec-fetch-mode": "cors",
        "user-agent": "node",
        "pragma": "no-cache",
        "cache-control": "no-cache",
        "accept-encoding": "gzip, deflate"
      },
      "remoteAddress": "127.0.0.1",
      "remotePort": 53502
    }
    [35mres[39m: {
      "statusCode": 200,
      "headers": {
        "content-security-policy": "default-src 'self';base-uri 'self';font-src 'self' https: data:;form-action 'self';frame-ancestors 'self';img-src 'self' data:;object-src 'none';script-src 'self';script-src-attr 'none';style-src 'self' https: 'unsafe-inline';upgrade-insecure-requests",
        "cross-origin-opener-policy": "same-origin",
        "cross-origin-resource-policy": "same-origin",
        "origin-agent-cluster": "?1",
        "referrer-policy": "no-referrer",
        "strict-transport-security": "max-age=31536000; includeSubDomains",
        "x-content-type-options": "nosniff",
        "x-dns-prefetch-control": "off",
        "x-download-options": "noopen",
        "x-frame-options": "SAMEORIGIN",
        "x-permitted-cross-domain-policies": "none",
        "x-xss-protection": "0",
        "vary": "Origin",
        "access-control-allow-credentials": "true",
        "x-ratelimit-limit": "120",
        "x-ratelimit-remaining": "109",
        "x-ratelimit-reset": "60",
        "x-correlation-id": "733a9fa1-eb9c-4f76-8ce0-c97e46e61dad",
        "content-type": "application/json; charset=utf-8",
        "content-length": "42",
        "etag": "W/\"2a-YF4qkQu1OiQfcNelFeHSJ4hLkOE\""
      }
    }
    [35mresponseTime[39m: 4
[15:38:21.109] [32mINFO[39m (4064): [36mrequest completed[39m
    [35mreq[39m: {
      "id": 145,
      "method": "GET",
      "url": "/api/map-layers/layer-dgac-notams/geojson",
      "query": {},
      "params": {
        "path": [
          "map-layers",
          "layer-dgac-notams",
          "geojson"
        ]
      },
      "headers": {
        "host": "localhost:4000",
        "connection": "keep-alive",
        "authorization": "Bearer eyJhbGciOiJIUzI1NiIsInR5cCI6IkpXVCJ9.eyJzdWIiOiJ1c2VyLWFkbWluIiwiZW1haWwiOiJhZG1pbkBndW5nbmlyLmxvY2FsIiwicm9sZXMiOlsiYWRtaW4iLCJhZG1pbiJdLCJpYXQiOjE3NzkxMzI1NjgsImV4cCI6MTc3OTEzMzQ2OH0.Um6LVIj16_G9zxqgxoiHuNSIzjzjduXhCoTAHsQ9w9o",
        "accept": "*/*",
        "accept-language": "*",
        "sec-fetch-mode": "cors",
        "user-agent": "node",
        "pragma": "no-cache",
        "cache-control": "no-cache",
        "accept-encoding": "gzip, deflate"
      },
      "remoteAddress": "127.0.0.1",
      "remotePort": 53502
    }
    [35mres[39m: {
      "statusCode": 200,
      "headers": {
        "content-security-policy": "default-src 'self';base-uri 'self';font-src 'self' https: data:;form-action 'self';frame-ancestors 'self';img-src 'self' data:;object-src 'none';script-src 'self';script-src-attr 'none';style-src 'self' https: 'unsafe-inline';upgrade-insecure-requests",
        "cross-origin-opener-policy": "same-origin",
        "cross-origin-resource-policy": "same-origin",
        "origin-agent-cluster": "?1",
        "referrer-policy": "no-referrer",
        "strict-transport-security": "max-age=31536000; includeSubDomains",
        "x-content-type-options": "nosniff",
        "x-dns-prefetch-control": "off",
        "x-download-options": "noopen",
        "x-frame-options": "SAMEORIGIN",
        "x-permitted-cross-domain-policies": "none",
        "x-xss-protection": "0",
        "vary": "Origin",
        "access-control-allow-credentials": "true",
        "x-ratelimit-limit": "120",
        "x-ratelimit-remaining": "108",
        "x-ratelimit-reset": "60",
        "x-correlation-id": "afaa5dc7-3e88-4491-acca-945040842d01",
        "content-type": "application/json; charset=utf-8",
        "content-length": "42",
        "etag": "W/\"2a-YF4qkQu1OiQfcNelFeHSJ4hLkOE\""
      }
    }
    [35mresponseTime[39m: 4
[15:38:41.416] [32mINFO[39m (4064): [36mrequest completed[39m
    [35mreq[39m: {
      "id": 146,
      "method": "GET",
      "url": "/api/auth/me",
      "query": {},
      "params": {
        "path": [
          "auth",
          "me"
        ]
      },
      "headers": {
        "host": "localhost:4000",
        "connection": "keep-alive",
        "authorization": "Bearer eyJhbGciOiJIUzI1NiIsInR5cCI6IkpXVCJ9.eyJzdWIiOiJ1c2VyLWFkbWluIiwiZW1haWwiOiJhZG1pbkBndW5nbmlyLmxvY2FsIiwicm9sZXMiOlsiYWRtaW4iLCJhZG1pbiJdLCJpYXQiOjE3NzkxMzI1NjgsImV4cCI6MTc3OTEzMzQ2OH0.Um6LVIj16_G9zxqgxoiHuNSIzjzjduXhCoTAHsQ9w9o",
        "accept": "*/*",
        "accept-language": "*",
        "sec-fetch-mode": "cors",
        "user-agent": "node",
        "pragma": "no-cache",
        "cache-control": "no-cache",
        "accept-encoding": "gzip, deflate"
      },
      "remoteAddress": "127.0.0.1",
      "remotePort": 54479
    }
    [35mres[39m: {
      "statusCode": 200,
      "headers": {
        "content-security-policy": "default-src 'self';base-uri 'self';font-src 'self' https: data:;form-action 'self';frame-ancestors 'self';img-src 'self' data:;object-src 'none';script-src 'self';script-src-attr 'none';style-src 'self' https: 'unsafe-inline';upgrade-insecure-requests",
        "cross-origin-opener-policy": "same-origin",
        "cross-origin-resource-policy": "same-origin",
        "origin-agent-cluster": "?1",
        "referrer-policy": "no-referrer",
        "strict-transport-security": "max-age=31536000; includeSubDomains",
        "x-content-type-options": "nosniff",
        "x-dns-prefetch-control": "off",
        "x-download-options": "noopen",
        "x-frame-options": "SAMEORIGIN",
        "x-permitted-cross-domain-policies": "none",
        "x-xss-protection": "0",
        "vary": "Origin",
        "access-control-allow-credentials": "true",
        "x-ratelimit-limit": "120",
        "x-ratelimit-remaining": "117",
        "x-ratelimit-reset": "39",
        "x-correlation-id": "139bbfd5-dfbd-4163-bb60-fd96fc1b3daa",
        "content-type": "application/json; charset=utf-8",
        "content-length": "124",
        "etag": "W/\"7c-QtJzlFTARSsNLVrG/rl/H1cK0Bk\""
      }
    }
    [35mresponseTime[39m: 8
[15:38:41.461] [32mINFO[39m (4064): [36mrequest completed[39m
    [35mreq[39m: {
      "id": 147,
      "method": "GET",
      "url": "/api/v1/operations/bootstrap",
      "query": {},
      "params": {
        "path": [
          "v1",
          "operations",
          "bootstrap"
        ]
      },
      "headers": {
        "host": "localhost:4000",
        "connection": "keep-alive",
        "authorization": "Bearer eyJhbGciOiJIUzI1NiIsInR5cCI6IkpXVCJ9.eyJzdWIiOiJ1c2VyLWFkbWluIiwiZW1haWwiOiJhZG1pbkBndW5nbmlyLmxvY2FsIiwicm9sZXMiOlsiYWRtaW4iLCJhZG1pbiJdLCJpYXQiOjE3NzkxMzI1NjgsImV4cCI6MTc3OTEzMzQ2OH0.Um6LVIj16_G9zxqgxoiHuNSIzjzjduXhCoTAHsQ9w9o",
        "accept": "*/*",
        "accept-language": "*",
        "sec-fetch-mode": "cors",
        "user-agent": "node",
        "pragma": "no-cache",
        "cache-control": "no-cache",
        "accept-encoding": "gzip, deflate"
      },
      "remoteAddress": "127.0.0.1",
      "remotePort": 54481
    }
    [35mres[39m: {
      "statusCode": 200,
      "headers": {
        "content-security-policy": "default-src 'self';base-uri 'self';font-src 'self' https: data:;form-action 'self';frame-ancestors 'self';img-src 'self' data:;object-src 'none';script-src 'self';script-src-attr 'none';style-src 'self' https: 'unsafe-inline';upgrade-insecure-requests",
        "cross-origin-opener-policy": "same-origin",
        "cross-origin-resource-policy": "same-origin",
        "origin-agent-cluster": "?1",
        "referrer-policy": "no-referrer",
        "strict-transport-security": "max-age=31536000; includeSubDomains",
        "x-content-type-options": "nosniff",
        "x-dns-prefetch-control": "off",
        "x-download-options": "noopen",
        "x-frame-options": "SAMEORIGIN",
        "x-permitted-cross-domain-policies": "none",
        "x-xss-protection": "0",
        "vary": "Origin",
        "access-control-allow-credentials": "true",
        "x-ratelimit-limit": "120",
        "x-ratelimit-remaining": "118",
        "x-ratelimit-reset": "39",
        "x-correlation-id": "d13bca05-4dc7-4c15-8ec6-b0c221eb685d",
        "content-type": "application/json; charset=utf-8",
        "content-length": "3457",
        "etag": "W/\"d81-Yx4e0/vggfJUKL4corvd19T6Wuo\""
      }
    }
    [35mresponseTime[39m: 15
[15:38:41.680] [32mINFO[39m (4064): [36mrequest completed[39m
    [35mreq[39m: {
      "id": 148,
      "method": "GET",
      "url": "/api/auth/me",
      "query": {},
      "params": {
        "path": [
          "auth",
          "me"
        ]
      },
      "headers": {
        "host": "localhost:4000",
        "connection": "keep-alive",
        "authorization": "Bearer eyJhbGciOiJIUzI1NiIsInR5cCI6IkpXVCJ9.eyJzdWIiOiJ1c2VyLWFkbWluIiwiZW1haWwiOiJhZG1pbkBndW5nbmlyLmxvY2FsIiwicm9sZXMiOlsiYWRtaW4iLCJhZG1pbiJdLCJpYXQiOjE3NzkxMzI1NjgsImV4cCI6MTc3OTEzMzQ2OH0.Um6LVIj16_G9zxqgxoiHuNSIzjzjduXhCoTAHsQ9w9o",
        "accept": "*/*",
        "accept-language": "*",
        "sec-fetch-mode": "cors",
        "user-agent": "node",
        "pragma": "no-cache",
        "cache-control": "no-cache",
        "accept-encoding": "gzip, deflate"
      },
      "remoteAddress": "127.0.0.1",
      "remotePort": 54479
    }
    [35mres[39m: {
      "statusCode": 200,
      "headers": {
        "content-security-policy": "default-src 'self';base-uri 'self';font-src 'self' https: data:;form-action 'self';frame-ancestors 'self';img-src 'self' data:;object-src 'none';script-src 'self';script-src-attr 'none';style-src 'self' https: 'unsafe-inline';upgrade-insecure-requests",
        "cross-origin-opener-policy": "same-origin",
        "cross-origin-resource-policy": "same-origin",
        "origin-agent-cluster": "?1",
        "referrer-policy": "no-referrer",
        "strict-transport-security": "max-age=31536000; includeSubDomains",
        "x-content-type-options": "nosniff",
        "x-dns-prefetch-control": "off",
        "x-download-options": "noopen",
        "x-frame-options": "SAMEORIGIN",
        "x-permitted-cross-domain-policies": "none",
        "x-xss-protection": "0",
        "vary": "Origin",
        "access-control-allow-credentials": "true",
        "x-ratelimit-limit": "120",
        "x-ratelimit-remaining": "116",
        "x-ratelimit-reset": "39",
        "x-correlation-id": "eae70329-990e-4c87-bdf7-5a5608165bdd",
        "content-type": "application/json; charset=utf-8",
        "content-length": "124",
        "etag": "W/\"7c-QtJzlFTARSsNLVrG/rl/H1cK0Bk\""
      }
    }
    [35mresponseTime[39m: 5
[15:38:41.749] [32mINFO[39m (4064): [36mrequest completed[39m
    [35mreq[39m: {
      "id": 149,
      "method": "GET",
      "url": "/api/tracks/current",
      "query": {},
      "params": {
        "path": [
          "tracks",
          "current"
        ]
      },
      "headers": {
        "host": "localhost:4000",
        "connection": "keep-alive",
        "authorization": "Bearer eyJhbGciOiJIUzI1NiIsInR5cCI6IkpXVCJ9.eyJzdWIiOiJ1c2VyLWFkbWluIiwiZW1haWwiOiJhZG1pbkBndW5nbmlyLmxvY2FsIiwicm9sZXMiOlsiYWRtaW4iLCJhZG1pbiJdLCJpYXQiOjE3NzkxMzI1NjgsImV4cCI6MTc3OTEzMzQ2OH0.Um6LVIj16_G9zxqgxoiHuNSIzjzjduXhCoTAHsQ9w9o",
        "accept": "*/*",
        "accept-language": "*",
        "sec-fetch-mode": "cors",
        "user-agent": "node",
        "pragma": "no-cache",
        "cache-control": "no-cache",
        "accept-encoding": "gzip, deflate"
      },
      "remoteAddress": "127.0.0.1",
      "remotePort": 54479
    }
    [35mres[39m: {
      "statusCode": 200,
      "headers": {
        "content-security-policy": "default-src 'self';base-uri 'self';font-src 'self' https: data:;form-action 'self';frame-ancestors 'self';img-src 'self' data:;object-src 'none';script-src 'self';script-src-attr 'none';style-src 'self' https: 'unsafe-inline';upgrade-insecure-requests",
        "cross-origin-opener-policy": "same-origin",
        "cross-origin-resource-policy": "same-origin",
        "origin-agent-cluster": "?1",
        "referrer-policy": "no-referrer",
        "strict-transport-security": "max-age=31536000; includeSubDomains",
        "x-content-type-options": "nosniff",
        "x-dns-prefetch-control": "off",
        "x-download-options": "noopen",
        "x-frame-options": "SAMEORIGIN",
        "x-permitted-cross-domain-policies": "none",
        "x-xss-protection": "0",
        "vary": "Origin",
        "access-control-allow-credentials": "true",
        "x-ratelimit-limit": "120",
        "x-ratelimit-remaining": "118",
        "x-ratelimit-reset": "39",
        "x-correlation-id": "c09c267c-3e78-4081-b0b1-584979828fe1",
        "content-type": "application/json; charset=utf-8",
        "content-length": "2",
        "etag": "W/\"2-l9Fw4VUO7kr8CvBlt4zaMCqXZ0w\""
      }
    }
    [35mresponseTime[39m: 3
[15:38:41.749] [32mINFO[39m (4064): [36mrequest completed[39m
    [35mreq[39m: {
      "id": 150,
      "method": "GET",
      "url": "/api/devices",
      "query": {},
      "params": {
        "path": [
          "devices"
        ]
      },
      "headers": {
        "host": "localhost:4000",
        "connection": "keep-alive",
        "authorization": "Bearer eyJhbGciOiJIUzI1NiIsInR5cCI6IkpXVCJ9.eyJzdWIiOiJ1c2VyLWFkbWluIiwiZW1haWwiOiJhZG1pbkBndW5nbmlyLmxvY2FsIiwicm9sZXMiOlsiYWRtaW4iLCJhZG1pbiJdLCJpYXQiOjE3NzkxMzI1NjgsImV4cCI6MTc3OTEzMzQ2OH0.Um6LVIj16_G9zxqgxoiHuNSIzjzjduXhCoTAHsQ9w9o",
        "accept": "*/*",
        "accept-language": "*",
        "sec-fetch-mode": "cors",
        "user-agent": "node",
        "pragma": "no-cache",
        "cache-control": "no-cache",
        "accept-encoding": "gzip, deflate"
      },
      "remoteAddress": "127.0.0.1",
      "remotePort": 54481
    }
    [35mres[39m: {
      "statusCode": 200,
      "headers": {
        "content-security-policy": "default-src 'self';base-uri 'self';font-src 'self' https: data:;form-action 'self';frame-ancestors 'self';img-src 'self' data:;object-src 'none';script-src 'self';script-src-attr 'none';style-src 'self' https: 'unsafe-inline';upgrade-insecure-requests",
        "cross-origin-opener-policy": "same-origin",
        "cross-origin-resource-policy": "same-origin",
        "origin-agent-cluster": "?1",
        "referrer-policy": "no-referrer",
        "strict-transport-security": "max-age=31536000; includeSubDomains",
        "x-content-type-options": "nosniff",
        "x-dns-prefetch-control": "off",
        "x-download-options": "noopen",
        "x-frame-options": "SAMEORIGIN",
        "x-permitted-cross-domain-policies": "none",
        "x-xss-protection": "0",
        "vary": "Origin",
        "access-control-allow-credentials": "true",
        "x-ratelimit-limit": "120",
        "x-ratelimit-remaining": "118",
        "x-ratelimit-reset": "39",
        "x-correlation-id": "f6652074-dc8f-4f19-a88b-c2cd96772076",
        "content-type": "application/json; charset=utf-8",
        "content-length": "391",
        "etag": "W/\"187-wFixndeDMExMbypLdc/dp5I7KtI\""
      }
    }
    [35mresponseTime[39m: 2
[15:38:41.783] [32mINFO[39m (4064): [36mrequest completed[39m
    [35mreq[39m: {
      "id": 152,
      "method": "GET",
      "url": "/api/tracks/history",
      "query": {},
      "params": {
        "path": [
          "tracks",
          "history"
        ]
      },
      "headers": {
        "host": "localhost:4000",
        "connection": "keep-alive",
        "authorization": "Bearer eyJhbGciOiJIUzI1NiIsInR5cCI6IkpXVCJ9.eyJzdWIiOiJ1c2VyLWFkbWluIiwiZW1haWwiOiJhZG1pbkBndW5nbmlyLmxvY2FsIiwicm9sZXMiOlsiYWRtaW4iLCJhZG1pbiJdLCJpYXQiOjE3NzkxMzI1NjgsImV4cCI6MTc3OTEzMzQ2OH0.Um6LVIj16_G9zxqgxoiHuNSIzjzjduXhCoTAHsQ9w9o",
        "accept": "*/*",
        "accept-language": "*",
        "sec-fetch-mode": "cors",
        "user-agent": "node",
        "pragma": "no-cache",
        "cache-control": "no-cache",
        "accept-encoding": "gzip, deflate"
      },
      "remoteAddress": "127.0.0.1",
      "remotePort": 56233
    }
    [35mres[39m: {
      "statusCode": 200,
      "headers": {
        "content-security-policy": "default-src 'self';base-uri 'self';font-src 'self' https: data:;form-action 'self';frame-ancestors 'self';img-src 'self' data:;object-src 'none';script-src 'self';script-src-attr 'none';style-src 'self' https: 'unsafe-inline';upgrade-insecure-requests",
        "cross-origin-opener-policy": "same-origin",
        "cross-origin-resource-policy": "same-origin",
        "origin-agent-cluster": "?1",
        "referrer-policy": "no-referrer",
        "strict-transport-security": "max-age=31536000; includeSubDomains",
        "x-content-type-options": "nosniff",
        "x-dns-prefetch-control": "off",
        "x-download-options": "noopen",
        "x-frame-options": "SAMEORIGIN",
        "x-permitted-cross-domain-policies": "none",
        "x-xss-protection": "0",
        "vary": "Origin",
        "access-control-allow-credentials": "true",
        "x-ratelimit-limit": "120",
        "x-ratelimit-remaining": "118",
        "x-ratelimit-reset": "39",
        "x-correlation-id": "24a4aae2-d440-441d-948d-13ff22068965",
        "content-type": "application/json; charset=utf-8",
        "content-length": "2",
        "etag": "W/\"2-l9Fw4VUO7kr8CvBlt4zaMCqXZ0w\""
      }
    }
    [35mresponseTime[39m: 2
[15:38:41.787] [32mINFO[39m (4064): [36mrequest completed[39m
    [35mreq[39m: {
      "id": 153,
      "method": "GET",
      "url": "/api/telemetry",
      "query": {},
      "params": {
        "path": [
          "telemetry"
        ]
      },
      "headers": {
        "host": "localhost:4000",
        "connection": "keep-alive",
        "authorization": "Bearer eyJhbGciOiJIUzI1NiIsInR5cCI6IkpXVCJ9.eyJzdWIiOiJ1c2VyLWFkbWluIiwiZW1haWwiOiJhZG1pbkBndW5nbmlyLmxvY2FsIiwicm9sZXMiOlsiYWRtaW4iLCJhZG1pbiJdLCJpYXQiOjE3NzkxMzI1NjgsImV4cCI6MTc3OTEzMzQ2OH0.Um6LVIj16_G9zxqgxoiHuNSIzjzjduXhCoTAHsQ9w9o",
        "accept": "*/*",
        "accept-language": "*",
        "sec-fetch-mode": "cors",
        "user-agent": "node",
        "pragma": "no-cache",
        "cache-control": "no-cache",
        "accept-encoding": "gzip, deflate"
      },
      "remoteAddress": "127.0.0.1",
      "remotePort": 56235
    }
    [35mres[39m: {
      "statusCode": 200,
      "headers": {
        "content-security-policy": "default-src 'self';base-uri 'self';font-src 'self' https: data:;form-action 'self';frame-ancestors 'self';img-src 'self' data:;object-src 'none';script-src 'self';script-src-attr 'none';style-src 'self' https: 'unsafe-inline';upgrade-insecure-requests",
        "cross-origin-opener-policy": "same-origin",
        "cross-origin-resource-policy": "same-origin",
        "origin-agent-cluster": "?1",
        "referrer-policy": "no-referrer",
        "strict-transport-security": "max-age=31536000; includeSubDomains",
        "x-content-type-options": "nosniff",
        "x-dns-prefetch-control": "off",
        "x-download-options": "noopen",
        "x-frame-options": "SAMEORIGIN",
        "x-permitted-cross-domain-policies": "none",
        "x-xss-protection": "0",
        "vary": "Origin",
        "access-control-allow-credentials": "true",
        "x-ratelimit-limit": "120",
        "x-ratelimit-remaining": "118",
        "x-ratelimit-reset": "39",
        "x-correlation-id": "bacb5cff-35a1-44f3-b8e0-07599d99172a",
        "content-type": "application/json; charset=utf-8",
        "content-length": "426",
        "etag": "W/\"1aa-bjbCYD4WhTpb5Q/I7yK/VOE8NPE\""
      }
    }
    [35mresponseTime[39m: 3
[15:38:41.790] [32mINFO[39m (4064): [36mrequest completed[39m
    [35mreq[39m: {
      "id": 151,
      "method": "GET",
      "url": "/api/v1/operations/snapshot",
      "query": {},
      "params": {
        "path": [
          "v1",
          "operations",
          "snapshot"
        ]
      },
      "headers": {
        "host": "localhost:4000",
        "connection": "keep-alive",
        "authorization": "Bearer eyJhbGciOiJIUzI1NiIsInR5cCI6IkpXVCJ9.eyJzdWIiOiJ1c2VyLWFkbWluIiwiZW1haWwiOiJhZG1pbkBndW5nbmlyLmxvY2FsIiwicm9sZXMiOlsiYWRtaW4iLCJhZG1pbiJdLCJpYXQiOjE3NzkxMzI1NjgsImV4cCI6MTc3OTEzMzQ2OH0.Um6LVIj16_G9zxqgxoiHuNSIzjzjduXhCoTAHsQ9w9o",
        "accept": "*/*",
        "accept-language": "*",
        "sec-fetch-mode": "cors",
        "user-agent": "node",
        "pragma": "no-cache",
        "cache-control": "no-cache",
        "accept-encoding": "gzip, deflate"
      },
      "remoteAddress": "127.0.0.1",
      "remotePort": 54479
    }
    [35mres[39m: {
      "statusCode": 200,
      "headers": {
        "content-security-policy": "default-src 'self';base-uri 'self';font-src 'self' https: data:;form-action 'self';frame-ancestors 'self';img-src 'self' data:;object-src 'none';script-src 'self';script-src-attr 'none';style-src 'self' https: 'unsafe-inline';upgrade-insecure-requests",
        "cross-origin-opener-policy": "same-origin",
        "cross-origin-resource-policy": "same-origin",
        "origin-agent-cluster": "?1",
        "referrer-policy": "no-referrer",
        "strict-transport-security": "max-age=31536000; includeSubDomains",
        "x-content-type-options": "nosniff",
        "x-dns-prefetch-control": "off",
        "x-download-options": "noopen",
        "x-frame-options": "SAMEORIGIN",
        "x-permitted-cross-domain-policies": "none",
        "x-xss-protection": "0",
        "vary": "Origin",
        "access-control-allow-credentials": "true",
        "x-ratelimit-limit": "120",
        "x-ratelimit-remaining": "118",
        "x-ratelimit-reset": "39",
        "x-correlation-id": "c7972c94-94df-4ae0-8a7c-d58920bfaab7",
        "content-type": "application/json; charset=utf-8",
        "content-length": "3176",
        "etag": "W/\"c68-oeam6s8iO1R/Xqj1cPEE8d2GZB8\""
      }
    }
    [35mresponseTime[39m: 11
[15:38:41.813] [32mINFO[39m (4064): [36mrequest completed[39m
    [35mreq[39m: {
      "id": 154,
      "method": "GET",
      "url": "/api/commands",
      "query": {},
      "params": {
        "path": [
          "commands"
        ]
      },
      "headers": {
        "host": "localhost:4000",
        "connection": "keep-alive",
        "authorization": "Bearer eyJhbGciOiJIUzI1NiIsInR5cCI6IkpXVCJ9.eyJzdWIiOiJ1c2VyLWFkbWluIiwiZW1haWwiOiJhZG1pbkBndW5nbmlyLmxvY2FsIiwicm9sZXMiOlsiYWRtaW4iLCJhZG1pbiJdLCJpYXQiOjE3NzkxMzI1NjgsImV4cCI6MTc3OTEzMzQ2OH0.Um6LVIj16_G9zxqgxoiHuNSIzjzjduXhCoTAHsQ9w9o",
        "accept": "*/*",
        "accept-language": "*",
        "sec-fetch-mode": "cors",
        "user-agent": "node",
        "pragma": "no-cache",
        "cache-control": "no-cache",
        "accept-encoding": "gzip, deflate"
      },
      "remoteAddress": "127.0.0.1",
      "remotePort": 54479
    }
    [35mres[39m: {
      "statusCode": 200,
      "headers": {
        "content-security-policy": "default-src 'self';base-uri 'self';font-src 'self' https: data:;form-action 'self';frame-ancestors 'self';img-src 'self' data:;object-src 'none';script-src 'self';script-src-attr 'none';style-src 'self' https: 'unsafe-inline';upgrade-insecure-requests",
        "cross-origin-opener-policy": "same-origin",
        "cross-origin-resource-policy": "same-origin",
        "origin-agent-cluster": "?1",
        "referrer-policy": "no-referrer",
        "strict-transport-security": "max-age=31536000; includeSubDomains",
        "x-content-type-options": "nosniff",
        "x-dns-prefetch-control": "off",
        "x-download-options": "noopen",
        "x-frame-options": "SAMEORIGIN",
        "x-permitted-cross-domain-policies": "none",
        "x-xss-protection": "0",
        "vary": "Origin",
        "access-control-allow-credentials": "true",
        "x-ratelimit-limit": "120",
        "x-ratelimit-remaining": "118",
        "x-ratelimit-reset": "39",
        "x-correlation-id": "954fde0f-fe28-48b5-b3c5-2774067d8037",
        "content-type": "application/json; charset=utf-8",
        "content-length": "2",
        "etag": "W/\"2-l9Fw4VUO7kr8CvBlt4zaMCqXZ0w\""
      }
    }
    [35mresponseTime[39m: 3
[15:38:41.828] [32mINFO[39m (4064): [36mrequest completed[39m
    [35mreq[39m: {
      "id": 155,
      "method": "GET",
      "url": "/api/missions",
      "query": {},
      "params": {
        "path": [
          "missions"
        ]
      },
      "headers": {
        "host": "localhost:4000",
        "connection": "keep-alive",
        "authorization": "Bearer eyJhbGciOiJIUzI1NiIsInR5cCI6IkpXVCJ9.eyJzdWIiOiJ1c2VyLWFkbWluIiwiZW1haWwiOiJhZG1pbkBndW5nbmlyLmxvY2FsIiwicm9sZXMiOlsiYWRtaW4iLCJhZG1pbiJdLCJpYXQiOjE3NzkxMzI1NjgsImV4cCI6MTc3OTEzMzQ2OH0.Um6LVIj16_G9zxqgxoiHuNSIzjzjduXhCoTAHsQ9w9o",
        "accept": "*/*",
        "accept-language": "*",
        "sec-fetch-mode": "cors",
        "user-agent": "node",
        "pragma": "no-cache",
        "cache-control": "no-cache",
        "accept-encoding": "gzip, deflate"
      },
      "remoteAddress": "127.0.0.1",
      "remotePort": 54481
    }
    [35mres[39m: {
      "statusCode": 200,
      "headers": {
        "content-security-policy": "default-src 'self';base-uri 'self';font-src 'self' https: data:;form-action 'self';frame-ancestors 'self';img-src 'self' data:;object-src 'none';script-src 'self';script-src-attr 'none';style-src 'self' https: 'unsafe-inline';upgrade-insecure-requests",
        "cross-origin-opener-policy": "same-origin",
        "cross-origin-resource-policy": "same-origin",
        "origin-agent-cluster": "?1",
        "referrer-policy": "no-referrer",
        "strict-transport-security": "max-age=31536000; includeSubDomains",
        "x-content-type-options": "nosniff",
        "x-dns-prefetch-control": "off",
        "x-download-options": "noopen",
        "x-frame-options": "SAMEORIGIN",
        "x-permitted-cross-domain-policies": "none",
        "x-xss-protection": "0",
        "vary": "Origin",
        "access-control-allow-credentials": "true",
        "x-ratelimit-limit": "120",
        "x-ratelimit-remaining": "118",
        "x-ratelimit-reset": "39",
        "x-correlation-id": "fd69d1e0-7300-4759-b115-5e373d43c670",
        "content-type": "application/json; charset=utf-8",
        "content-length": "2",
        "etag": "W/\"2-l9Fw4VUO7kr8CvBlt4zaMCqXZ0w\""
      }
    }
    [35mresponseTime[39m: 2
[15:38:41.861] [32mINFO[39m (4064): [36mrequest completed[39m
    [35mreq[39m: {
      "id": 156,
      "method": "GET",
      "url": "/api/geofences",
      "query": {},
      "params": {
        "path": [
          "geofences"
        ]
      },
      "headers": {
        "host": "localhost:4000",
        "connection": "keep-alive",
        "authorization": "Bearer eyJhbGciOiJIUzI1NiIsInR5cCI6IkpXVCJ9.eyJzdWIiOiJ1c2VyLWFkbWluIiwiZW1haWwiOiJhZG1pbkBndW5nbmlyLmxvY2FsIiwicm9sZXMiOlsiYWRtaW4iLCJhZG1pbiJdLCJpYXQiOjE3NzkxMzI1NjgsImV4cCI6MTc3OTEzMzQ2OH0.Um6LVIj16_G9zxqgxoiHuNSIzjzjduXhCoTAHsQ9w9o",
        "accept": "*/*",
        "accept-language": "*",
        "sec-fetch-mode": "cors",
        "user-agent": "node",
        "pragma": "no-cache",
        "cache-control": "no-cache",
        "accept-encoding": "gzip, deflate"
      },
      "remoteAddress": "127.0.0.1",
      "remotePort": 54479
    }
    [35mres[39m: {
      "statusCode": 200,
      "headers": {
        "content-security-policy": "default-src 'self';base-uri 'self';font-src 'self' https: data:;form-action 'self';frame-ancestors 'self';img-src 'self' data:;object-src 'none';script-src 'self';script-src-attr 'none';style-src 'self' https: 'unsafe-inline';upgrade-insecure-requests",
        "cross-origin-opener-policy": "same-origin",
        "cross-origin-resource-policy": "same-origin",
        "origin-agent-cluster": "?1",
        "referrer-policy": "no-referrer",
        "strict-transport-security": "max-age=31536000; includeSubDomains",
        "x-content-type-options": "nosniff",
        "x-dns-prefetch-control": "off",
        "x-download-options": "noopen",
        "x-frame-options": "SAMEORIGIN",
        "x-permitted-cross-domain-policies": "none",
        "x-xss-protection": "0",
        "vary": "Origin",
        "access-control-allow-credentials": "true",
        "x-ratelimit-limit": "120",
        "x-ratelimit-remaining": "118",
        "x-ratelimit-reset": "39",
        "x-correlation-id": "445c4e34-ff64-474b-ac6d-457cd854ee54",
        "content-type": "application/json; charset=utf-8",
        "content-length": "2",
        "etag": "W/\"2-l9Fw4VUO7kr8CvBlt4zaMCqXZ0w\""
      }
    }
    [35mresponseTime[39m: 2
[15:38:41.878] [32mINFO[39m (4064): [36mrequest completed[39m
    [35mreq[39m: {
      "id": 157,
      "method": "GET",
      "url": "/api/map-layers",
      "query": {},
      "params": {
        "path": [
          "map-layers"
        ]
      },
      "headers": {
        "host": "localhost:4000",
        "connection": "keep-alive",
        "authorization": "Bearer eyJhbGciOiJIUzI1NiIsInR5cCI6IkpXVCJ9.eyJzdWIiOiJ1c2VyLWFkbWluIiwiZW1haWwiOiJhZG1pbkBndW5nbmlyLmxvY2FsIiwicm9sZXMiOlsiYWRtaW4iLCJhZG1pbiJdLCJpYXQiOjE3NzkxMzI1NjgsImV4cCI6MTc3OTEzMzQ2OH0.Um6LVIj16_G9zxqgxoiHuNSIzjzjduXhCoTAHsQ9w9o",
        "accept": "*/*",
        "accept-language": "*",
        "sec-fetch-mode": "cors",
        "user-agent": "node",
        "pragma": "no-cache",
        "cache-control": "no-cache",
        "accept-encoding": "gzip, deflate"
      },
      "remoteAddress": "127.0.0.1",
      "remotePort": 54481
    }
    [35mres[39m: {
      "statusCode": 200,
      "headers": {
        "content-security-policy": "default-src 'self';base-uri 'self';font-src 'self' https: data:;form-action 'self';frame-ancestors 'self';img-src 'self' data:;object-src 'none';script-src 'self';script-src-attr 'none';style-src 'self' https: 'unsafe-inline';upgrade-insecure-requests",
        "cross-origin-opener-policy": "same-origin",
        "cross-origin-resource-policy": "same-origin",
        "origin-agent-cluster": "?1",
        "referrer-policy": "no-referrer",
        "strict-transport-security": "max-age=31536000; includeSubDomains",
        "x-content-type-options": "nosniff",
        "x-dns-prefetch-control": "off",
        "x-download-options": "noopen",
        "x-frame-options": "SAMEORIGIN",
        "x-permitted-cross-domain-policies": "none",
        "x-xss-protection": "0",
        "vary": "Origin",
        "access-control-allow-credentials": "true",
        "x-ratelimit-limit": "120",
        "x-ratelimit-remaining": "118",
        "x-ratelimit-reset": "39",
        "x-correlation-id": "4cf1ca3f-6a0e-4d86-a370-dbe33734ba8a",
        "content-type": "application/json; charset=utf-8",
        "content-length": "2206",
        "etag": "W/\"89e-nm4/RTFy2F+69MjI+xqwAwWUsXo\""
      }
    }
    [35mresponseTime[39m: 2
[15:38:41.961] [32mINFO[39m (4064): [36mrequest completed[39m
    [35mreq[39m: {
      "id": 159,
      "method": "GET",
      "url": "/api/map-layers/layer-fire-intel/geojson",
      "query": {},
      "params": {
        "path": [
          "map-layers",
          "layer-fire-intel",
          "geojson"
        ]
      },
      "headers": {
        "host": "localhost:4000",
        "connection": "keep-alive",
        "authorization": "Bearer eyJhbGciOiJIUzI1NiIsInR5cCI6IkpXVCJ9.eyJzdWIiOiJ1c2VyLWFkbWluIiwiZW1haWwiOiJhZG1pbkBndW5nbmlyLmxvY2FsIiwicm9sZXMiOlsiYWRtaW4iLCJhZG1pbiJdLCJpYXQiOjE3NzkxMzI1NjgsImV4cCI6MTc3OTEzMzQ2OH0.Um6LVIj16_G9zxqgxoiHuNSIzjzjduXhCoTAHsQ9w9o",
        "accept": "*/*",
        "accept-language": "*",
        "sec-fetch-mode": "cors",
        "user-agent": "node",
        "pragma": "no-cache",
        "cache-control": "no-cache",
        "accept-encoding": "gzip, deflate"
      },
      "remoteAddress": "127.0.0.1",
      "remotePort": 54481
    }
    [35mres[39m: {
      "statusCode": 200,
      "headers": {
        "content-security-policy": "default-src 'self';base-uri 'self';font-src 'self' https: data:;form-action 'self';frame-ancestors 'self';img-src 'self' data:;object-src 'none';script-src 'self';script-src-attr 'none';style-src 'self' https: 'unsafe-inline';upgrade-insecure-requests",
        "cross-origin-opener-policy": "same-origin",
        "cross-origin-resource-policy": "same-origin",
        "origin-agent-cluster": "?1",
        "referrer-policy": "no-referrer",
        "strict-transport-security": "max-age=31536000; includeSubDomains",
        "x-content-type-options": "nosniff",
        "x-dns-prefetch-control": "off",
        "x-download-options": "noopen",
        "x-frame-options": "SAMEORIGIN",
        "x-permitted-cross-domain-policies": "none",
        "x-xss-protection": "0",
        "vary": "Origin",
        "access-control-allow-credentials": "true",
        "x-ratelimit-limit": "120",
        "x-ratelimit-remaining": "106",
        "x-ratelimit-reset": "39",
        "x-correlation-id": "969e2de4-467f-4516-959d-348ed3487859",
        "content-type": "application/json; charset=utf-8",
        "content-length": "42",
        "etag": "W/\"2a-YF4qkQu1OiQfcNelFeHSJ4hLkOE\""
      }
    }
    [35mresponseTime[39m: 4
[15:38:41.962] [32mINFO[39m (4064): [36mrequest completed[39m
    [35mreq[39m: {
      "id": 158,
      "method": "GET",
      "url": "/api/map-layers/layer-air-traffic/geojson",
      "query": {},
      "params": {
        "path": [
          "map-layers",
          "layer-air-traffic",
          "geojson"
        ]
      },
      "headers": {
        "host": "localhost:4000",
        "connection": "keep-alive",
        "authorization": "Bearer eyJhbGciOiJIUzI1NiIsInR5cCI6IkpXVCJ9.eyJzdWIiOiJ1c2VyLWFkbWluIiwiZW1haWwiOiJhZG1pbkBndW5nbmlyLmxvY2FsIiwicm9sZXMiOlsiYWRtaW4iLCJhZG1pbiJdLCJpYXQiOjE3NzkxMzI1NjgsImV4cCI6MTc3OTEzMzQ2OH0.Um6LVIj16_G9zxqgxoiHuNSIzjzjduXhCoTAHsQ9w9o",
        "accept": "*/*",
        "accept-language": "*",
        "sec-fetch-mode": "cors",
        "user-agent": "node",
        "pragma": "no-cache",
        "cache-control": "no-cache",
        "accept-encoding": "gzip, deflate"
      },
      "remoteAddress": "127.0.0.1",
      "remotePort": 54479
    }
    [35mres[39m: {
      "statusCode": 200,
      "headers": {
        "content-security-policy": "default-src 'self';base-uri 'self';font-src 'self' https: data:;form-action 'self';frame-ancestors 'self';img-src 'self' data:;object-src 'none';script-src 'self';script-src-attr 'none';style-src 'self' https: 'unsafe-inline';upgrade-insecure-requests",
        "cross-origin-opener-policy": "same-origin",
        "cross-origin-resource-policy": "same-origin",
        "origin-agent-cluster": "?1",
        "referrer-policy": "no-referrer",
        "strict-transport-security": "max-age=31536000; includeSubDomains",
        "x-content-type-options": "nosniff",
        "x-dns-prefetch-control": "off",
        "x-download-options": "noopen",
        "x-frame-options": "SAMEORIGIN",
        "x-permitted-cross-domain-policies": "none",
        "x-xss-protection": "0",
        "vary": "Origin",
        "access-control-allow-credentials": "true",
        "x-ratelimit-limit": "120",
        "x-ratelimit-remaining": "107",
        "x-ratelimit-reset": "39",
        "x-correlation-id": "b3603ca4-73c2-4e0f-ab2c-c1061c78d52c",
        "content-type": "application/json; charset=utf-8",
        "content-length": "42",
        "etag": "W/\"2a-YF4qkQu1OiQfcNelFeHSJ4hLkOE\""
      }
    }
    [35mresponseTime[39m: 6
[15:38:41.969] [34mDEBUG[39m (4064): [36mRealtime client connected: -miMujFDrDwx09m3AAAN[39m
    [35mcontext[39m: "RealtimeGateway"
[15:38:41.991] [32mINFO[39m (4064): [36mrequest completed[39m
    [35mreq[39m: {
      "id": 160,
      "method": "GET",
      "url": "/api/map-layers/layer-dgac-aerodromes/geojson",
      "query": {},
      "params": {
        "path": [
          "map-layers",
          "layer-dgac-aerodromes",
          "geojson"
        ]
      },
      "headers": {
        "host": "localhost:4000",
        "connection": "keep-alive",
        "authorization": "Bearer eyJhbGciOiJIUzI1NiIsInR5cCI6IkpXVCJ9.eyJzdWIiOiJ1c2VyLWFkbWluIiwiZW1haWwiOiJhZG1pbkBndW5nbmlyLmxvY2FsIiwicm9sZXMiOlsiYWRtaW4iLCJhZG1pbiJdLCJpYXQiOjE3NzkxMzI1NjgsImV4cCI6MTc3OTEzMzQ2OH0.Um6LVIj16_G9zxqgxoiHuNSIzjzjduXhCoTAHsQ9w9o",
        "accept": "*/*",
        "accept-language": "*",
        "sec-fetch-mode": "cors",
        "user-agent": "node",
        "pragma": "no-cache",
        "cache-control": "no-cache",
        "accept-encoding": "gzip, deflate"
      },
      "remoteAddress": "127.0.0.1",
      "remotePort": 56233
    }
    [35mres[39m: {
      "statusCode": 200,
      "headers": {
        "content-security-policy": "default-src 'self';base-uri 'self';font-src 'self' https: data:;form-action 'self';frame-ancestors 'self';img-src 'self' data:;object-src 'none';script-src 'self';script-src-attr 'none';style-src 'self' https: 'unsafe-inline';upgrade-insecure-requests",
        "cross-origin-opener-policy": "same-origin",
        "cross-origin-resource-policy": "same-origin",
        "origin-agent-cluster": "?1",
        "referrer-policy": "no-referrer",
        "strict-transport-security": "max-age=31536000; includeSubDomains",
        "x-content-type-options": "nosniff",
        "x-dns-prefetch-control": "off",
        "x-download-options": "noopen",
        "x-frame-options": "SAMEORIGIN",
        "x-permitted-cross-domain-policies": "none",
        "x-xss-protection": "0",
        "vary": "Origin",
        "access-control-allow-credentials": "true",
        "x-ratelimit-limit": "120",
        "x-ratelimit-remaining": "105",
        "x-ratelimit-reset": "39",
        "x-correlation-id": "04d46c13-a552-4283-a836-9e063f4dee44",
        "content-type": "application/json; charset=utf-8",
        "content-length": "42",
        "etag": "W/\"2a-YF4qkQu1OiQfcNelFeHSJ4hLkOE\""
      }
    }
    [35mresponseTime[39m: 5
[15:38:41.993] [32mINFO[39m (4064): [36mrequest completed[39m
    [35mreq[39m: {
      "id": 161,
      "method": "GET",
      "url": "/api/map-layers/layer-dgac-firs/geojson",
      "query": {},
      "params": {
        "path": [
          "map-layers",
          "layer-dgac-firs",
          "geojson"
        ]
      },
      "headers": {
        "host": "localhost:4000",
        "connection": "keep-alive",
        "authorization": "Bearer eyJhbGciOiJIUzI1NiIsInR5cCI6IkpXVCJ9.eyJzdWIiOiJ1c2VyLWFkbWluIiwiZW1haWwiOiJhZG1pbkBndW5nbmlyLmxvY2FsIiwicm9sZXMiOlsiYWRtaW4iLCJhZG1pbiJdLCJpYXQiOjE3NzkxMzI1NjgsImV4cCI6MTc3OTEzMzQ2OH0.Um6LVIj16_G9zxqgxoiHuNSIzjzjduXhCoTAHsQ9w9o",
        "accept": "*/*",
        "accept-language": "*",
        "sec-fetch-mode": "cors",
        "user-agent": "node",
        "pragma": "no-cache",
        "cache-control": "no-cache",
        "accept-encoding": "gzip, deflate"
      },
      "remoteAddress": "127.0.0.1",
      "remotePort": 56235
    }
    [35mres[39m: {
      "statusCode": 200,
      "headers": {
        "content-security-policy": "default-src 'self';base-uri 'self';font-src 'self' https: data:;form-action 'self';frame-ancestors 'self';img-src 'self' data:;object-src 'none';script-src 'self';script-src-attr 'none';style-src 'self' https: 'unsafe-inline';upgrade-insecure-requests",
        "cross-origin-opener-policy": "same-origin",
        "cross-origin-resource-policy": "same-origin",
        "origin-agent-cluster": "?1",
        "referrer-policy": "no-referrer",
        "strict-transport-security": "max-age=31536000; includeSubDomains",
        "x-content-type-options": "nosniff",
        "x-dns-prefetch-control": "off",
        "x-download-options": "noopen",
        "x-frame-options": "SAMEORIGIN",
        "x-permitted-cross-domain-policies": "none",
        "x-xss-protection": "0",
        "vary": "Origin",
        "access-control-allow-credentials": "true",
        "x-ratelimit-limit": "120",
        "x-ratelimit-remaining": "104",
        "x-ratelimit-reset": "39",
        "x-correlation-id": "c9c45d87-77b0-439f-9ea3-da3963284582",
        "content-type": "application/json; charset=utf-8",
        "content-length": "42",
        "etag": "W/\"2a-YF4qkQu1OiQfcNelFeHSJ4hLkOE\""
      }
    }
    [35mresponseTime[39m: 6
[15:38:41.995] [32mINFO[39m (4064): [36mrequest completed[39m
    [35mreq[39m: {
      "id": 162,
      "method": "GET",
      "url": "/api/map-layers/layer-dgac-local-points/geojson",
      "query": {},
      "params": {
        "path": [
          "map-layers",
          "layer-dgac-local-points",
          "geojson"
        ]
      },
      "headers": {
        "host": "localhost:4000",
        "connection": "keep-alive",
        "authorization": "Bearer eyJhbGciOiJIUzI1NiIsInR5cCI6IkpXVCJ9.eyJzdWIiOiJ1c2VyLWFkbWluIiwiZW1haWwiOiJhZG1pbkBndW5nbmlyLmxvY2FsIiwicm9sZXMiOlsiYWRtaW4iLCJhZG1pbiJdLCJpYXQiOjE3NzkxMzI1NjgsImV4cCI6MTc3OTEzMzQ2OH0.Um6LVIj16_G9zxqgxoiHuNSIzjzjduXhCoTAHsQ9w9o",
        "accept": "*/*",
        "accept-language": "*",
        "sec-fetch-mode": "cors",
        "user-agent": "node",
        "pragma": "no-cache",
        "cache-control": "no-cache",
        "accept-encoding": "gzip, deflate"
      },
      "remoteAddress": "127.0.0.1",
      "remotePort": 54479
    }
    [35mres[39m: {
      "statusCode": 200,
      "headers": {
        "content-security-policy": "default-src 'self';base-uri 'self';font-src 'self' https: data:;form-action 'self';frame-ancestors 'self';img-src 'self' data:;object-src 'none';script-src 'self';script-src-attr 'none';style-src 'self' https: 'unsafe-inline';upgrade-insecure-requests",
        "cross-origin-opener-policy": "same-origin",
        "cross-origin-resource-policy": "same-origin",
        "origin-agent-cluster": "?1",
        "referrer-policy": "no-referrer",
        "strict-transport-security": "max-age=31536000; includeSubDomains",
        "x-content-type-options": "nosniff",
        "x-dns-prefetch-control": "off",
        "x-download-options": "noopen",
        "x-frame-options": "SAMEORIGIN",
        "x-permitted-cross-domain-policies": "none",
        "x-xss-protection": "0",
        "vary": "Origin",
        "access-control-allow-credentials": "true",
        "x-ratelimit-limit": "120",
        "x-ratelimit-remaining": "103",
        "x-ratelimit-reset": "39",
        "x-correlation-id": "7f6d5c09-c582-4ba7-92f1-e2169171e3be",
        "content-type": "application/json; charset=utf-8",
        "content-length": "42",
        "etag": "W/\"2a-YF4qkQu1OiQfcNelFeHSJ4hLkOE\""
      }
    }
    [35mresponseTime[39m: 3
[15:38:42.017] [32mINFO[39m (4064): [36mrequest completed[39m
    [35mreq[39m: {
      "id": 163,
      "method": "GET",
      "url": "/api/map-layers/layer-dgac-notams/geojson",
      "query": {},
      "params": {
        "path": [
          "map-layers",
          "layer-dgac-notams",
          "geojson"
        ]
      },
      "headers": {
        "host": "localhost:4000",
        "connection": "keep-alive",
        "authorization": "Bearer eyJhbGciOiJIUzI1NiIsInR5cCI6IkpXVCJ9.eyJzdWIiOiJ1c2VyLWFkbWluIiwiZW1haWwiOiJhZG1pbkBndW5nbmlyLmxvY2FsIiwicm9sZXMiOlsiYWRtaW4iLCJhZG1pbiJdLCJpYXQiOjE3NzkxMzI1NjgsImV4cCI6MTc3OTEzMzQ2OH0.Um6LVIj16_G9zxqgxoiHuNSIzjzjduXhCoTAHsQ9w9o",
        "accept": "*/*",
        "accept-language": "*",
        "sec-fetch-mode": "cors",
        "user-agent": "node",
        "pragma": "no-cache",
        "cache-control": "no-cache",
        "accept-encoding": "gzip, deflate"
      },
      "remoteAddress": "127.0.0.1",
      "remotePort": 54479
    }
    [35mres[39m: {
      "statusCode": 200,
      "headers": {
        "content-security-policy": "default-src 'self';base-uri 'self';font-src 'self' https: data:;form-action 'self';frame-ancestors 'self';img-src 'self' data:;object-src 'none';script-src 'self';script-src-attr 'none';style-src 'self' https: 'unsafe-inline';upgrade-insecure-requests",
        "cross-origin-opener-policy": "same-origin",
        "cross-origin-resource-policy": "same-origin",
        "origin-agent-cluster": "?1",
        "referrer-policy": "no-referrer",
        "strict-transport-security": "max-age=31536000; includeSubDomains",
        "x-content-type-options": "nosniff",
        "x-dns-prefetch-control": "off",
        "x-download-options": "noopen",
        "x-frame-options": "SAMEORIGIN",
        "x-permitted-cross-domain-policies": "none",
        "x-xss-protection": "0",
        "vary": "Origin",
        "access-control-allow-credentials": "true",
        "x-ratelimit-limit": "120",
        "x-ratelimit-remaining": "102",
        "x-ratelimit-reset": "39",
        "x-correlation-id": "3a4b3213-41f6-40b5-a399-61ec2e9e6c58",
        "content-type": "application/json; charset=utf-8",
        "content-length": "42",
        "etag": "W/\"2a-YF4qkQu1OiQfcNelFeHSJ4hLkOE\""
      }
    }
    [35mresponseTime[39m: 6
[2J[3J[H[[90m3:39:49 p. m.[0m] File change detected. Starting incremental compilation...

[[90m3:39:58 p. m.[0m] Found 0 errors. Watching for file changes.

[15:40:20.096] [32mINFO[39m (16744): [36mStarting Nest application...[39m
    [35mcontext[39m: "NestFactory"
[15:40:20.097] [32mINFO[39m (16744): [36mQueueModule dependencies initialized[39m
    [35mcontext[39m: "InstanceLoader"
[15:40:20.097] [32mINFO[39m (16744): [36mRolesModule dependencies initialized[39m
    [35mcontext[39m: "InstanceLoader"
[15:40:20.097] [32mINFO[39m (16744): [36mOrganizationsModule dependencies initialized[39m
    [35mcontext[39m: "InstanceLoader"
[15:40:20.097] [32mINFO[39m (16744): [36mUnitsModule dependencies initialized[39m
    [35mcontext[39m: "InstanceLoader"
[15:40:20.097] [32mINFO[39m (16744): [36mEventEmitterModule dependencies initialized[39m
    [35mcontext[39m: "InstanceLoader"
[15:40:20.097] [32mINFO[39m (16744): [36mTaskingModule dependencies initialized[39m
    [35mcontext[39m: "InstanceLoader"
[15:40:20.097] [32mINFO[39m (16744): [36mIncidentsModule dependencies initialized[39m
    [35mcontext[39m: "InstanceLoader"
[15:40:20.097] [32mINFO[39m (16744): [36mFireIntelModule dependencies initialized[39m
    [35mcontext[39m: "InstanceLoader"
[15:40:20.099] [32mINFO[39m (16744): [36mAirTrafficModule dependencies initialized[39m
    [35mcontext[39m: "InstanceLoader"
[15:40:20.099] [32mINFO[39m (16744): [36mNotamsModule dependencies initialized[39m
    [35mcontext[39m: "InstanceLoader"
[15:40:20.099] [32mINFO[39m (16744): [36mWeatherModule dependencies initialized[39m
    [35mcontext[39m: "InstanceLoader"
[15:40:20.099] [32mINFO[39m (16744): [36mGuardianModule dependencies initialized[39m
    [35mcontext[39m: "InstanceLoader"
[15:40:20.099] [32mINFO[39m (16744): [36mMavlinkModule dependencies initialized[39m
    [35mcontext[39m: "InstanceLoader"
[15:40:20.099] [32mINFO[39m (16744): [36mAtakModule dependencies initialized[39m
    [35mcontext[39m: "InstanceLoader"
[15:40:20.099] [32mINFO[39m (16744): [36mCotModule dependencies initialized[39m
    [35mcontext[39m: "InstanceLoader"
[15:40:20.099] [32mINFO[39m (16744): [36mRealtimeModule dependencies initialized[39m
    [35mcontext[39m: "InstanceLoader"
[15:40:20.099] [32mINFO[39m (16744): [36mConfigHostModule dependencies initialized[39m
    [35mcontext[39m: "InstanceLoader"
[15:40:20.099] [32mINFO[39m (16744): [36mJwtModule dependencies initialized[39m
    [35mcontext[39m: "InstanceLoader"
[15:40:20.099] [32mINFO[39m (16744): [36mThrottlerModule dependencies initialized[39m
    [35mcontext[39m: "InstanceLoader"
[15:40:20.099] [32mINFO[39m (16744): [36mSystemHealthModule dependencies initialized[39m
    [35mcontext[39m: "InstanceLoader"
[15:40:20.099] [32mINFO[39m (16744): [36mDiscoveryModule dependencies initialized[39m
    [35mcontext[39m: "InstanceLoader"
[15:40:20.099] [32mINFO[39m (16744): [36mConfigModule dependencies initialized[39m
    [35mcontext[39m: "InstanceLoader"
[15:40:20.099] [32mINFO[39m (16744): [36mConfigModule dependencies initialized[39m
    [35mcontext[39m: "InstanceLoader"
[15:40:20.099] [32mINFO[39m (16744): [36mEventEmitterModule dependencies initialized[39m
    [35mcontext[39m: "InstanceLoader"
[15:40:20.099] [32mINFO[39m (16744): [36mLoggerModule dependencies initialized[39m
    [35mcontext[39m: "InstanceLoader"
[15:40:20.099] [32mINFO[39m (16744): [36mBullModule dependencies initialized[39m
    [35mcontext[39m: "InstanceLoader"
[15:40:20.099] [32mINFO[39m (16744): [36mMqttModule dependencies initialized[39m
    [35mcontext[39m: "InstanceLoader"
[15:40:20.099] [32mINFO[39m (16744): [36mBullModule dependencies initialized[39m
    [35mcontext[39m: "InstanceLoader"
[15:40:20.099] [32mINFO[39m (16744): [36mDatabaseModule dependencies initialized[39m
    [35mcontext[39m: "InstanceLoader"
[15:40:20.099] [32mINFO[39m (16744): [36mAppModule dependencies initialized[39m
    [35mcontext[39m: "InstanceLoader"
[15:40:20.099] [32mINFO[39m (16744): [36mAuditModule dependencies initialized[39m
    [35mcontext[39m: "InstanceLoader"
[15:40:20.099] [32mINFO[39m (16744): [36mUsersModule dependencies initialized[39m
    [35mcontext[39m: "InstanceLoader"
[15:40:20.099] [32mINFO[39m (16744): [36mAssetsModule dependencies initialized[39m
    [35mcontext[39m: "InstanceLoader"
[15:40:20.099] [32mINFO[39m (16744): [36mBullModule dependencies initialized[39m
    [35mcontext[39m: "InstanceLoader"
[15:40:20.099] [32mINFO[39m (16744): [36mCopModule dependencies initialized[39m
    [35mcontext[39m: "InstanceLoader"
[15:40:20.099] [32mINFO[39m (16744): [36mDevicesModule dependencies initialized[39m
    [35mcontext[39m: "InstanceLoader"
[15:40:20.099] [32mINFO[39m (16744): [36mTrackingModule dependencies initialized[39m
    [35mcontext[39m: "InstanceLoader"
[15:40:20.099] [32mINFO[39m (16744): [36mGeofencesModule dependencies initialized[39m
    [35mcontext[39m: "InstanceLoader"
[15:40:20.099] [32mINFO[39m (16744): [36mTelemetryModule dependencies initialized[39m
    [35mcontext[39m: "InstanceLoader"
[15:40:20.100] [32mINFO[39m (16744): [36mCommandsModule dependencies initialized[39m
    [35mcontext[39m: "InstanceLoader"
[15:40:20.100] [32mINFO[39m (16744): [36mMissionsModule dependencies initialized[39m
    [35mcontext[39m: "InstanceLoader"
[15:40:20.100] [32mINFO[39m (16744): [36mAlertsModule dependencies initialized[39m
    [35mcontext[39m: "InstanceLoader"
[15:40:20.100] [32mINFO[39m (16744): [36mMapLayersModule dependencies initialized[39m
    [35mcontext[39m: "InstanceLoader"
[15:40:20.100] [32mINFO[39m (16744): [36mExternalSourcesModule dependencies initialized[39m
    [35mcontext[39m: "InstanceLoader"
[15:40:20.100] [32mINFO[39m (16744): [36mAuthModule dependencies initialized[39m
    [35mcontext[39m: "InstanceLoader"
[15:40:20.100] [33mWARN[39m (16744): [36mUnsupported route path: "/api/*". In previous versions, the symbols ?, *, and + were used to denote optional or repeating path parameters. The latest version of "path-to-regexp" now requires the use of named parameters. For example, instead of using a route like /users/* to capture all routes starting with "/users", you should use /users/*path. For more details, refer to the migration guide. Attempting to auto-convert...[39m
    [35mcontext[39m: "LegacyRouteConverter"
[15:40:20.100] [33mWARN[39m (16744): [36mUnsupported route path: "/api/*". In previous versions, the symbols ?, *, and + were used to denote optional or repeating path parameters. The latest version of "path-to-regexp" now requires the use of named parameters. For example, instead of using a route like /users/* to capture all routes starting with "/users", you should use /users/*path. For more details, refer to the migration guide. Attempting to auto-convert...[39m
    [35mcontext[39m: "LegacyRouteConverter"
[15:40:20.100] [32mINFO[39m (16744): [36mAuthController {/api/auth}:[39m
    [35mcontext[39m: "RoutesResolver"
[15:40:20.100] [32mINFO[39m (16744): [36mMapped {/api/auth/login, POST} route[39m
    [35mcontext[39m: "RouterExplorer"
[15:40:20.100] [32mINFO[39m (16744): [36mMapped {/api/auth/refresh, POST} route[39m
    [35mcontext[39m: "RouterExplorer"
[15:40:20.100] [32mINFO[39m (16744): [36mMapped {/api/auth/logout, POST} route[39m
    [35mcontext[39m: "RouterExplorer"
[15:40:20.100] [32mINFO[39m (16744): [36mMapped {/api/auth/me, GET} route[39m
    [35mcontext[39m: "RouterExplorer"
[15:40:20.100] [32mINFO[39m (16744): [36mDevicesController {/api/devices}:[39m
    [35mcontext[39m: "RoutesResolver"
[15:40:20.100] [32mINFO[39m (16744): [36mMapped {/api/devices, GET} route[39m
    [35mcontext[39m: "RouterExplorer"
[15:40:20.100] [32mINFO[39m (16744): [36mMapped {/api/devices/:id, GET} route[39m
    [35mcontext[39m: "RouterExplorer"
[15:40:20.100] [32mINFO[39m (16744): [36mMapped {/api/devices, POST} route[39m
    [35mcontext[39m: "RouterExplorer"
[15:40:20.100] [32mINFO[39m (16744): [36mMapped {/api/devices/:id, PATCH} route[39m
    [35mcontext[39m: "RouterExplorer"
[15:40:20.100] [32mINFO[39m (16744): [36mMapped {/api/devices/:id/current-state, GET} route[39m
    [35mcontext[39m: "RouterExplorer"
[15:40:20.100] [32mINFO[39m (16744): [36mMapped {/api/devices/:id/telemetry, GET} route[39m
    [35mcontext[39m: "RouterExplorer"
[15:40:20.100] [32mINFO[39m (16744): [36mMapped {/api/devices/:id/commands, GET} route[39m
    [35mcontext[39m: "RouterExplorer"
[15:40:20.100] [32mINFO[39m (16744): [36mTrackingController {/api/tracks}:[39m
    [35mcontext[39m: "RoutesResolver"
[15:40:20.100] [32mINFO[39m (16744): [36mMapped {/api/tracks/current, GET} route[39m
    [35mcontext[39m: "RouterExplorer"
[15:40:20.100] [32mINFO[39m (16744): [36mMapped {/api/tracks/history, GET} route[39m
    [35mcontext[39m: "RouterExplorer"
[15:40:20.100] [32mINFO[39m (16744): [36mMapped {/api/tracks/bbox, GET} route[39m
    [35mcontext[39m: "RouterExplorer"
[15:40:20.100] [32mINFO[39m (16744): [36mMapped {/api/tracks/:id, GET} route[39m
    [35mcontext[39m: "RouterExplorer"
[15:40:20.100] [32mINFO[39m (16744): [36mTelemetryController {/api/telemetry}:[39m
    [35mcontext[39m: "RoutesResolver"
[15:40:20.100] [32mINFO[39m (16744): [36mMapped {/api/telemetry/ingest, POST} route[39m
    [35mcontext[39m: "RouterExplorer"
[15:40:20.100] [32mINFO[39m (16744): [36mMapped {/api/telemetry, GET} route[39m
    [35mcontext[39m: "RouterExplorer"
[15:40:20.100] [32mINFO[39m (16744): [36mMapped {/api/telemetry/:deviceId, GET} route[39m
    [35mcontext[39m: "RouterExplorer"
[15:40:20.100] [32mINFO[39m (16744): [36mCommandsController {/api/commands}:[39m
    [35mcontext[39m: "RoutesResolver"
[15:40:20.100] [32mINFO[39m (16744): [36mMapped {/api/commands, POST} route[39m
    [35mcontext[39m: "RouterExplorer"
[15:40:20.100] [32mINFO[39m (16744): [36mMapped {/api/commands, GET} route[39m
    [35mcontext[39m: "RouterExplorer"
[15:40:20.100] [32mINFO[39m (16744): [36mMapped {/api/commands/:id, GET} route[39m
    [35mcontext[39m: "RouterExplorer"
[15:40:20.100] [32mINFO[39m (16744): [36mMapped {/api/commands/:id/cancel, POST} route[39m
    [35mcontext[39m: "RouterExplorer"
[15:40:20.100] [32mINFO[39m (16744): [36mCopController {/api/v1}:[39m
    [35mcontext[39m: "RoutesResolver"
[15:40:20.101] [32mINFO[39m (16744): [36mMapped {/api/v1/operations/bootstrap, GET} route[39m
    [35mcontext[39m: "RouterExplorer"
[15:40:20.101] [32mINFO[39m (16744): [36mMapped {/api/v1/operations/snapshot, GET} route[39m
    [35mcontext[39m: "RouterExplorer"
[15:40:20.101] [32mINFO[39m (16744): [36mMapped {/api/v1/assets, GET} route[39m
    [35mcontext[39m: "RouterExplorer"
[15:40:20.101] [32mINFO[39m (16744): [36mMapped {/api/v1/assets/:id, GET} route[39m
    [35mcontext[39m: "RouterExplorer"
[15:40:20.101] [32mINFO[39m (16744): [36mMapped {/api/v1/alerts, GET} route[39m
    [35mcontext[39m: "RouterExplorer"
[15:40:20.101] [32mINFO[39m (16744): [36mMapped {/api/v1/alerts/:id, GET} route[39m
    [35mcontext[39m: "RouterExplorer"
[15:40:20.101] [32mINFO[39m (16744): [36mMapped {/api/v1/incidents, GET} route[39m
    [35mcontext[39m: "RouterExplorer"
[15:40:20.101] [32mINFO[39m (16744): [36mMapped {/api/v1/incidents/:id, GET} route[39m
    [35mcontext[39m: "RouterExplorer"
[15:40:20.101] [32mINFO[39m (16744): [36mMapped {/api/v1/layers, GET} route[39m
    [35mcontext[39m: "RouterExplorer"
[15:40:20.101] [32mINFO[39m (16744): [36mMapped {/api/v1/layers/:id, GET} route[39m
    [35mcontext[39m: "RouterExplorer"
[15:40:20.101] [32mINFO[39m (16744): [36mMapped {/api/v1/layers/:id/geojson, GET} route[39m
    [35mcontext[39m: "RouterExplorer"
[15:40:20.101] [32mINFO[39m (16744): [36mMapped {/api/v1/timeline, GET} route[39m
    [35mcontext[39m: "RouterExplorer"
[15:40:20.101] [32mINFO[39m (16744): [36mMapped {/api/v1/timeline/:id, GET} route[39m
    [35mcontext[39m: "RouterExplorer"
[15:40:20.101] [32mINFO[39m (16744): [36mMapped {/api/v1/geospatial/fire-hotspots, GET} route[39m
    [35mcontext[39m: "RouterExplorer"
[15:40:20.101] [32mINFO[39m (16744): [36mMissionsController {/api/missions}:[39m
    [35mcontext[39m: "RoutesResolver"
[15:40:20.101] [32mINFO[39m (16744): [36mMapped {/api/missions, GET} route[39m
    [35mcontext[39m: "RouterExplorer"
[15:40:20.101] [32mINFO[39m (16744): [36mMapped {/api/missions, POST} route[39m
    [35mcontext[39m: "RouterExplorer"
[15:40:20.101] [32mINFO[39m (16744): [36mMapped {/api/missions/:id, GET} route[39m
    [35mcontext[39m: "RouterExplorer"
[15:40:20.101] [32mINFO[39m (16744): [36mMapped {/api/missions/:id, PATCH} route[39m
    [35mcontext[39m: "RouterExplorer"
[15:40:20.101] [32mINFO[39m (16744): [36mMapped {/api/missions/:id, DELETE} route[39m
    [35mcontext[39m: "RouterExplorer"
[15:40:20.101] [32mINFO[39m (16744): [36mAlertsController {/api/alerts}:[39m
    [35mcontext[39m: "RoutesResolver"
[15:40:20.118] [32mINFO[39m (16744): [36mMapped {/api/alerts, GET} route[39m
    [35mcontext[39m: "RouterExplorer"
[15:40:20.118] [32mINFO[39m (16744): [36mMapped {/api/alerts/:id/ack, POST} route[39m
    [35mcontext[39m: "RouterExplorer"
[15:40:20.118] [32mINFO[39m (16744): [36mMapped {/api/alerts/:id/resolve, POST} route[39m
    [35mcontext[39m: "RouterExplorer"
[15:40:20.118] [32mINFO[39m (16744): [36mGeofencesController {/api/geofences}:[39m
    [35mcontext[39m: "RoutesResolver"
[15:40:20.118] [32mINFO[39m (16744): [36mMapped {/api/geofences, GET} route[39m
    [35mcontext[39m: "RouterExplorer"
[15:40:20.118] [32mINFO[39m (16744): [36mMapped {/api/geofences, POST} route[39m
    [35mcontext[39m: "RouterExplorer"
[15:40:20.118] [32mINFO[39m (16744): [36mMapped {/api/geofences/:id, GET} route[39m
    [35mcontext[39m: "RouterExplorer"
[15:40:20.118] [32mINFO[39m (16744): [36mMapped {/api/geofences/:id, PATCH} route[39m
    [35mcontext[39m: "RouterExplorer"
[15:40:20.118] [32mINFO[39m (16744): [36mMapped {/api/geofences/:id, DELETE} route[39m
    [35mcontext[39m: "RouterExplorer"
[15:40:20.118] [32mINFO[39m (16744): [36mMapLayersController {/api/map-layers}:[39m
    [35mcontext[39m: "RoutesResolver"
[15:40:20.118] [32mINFO[39m (16744): [36mMapped {/api/map-layers, GET} route[39m
    [35mcontext[39m: "RouterExplorer"
[15:40:20.118] [32mINFO[39m (16744): [36mMapped {/api/map-layers/:id, GET} route[39m
    [35mcontext[39m: "RouterExplorer"
[15:40:20.118] [32mINFO[39m (16744): [36mMapped {/api/map-layers/:id/features, GET} route[39m
    [35mcontext[39m: "RouterExplorer"
[15:40:20.119] [32mINFO[39m (16744): [36mMapped {/api/map-layers/:id/geojson, GET} route[39m
    [35mcontext[39m: "RouterExplorer"
[15:40:20.121] [32mINFO[39m (16744): [36mMapped {/api/map-layers/:id, PATCH} route[39m
    [35mcontext[39m: "RouterExplorer"
[15:40:20.121] [32mINFO[39m (16744): [36mExternalSourcesController {/api/external-sources}:[39m
    [35mcontext[39m: "RoutesResolver"
[15:40:20.121] [32mINFO[39m (16744): [36mMapped {/api/external-sources, GET} route[39m
    [35mcontext[39m: "RouterExplorer"
[15:40:20.121] [32mINFO[39m (16744): [36mMapped {/api/external-sources/sync-all, POST} route[39m
    [35mcontext[39m: "RouterExplorer"
[15:40:20.121] [32mINFO[39m (16744): [36mMapped {/api/external-sources/:id/sync, POST} route[39m
    [35mcontext[39m: "RouterExplorer"
[15:40:20.121] [32mINFO[39m (16744): [36mSystemHealthController {/api}:[39m
    [35mcontext[39m: "RoutesResolver"
[15:40:20.121] [32mINFO[39m (16744): [36mMapped {/api/health, GET} route[39m
    [35mcontext[39m: "RouterExplorer"
[15:40:20.121] [32mINFO[39m (16744): [36mMapped {/api/metrics, GET} route[39m
    [35mcontext[39m: "RouterExplorer"
[15:40:20.121] [32mINFO[39m (16744): [36mNest application successfully started[39m
    [35mcontext[39m: "NestApplication"
[15:40:20.123] [32mINFO[39m (16744): [36mGungnir backend listening on http://127.0.0.1:4000[39m
[15:40:20.159] [32mINFO[39m (16744): [36mConnected to MQTT broker mqtt://localhost:1883[39m
    [35mcontext[39m: "MqttService"
[15:40:20.574] [34mDEBUG[39m (16744): [36mRealtime client connected: 9ZzUKI3cDh1YMq9AAAAB[39m
    [35mcontext[39m: "RealtimeGateway"
[16:05:30.789] [32mINFO[39m (16744): [36mrequest completed[39m
    [35mreq[39m: {
      "id": 1,
      "method": "GET",
      "url": "/api/auth/me",
      "query": {},
      "params": {
        "path": [
          "auth",
          "me"
        ]
      },
      "headers": {
        "host": "localhost:4000",
        "connection": "keep-alive",
        "accept": "*/*",
        "accept-language": "*",
        "sec-fetch-mode": "cors",
        "user-agent": "node",
        "pragma": "no-cache",
        "cache-control": "no-cache",
        "accept-encoding": "gzip, deflate"
      },
      "remoteAddress": "127.0.0.1",
      "remotePort": 64977
    }
    [35mres[39m: {
      "statusCode": 401,
      "headers": {
        "content-security-policy": "default-src 'self';base-uri 'self';font-src 'self' https: data:;form-action 'self';frame-ancestors 'self';img-src 'self' data:;object-src 'none';script-src 'self';script-src-attr 'none';style-src 'self' https: 'unsafe-inline';upgrade-insecure-requests",
        "cross-origin-opener-policy": "same-origin",
        "cross-origin-resource-policy": "same-origin",
        "origin-agent-cluster": "?1",
        "referrer-policy": "no-referrer",
        "strict-transport-security": "max-age=31536000; includeSubDomains",
        "x-content-type-options": "nosniff",
        "x-dns-prefetch-control": "off",
        "x-download-options": "noopen",
        "x-frame-options": "SAMEORIGIN",
        "x-permitted-cross-domain-policies": "none",
        "x-xss-protection": "0",
        "vary": "Origin",
        "access-control-allow-credentials": "true",
        "x-ratelimit-limit": "120",
        "x-ratelimit-remaining": "119",
        "x-ratelimit-reset": "60",
        "content-type": "application/json; charset=utf-8",
        "content-length": "163",
        "etag": "W/\"a3-HP2bAt9AMY6jUfmEyYQMJkPkoHM\""
      }
    }
    [35mresponseTime[39m: 4
[16:05:30.929] [32mINFO[39m (16744): [36mrequest completed[39m
    [35mreq[39m: {
      "id": 2,
      "method": "POST",
      "url": "/api/auth/refresh",
      "query": {},
      "params": {
        "path": [
          "auth",
          "refresh"
        ]
      },
      "headers": {
        "host": "localhost:4000",
        "connection": "keep-alive",
        "content-type": "application/json",
        "accept": "*/*",
        "accept-language": "*",
        "sec-fetch-mode": "cors",
        "user-agent": "node",
        "pragma": "no-cache",
        "cache-control": "no-cache",
        "accept-encoding": "gzip, deflate",
        "content-length": "307"
      },
      "remoteAddress": "127.0.0.1",
      "remotePort": 64979
    }
    [35mres[39m: {
      "statusCode": 201,
      "headers": {
        "content-security-policy": "default-src 'self';base-uri 'self';font-src 'self' https: data:;form-action 'self';frame-ancestors 'self';img-src 'self' data:;object-src 'none';script-src 'self';script-src-attr 'none';style-src 'self' https: 'unsafe-inline';upgrade-insecure-requests",
        "cross-origin-opener-policy": "same-origin",
        "cross-origin-resource-policy": "same-origin",
        "origin-agent-cluster": "?1",
        "referrer-policy": "no-referrer",
        "strict-transport-security": "max-age=31536000; includeSubDomains",
        "x-content-type-options": "nosniff",
        "x-dns-prefetch-control": "off",
        "x-download-options": "noopen",
        "x-frame-options": "SAMEORIGIN",
        "x-permitted-cross-domain-policies": "none",
        "x-xss-protection": "0",
        "vary": "Origin",
        "access-control-allow-credentials": "true",
        "x-ratelimit-limit": "120",
        "x-ratelimit-remaining": "119",
        "x-ratelimit-reset": "60",
        "x-correlation-id": "02d37446-faed-4ef1-a92e-c4149f07b2ce",
        "content-type": "application/json; charset=utf-8",
        "content-length": "591",
        "etag": "W/\"24f-Mp/jHxY+c5i2uyRQ641PoJT15zI\""
      }
    }
    [35mresponseTime[39m: 49
[16:05:30.939] [32mINFO[39m (16744): [36mrequest completed[39m
    [35mreq[39m: {
      "id": 3,
      "method": "GET",
      "url": "/api/auth/me",
      "query": {},
      "params": {
        "path": [
          "auth",
          "me"
        ]
      },
      "headers": {
        "host": "localhost:4000",
        "connection": "keep-alive",
        "authorization": "Bearer eyJhbGciOiJIUzI1NiIsInR5cCI6IkpXVCJ9.eyJzdWIiOiJ1c2VyLWFkbWluIiwiZW1haWwiOiJhZG1pbkBndW5nbmlyLmxvY2FsIiwicm9sZXMiOlsiYWRtaW4iLCJhZG1pbiJdLCJpYXQiOjE3NzkxMzQ3MzAsImV4cCI6MTc3OTEzNTYzMH0.uYPRCtqdzmwamRBNjns5oSdUDf0UWJTYHWG_9k-qU4Q",
        "accept": "*/*",
        "accept-language": "*",
        "sec-fetch-mode": "cors",
        "user-agent": "node",
        "pragma": "no-cache",
        "cache-control": "no-cache",
        "accept-encoding": "gzip, deflate"
      },
      "remoteAddress": "127.0.0.1",
      "remotePort": 64977
    }
    [35mres[39m: {
      "statusCode": 200,
      "headers": {
        "content-security-policy": "default-src 'self';base-uri 'self';font-src 'self' https: data:;form-action 'self';frame-ancestors 'self';img-src 'self' data:;object-src 'none';script-src 'self';script-src-attr 'none';style-src 'self' https: 'unsafe-inline';upgrade-insecure-requests",
        "cross-origin-opener-policy": "same-origin",
        "cross-origin-resource-policy": "same-origin",
        "origin-agent-cluster": "?1",
        "referrer-policy": "no-referrer",
        "strict-transport-security": "max-age=31536000; includeSubDomains",
        "x-content-type-options": "nosniff",
        "x-dns-prefetch-control": "off",
        "x-download-options": "noopen",
        "x-frame-options": "SAMEORIGIN",
        "x-permitted-cross-domain-policies": "none",
        "x-xss-protection": "0",
        "vary": "Origin",
        "access-control-allow-credentials": "true",
        "x-ratelimit-limit": "120",
        "x-ratelimit-remaining": "118",
        "x-ratelimit-reset": "60",
        "x-correlation-id": "36749a29-6799-499e-a794-936b85b0e6db",
        "content-type": "application/json; charset=utf-8",
        "content-length": "124",
        "etag": "W/\"7c-QtJzlFTARSsNLVrG/rl/H1cK0Bk\""
      }
    }
    [35mresponseTime[39m: 5
[16:05:30.967] [32mINFO[39m (16744): [36mrequest completed[39m
    [35mreq[39m: {
      "id": 4,
      "method": "GET",
      "url": "/api/v1/operations/bootstrap",
      "query": {},
      "params": {
        "path": [
          "v1",
          "operations",
          "bootstrap"
        ]
      },
      "headers": {
        "host": "localhost:4000",
        "connection": "keep-alive",
        "accept": "*/*",
        "accept-language": "*",
        "sec-fetch-mode": "cors",
        "user-agent": "node",
        "pragma": "no-cache",
        "cache-control": "no-cache",
        "accept-encoding": "gzip, deflate"
      },
      "remoteAddress": "127.0.0.1",
      "remotePort": 64979
    }
    [35mres[39m: {
      "statusCode": 200,
      "headers": {
        "content-security-policy": "default-src 'self';base-uri 'self';font-src 'self' https: data:;form-action 'self';frame-ancestors 'self';img-src 'self' data:;object-src 'none';script-src 'self';script-src-attr 'none';style-src 'self' https: 'unsafe-inline';upgrade-insecure-requests",
        "cross-origin-opener-policy": "same-origin",
        "cross-origin-resource-policy": "same-origin",
        "origin-agent-cluster": "?1",
        "referrer-policy": "no-referrer",
        "strict-transport-security": "max-age=31536000; includeSubDomains",
        "x-content-type-options": "nosniff",
        "x-dns-prefetch-control": "off",
        "x-download-options": "noopen",
        "x-frame-options": "SAMEORIGIN",
        "x-permitted-cross-domain-policies": "none",
        "x-xss-protection": "0",
        "vary": "Origin",
        "access-control-allow-credentials": "true",
        "x-ratelimit-limit": "120",
        "x-ratelimit-remaining": "119",
        "x-ratelimit-reset": "60",
        "x-correlation-id": "10e986fa-9d9c-48b5-aac0-e5cc09a0f43d",
        "content-type": "application/json; charset=utf-8",
        "content-length": "3457",
        "etag": "W/\"d81-MsGVhmT14Bz6rYNVb6hGVmCiCog\""
      }
    }
    [35mresponseTime[39m: 23
[16:05:38.492] [32mINFO[39m (16744): [36mrequest completed[39m
    [35mreq[39m: {
      "id": 5,
      "method": "GET",
      "url": "/api/auth/me",
      "query": {},
      "params": {
        "path": [
          "auth",
          "me"
        ]
      },
      "headers": {
        "host": "localhost:4000",
        "connection": "keep-alive",
        "accept": "*/*",
        "accept-language": "*",
        "sec-fetch-mode": "cors",
        "user-agent": "node",
        "pragma": "no-cache",
        "cache-control": "no-cache",
        "accept-encoding": "gzip, deflate"
      },
      "remoteAddress": "127.0.0.1",
      "remotePort": 57402
    }
    [35mres[39m: {
      "statusCode": 401,
      "headers": {
        "content-security-policy": "default-src 'self';base-uri 'self';font-src 'self' https: data:;form-action 'self';frame-ancestors 'self';img-src 'self' data:;object-src 'none';script-src 'self';script-src-attr 'none';style-src 'self' https: 'unsafe-inline';upgrade-insecure-requests",
        "cross-origin-opener-policy": "same-origin",
        "cross-origin-resource-policy": "same-origin",
        "origin-agent-cluster": "?1",
        "referrer-policy": "no-referrer",
        "strict-transport-security": "max-age=31536000; includeSubDomains",
        "x-content-type-options": "nosniff",
        "x-dns-prefetch-control": "off",
        "x-download-options": "noopen",
        "x-frame-options": "SAMEORIGIN",
        "x-permitted-cross-domain-policies": "none",
        "x-xss-protection": "0",
        "vary": "Origin",
        "access-control-allow-credentials": "true",
        "x-ratelimit-limit": "120",
        "x-ratelimit-remaining": "117",
        "x-ratelimit-reset": "53",
        "content-type": "application/json; charset=utf-8",
        "content-length": "163",
        "etag": "W/\"a3-AiRqJMdMeeatXTmgNFJNJUBPdtA\""
      }
    }
    [35mresponseTime[39m: 1
[16:05:38.511] [32mINFO[39m (16744): [36mrequest completed[39m
    [35mreq[39m: {
      "id": 6,
      "method": "POST",
      "url": "/api/auth/refresh",
      "query": {},
      "params": {
        "path": [
          "auth",
          "refresh"
        ]
      },
      "headers": {
        "host": "localhost:4000",
        "connection": "keep-alive",
        "content-type": "application/json",
        "accept": "*/*",
        "accept-language": "*",
        "sec-fetch-mode": "cors",
        "user-agent": "node",
        "pragma": "no-cache",
        "cache-control": "no-cache",
        "accept-encoding": "gzip, deflate",
        "content-length": "307"
      },
      "remoteAddress": "127.0.0.1",
      "remotePort": 57404
    }
    [35mres[39m: {
      "statusCode": 201,
      "headers": {
        "content-security-policy": "default-src 'self';base-uri 'self';font-src 'self' https: data:;form-action 'self';frame-ancestors 'self';img-src 'self' data:;object-src 'none';script-src 'self';script-src-attr 'none';style-src 'self' https: 'unsafe-inline';upgrade-insecure-requests",
        "cross-origin-opener-policy": "same-origin",
        "cross-origin-resource-policy": "same-origin",
        "origin-agent-cluster": "?1",
        "referrer-policy": "no-referrer",
        "strict-transport-security": "max-age=31536000; includeSubDomains",
        "x-content-type-options": "nosniff",
        "x-dns-prefetch-control": "off",
        "x-download-options": "noopen",
        "x-frame-options": "SAMEORIGIN",
        "x-permitted-cross-domain-policies": "none",
        "x-xss-protection": "0",
        "vary": "Origin",
        "access-control-allow-credentials": "true",
        "x-ratelimit-limit": "120",
        "x-ratelimit-remaining": "118",
        "x-ratelimit-reset": "53",
        "x-correlation-id": "0d570a75-bc28-48ce-820e-27f8a25aa03c",
        "content-type": "application/json; charset=utf-8",
        "content-length": "591",
        "etag": "W/\"24f-aNEHk1J2FTtgkTGbgZjyjPIADfw\""
      }
    }
    [35mresponseTime[39m: 8
[16:05:38.523] [32mINFO[39m (16744): [36mrequest completed[39m
    [35mreq[39m: {
      "id": 7,
      "method": "GET",
      "url": "/api/auth/me",
      "query": {},
      "params": {
        "path": [
          "auth",
          "me"
        ]
      },
      "headers": {
        "host": "localhost:4000",
        "connection": "keep-alive",
        "authorization": "Bearer eyJhbGciOiJIUzI1NiIsInR5cCI6IkpXVCJ9.eyJzdWIiOiJ1c2VyLWFkbWluIiwiZW1haWwiOiJhZG1pbkBndW5nbmlyLmxvY2FsIiwicm9sZXMiOlsiYWRtaW4iLCJhZG1pbiJdLCJpYXQiOjE3NzkxMzQ3MzgsImV4cCI6MTc3OTEzNTYzOH0.GABbye8WhS7yZgkpvhqzmkby3_aGwejX_Yyv9jBSZss",
        "accept": "*/*",
        "accept-language": "*",
        "sec-fetch-mode": "cors",
        "user-agent": "node",
        "pragma": "no-cache",
        "cache-control": "no-cache",
        "accept-encoding": "gzip, deflate"
      },
      "remoteAddress": "127.0.0.1",
      "remotePort": 57402
    }
    [35mres[39m: {
      "statusCode": 200,
      "headers": {
        "content-security-policy": "default-src 'self';base-uri 'self';font-src 'self' https: data:;form-action 'self';frame-ancestors 'self';img-src 'self' data:;object-src 'none';script-src 'self';script-src-attr 'none';style-src 'self' https: 'unsafe-inline';upgrade-insecure-requests",
        "cross-origin-opener-policy": "same-origin",
        "cross-origin-resource-policy": "same-origin",
        "origin-agent-cluster": "?1",
        "referrer-policy": "no-referrer",
        "strict-transport-security": "max-age=31536000; includeSubDomains",
        "x-content-type-options": "nosniff",
        "x-dns-prefetch-control": "off",
        "x-download-options": "noopen",
        "x-frame-options": "SAMEORIGIN",
        "x-permitted-cross-domain-policies": "none",
        "x-xss-protection": "0",
        "vary": "Origin",
        "access-control-allow-credentials": "true",
        "x-ratelimit-limit": "120",
        "x-ratelimit-remaining": "116",
        "x-ratelimit-reset": "53",
        "x-correlation-id": "cbb4a4bd-88b9-4773-af34-b318a0064f63",
        "content-type": "application/json; charset=utf-8",
        "content-length": "124",
        "etag": "W/\"7c-QtJzlFTARSsNLVrG/rl/H1cK0Bk\""
      }
    }
    [35mresponseTime[39m: 3
[16:05:38.541] [32mINFO[39m (16744): [36mrequest completed[39m
    [35mreq[39m: {
      "id": 8,
      "method": "GET",
      "url": "/api/v1/operations/bootstrap",
      "query": {},
      "params": {
        "path": [
          "v1",
          "operations",
          "bootstrap"
        ]
      },
      "headers": {
        "host": "localhost:4000",
        "connection": "keep-alive",
        "accept": "*/*",
        "accept-language": "*",
        "sec-fetch-mode": "cors",
        "user-agent": "node",
        "pragma": "no-cache",
        "cache-control": "no-cache",
        "accept-encoding": "gzip, deflate"
      },
      "remoteAddress": "127.0.0.1",
      "remotePort": 57404
    }
    [35mres[39m: {
      "statusCode": 200,
      "headers": {
        "content-security-policy": "default-src 'self';base-uri 'self';font-src 'self' https: data:;form-action 'self';frame-ancestors 'self';img-src 'self' data:;object-src 'none';script-src 'self';script-src-attr 'none';style-src 'self' https: 'unsafe-inline';upgrade-insecure-requests",
        "cross-origin-opener-policy": "same-origin",
        "cross-origin-resource-policy": "same-origin",
        "origin-agent-cluster": "?1",
        "referrer-policy": "no-referrer",
        "strict-transport-security": "max-age=31536000; includeSubDomains",
        "x-content-type-options": "nosniff",
        "x-dns-prefetch-control": "off",
        "x-download-options": "noopen",
        "x-frame-options": "SAMEORIGIN",
        "x-permitted-cross-domain-policies": "none",
        "x-xss-protection": "0",
        "vary": "Origin",
        "access-control-allow-credentials": "true",
        "x-ratelimit-limit": "120",
        "x-ratelimit-remaining": "118",
        "x-ratelimit-reset": "53",
        "x-correlation-id": "2b55533c-9d17-4a7a-a43c-3a67a29ff648",
        "content-type": "application/json; charset=utf-8",
        "content-length": "3457",
        "etag": "W/\"d81-O2bOHNs6cZLwedJaKBgVDhX32eQ\""
      }
    }
    [35mresponseTime[39m: 9
[2J[3J[H[[90m4:08:18 p. m.[0m] File change detected. Starting incremental compilation...

[2J[3J[H[[90m4:10:11 p. m.[0m] File change detected. Starting incremental compilation...

[[90m4:10:15 p. m.[0m] Found 0 errors. Watching for file changes.

[2J[3J[H[[90m4:10:16 p. m.[0m] File change detected. Starting incremental compilation...

[[90m4:10:18 p. m.[0m] Found 0 errors. Watching for file changes.

[2J[3J[H[[90m4:10:19 p. m.[0m] File change detected. Starting incremental compilation...

[[90m4:10:20 p. m.[0m] Found 0 errors. Watching for file changes.

[2J[3J[H[[90m4:10:24 p. m.[0m] File change detected. Starting incremental compilation...

[[90m4:10:25 p. m.[0m] Found 0 errors. Watching for file changes.

[2J[3J[H[[90m4:10:25 p. m.[0m] File change detected. Starting incremental compilation...

[[90m4:10:27 p. m.[0m] Found 0 errors. Watching for file changes.

[2J[3J[H[[90m4:10:27 p. m.[0m] File change detected. Starting incremental compilation...

[[90m4:10:29 p. m.[0m] Found 0 errors. Watching for file changes.

[2J[3J[H[[90m4:10:29 p. m.[0m] File change detected. Starting incremental compilation...

[[90m4:10:30 p. m.[0m] Found 0 errors. Watching for file changes.

[2J[3J[H[[90m4:10:33 p. m.[0m] File change detected. Starting incremental compilation...

[[90m4:10:34 p. m.[0m] Found 0 errors. Watching for file changes.

[16:10:44.127] [32mINFO[39m (55920): [36mStarting Nest application...[39m
    [35mcontext[39m: "NestFactory"
[16:10:44.127] [32mINFO[39m (55920): [36mQueueModule dependencies initialized[39m
    [35mcontext[39m: "InstanceLoader"
[16:10:44.127] [32mINFO[39m (55920): [36mRolesModule dependencies initialized[39m
    [35mcontext[39m: "InstanceLoader"
[16:10:44.127] [32mINFO[39m (55920): [36mOrganizationsModule dependencies initialized[39m
    [35mcontext[39m: "InstanceLoader"
[16:10:44.127] [32mINFO[39m (55920): [36mUnitsModule dependencies initialized[39m
    [35mcontext[39m: "InstanceLoader"
[16:10:44.127] [32mINFO[39m (55920): [36mEventEmitterModule dependencies initialized[39m
    [35mcontext[39m: "InstanceLoader"
[16:10:44.128] [32mINFO[39m (55920): [36mTaskingModule dependencies initialized[39m
    [35mcontext[39m: "InstanceLoader"
[16:10:44.128] [32mINFO[39m (55920): [36mIncidentsModule dependencies initialized[39m
    [35mcontext[39m: "InstanceLoader"
[16:10:44.128] [32mINFO[39m (55920): [36mFireIntelModule dependencies initialized[39m
    [35mcontext[39m: "InstanceLoader"
[16:10:44.128] [32mINFO[39m (55920): [36mAirTrafficModule dependencies initialized[39m
    [35mcontext[39m: "InstanceLoader"
[16:10:44.128] [32mINFO[39m (55920): [36mNotamsModule dependencies initialized[39m
    [35mcontext[39m: "InstanceLoader"
[16:10:44.128] [32mINFO[39m (55920): [36mWeatherModule dependencies initialized[39m
    [35mcontext[39m: "InstanceLoader"
[16:10:44.128] [32mINFO[39m (55920): [36mGuardianModule dependencies initialized[39m
    [35mcontext[39m: "InstanceLoader"
[16:10:44.128] [32mINFO[39m (55920): [36mMavlinkModule dependencies initialized[39m
    [35mcontext[39m: "InstanceLoader"
[16:10:44.128] [32mINFO[39m (55920): [36mAtakModule dependencies initialized[39m
    [35mcontext[39m: "InstanceLoader"
[16:10:44.128] [32mINFO[39m (55920): [36mCotModule dependencies initialized[39m
    [35mcontext[39m: "InstanceLoader"
[16:10:44.128] [32mINFO[39m (55920): [36mRealtimeModule dependencies initialized[39m
    [35mcontext[39m: "InstanceLoader"
[16:10:44.128] [32mINFO[39m (55920): [36mConfigHostModule dependencies initialized[39m
    [35mcontext[39m: "InstanceLoader"
[16:10:44.128] [32mINFO[39m (55920): [36mJwtModule dependencies initialized[39m
    [35mcontext[39m: "InstanceLoader"
[16:10:44.128] [32mINFO[39m (55920): [36mThrottlerModule dependencies initialized[39m
    [35mcontext[39m: "InstanceLoader"
[16:10:44.129] [32mINFO[39m (55920): [36mSystemHealthModule dependencies initialized[39m
    [35mcontext[39m: "InstanceLoader"
[16:10:44.129] [32mINFO[39m (55920): [36mDiscoveryModule dependencies initialized[39m
    [35mcontext[39m: "InstanceLoader"
[16:10:44.129] [32mINFO[39m (55920): [36mConfigModule dependencies initialized[39m
    [35mcontext[39m: "InstanceLoader"
[16:10:44.129] [32mINFO[39m (55920): [36mConfigModule dependencies initialized[39m
    [35mcontext[39m: "InstanceLoader"
[16:10:44.129] [32mINFO[39m (55920): [36mEventEmitterModule dependencies initialized[39m
    [35mcontext[39m: "InstanceLoader"
[16:10:44.129] [32mINFO[39m (55920): [36mLoggerModule dependencies initialized[39m
    [35mcontext[39m: "InstanceLoader"
[16:10:44.129] [32mINFO[39m (55920): [36mBullModule dependencies initialized[39m
    [35mcontext[39m: "InstanceLoader"
[16:10:44.129] [32mINFO[39m (55920): [36mMqttModule dependencies initialized[39m
    [35mcontext[39m: "InstanceLoader"
[16:10:44.129] [32mINFO[39m (55920): [36mBullModule dependencies initialized[39m
    [35mcontext[39m: "InstanceLoader"
[16:10:44.129] [32mINFO[39m (55920): [36mDatabaseModule dependencies initialized[39m
    [35mcontext[39m: "InstanceLoader"
[16:10:44.129] [32mINFO[39m (55920): [36mAppModule dependencies initialized[39m
    [35mcontext[39m: "InstanceLoader"
[16:10:44.129] [32mINFO[39m (55920): [36mAuditModule dependencies initialized[39m
    [35mcontext[39m: "InstanceLoader"
[16:10:44.129] [32mINFO[39m (55920): [36mUsersModule dependencies initialized[39m
    [35mcontext[39m: "InstanceLoader"
[16:10:44.129] [32mINFO[39m (55920): [36mAssetsModule dependencies initialized[39m
    [35mcontext[39m: "InstanceLoader"
[16:10:44.129] [32mINFO[39m (55920): [36mBullModule dependencies initialized[39m
    [35mcontext[39m: "InstanceLoader"
[16:10:44.129] [32mINFO[39m (55920): [36mCopModule dependencies initialized[39m
    [35mcontext[39m: "InstanceLoader"
[16:10:44.129] [32mINFO[39m (55920): [36mDevicesModule dependencies initialized[39m
    [35mcontext[39m: "InstanceLoader"
[16:10:44.129] [32mINFO[39m (55920): [36mTrackingModule dependencies initialized[39m
    [35mcontext[39m: "InstanceLoader"
[16:10:44.129] [32mINFO[39m (55920): [36mGeofencesModule dependencies initialized[39m
    [35mcontext[39m: "InstanceLoader"
[16:10:44.129] [32mINFO[39m (55920): [36mTelemetryModule dependencies initialized[39m
    [35mcontext[39m: "InstanceLoader"
[16:10:44.129] [32mINFO[39m (55920): [36mCommandsModule dependencies initialized[39m
    [35mcontext[39m: "InstanceLoader"
[16:10:44.129] [32mINFO[39m (55920): [36mMissionsModule dependencies initialized[39m
    [35mcontext[39m: "InstanceLoader"
[16:10:44.129] [32mINFO[39m (55920): [36mAlertsModule dependencies initialized[39m
    [35mcontext[39m: "InstanceLoader"
[16:10:44.129] [32mINFO[39m (55920): [36mMapLayersModule dependencies initialized[39m
    [35mcontext[39m: "InstanceLoader"
[16:10:44.129] [32mINFO[39m (55920): [36mExternalSourcesModule dependencies initialized[39m
    [35mcontext[39m: "InstanceLoader"
[16:10:44.129] [32mINFO[39m (55920): [36mAuthModule dependencies initialized[39m
    [35mcontext[39m: "InstanceLoader"
[16:10:44.129] [33mWARN[39m (55920): [36mUnsupported route path: "/api/*". In previous versions, the symbols ?, *, and + were used to denote optional or repeating path parameters. The latest version of "path-to-regexp" now requires the use of named parameters. For example, instead of using a route like /users/* to capture all routes starting with "/users", you should use /users/*path. For more details, refer to the migration guide. Attempting to auto-convert...[39m
    [35mcontext[39m: "LegacyRouteConverter"
[16:10:44.129] [33mWARN[39m (55920): [36mUnsupported route path: "/api/*". In previous versions, the symbols ?, *, and + were used to denote optional or repeating path parameters. The latest version of "path-to-regexp" now requires the use of named parameters. For example, instead of using a route like /users/* to capture all routes starting with "/users", you should use /users/*path. For more details, refer to the migration guide. Attempting to auto-convert...[39m
    [35mcontext[39m: "LegacyRouteConverter"
[16:10:44.129] [32mINFO[39m (55920): [36mAuthController {/api/auth}:[39m
    [35mcontext[39m: "RoutesResolver"
[16:10:44.129] [32mINFO[39m (55920): [36mMapped {/api/auth/login, POST} route[39m
    [35mcontext[39m: "RouterExplorer"
[16:10:44.129] [32mINFO[39m (55920): [36mMapped {/api/auth/refresh, POST} route[39m
    [35mcontext[39m: "RouterExplorer"
[16:10:44.129] [32mINFO[39m (55920): [36mMapped {/api/auth/logout, POST} route[39m
    [35mcontext[39m: "RouterExplorer"
[16:10:44.129] [32mINFO[39m (55920): [36mMapped {/api/auth/me, GET} route[39m
    [35mcontext[39m: "RouterExplorer"
[16:10:44.129] [32mINFO[39m (55920): [36mDevicesController {/api/devices}:[39m
    [35mcontext[39m: "RoutesResolver"
[16:10:44.129] [32mINFO[39m (55920): [36mMapped {/api/devices, GET} route[39m
    [35mcontext[39m: "RouterExplorer"
[16:10:44.129] [32mINFO[39m (55920): [36mMapped {/api/devices/:id, GET} route[39m
    [35mcontext[39m: "RouterExplorer"
[16:10:44.130] [32mINFO[39m (55920): [36mMapped {/api/devices, POST} route[39m
    [35mcontext[39m: "RouterExplorer"
[16:10:44.130] [32mINFO[39m (55920): [36mMapped {/api/devices/:id, PATCH} route[39m
    [35mcontext[39m: "RouterExplorer"
[16:10:44.130] [32mINFO[39m (55920): [36mMapped {/api/devices/:id/current-state, GET} route[39m
    [35mcontext[39m: "RouterExplorer"
[16:10:44.130] [32mINFO[39m (55920): [36mMapped {/api/devices/:id/telemetry, GET} route[39m
    [35mcontext[39m: "RouterExplorer"
[16:10:44.130] [32mINFO[39m (55920): [36mMapped {/api/devices/:id/commands, GET} route[39m
    [35mcontext[39m: "RouterExplorer"
[16:10:44.130] [32mINFO[39m (55920): [36mTrackingController {/api/tracks}:[39m
    [35mcontext[39m: "RoutesResolver"
[16:10:44.130] [32mINFO[39m (55920): [36mMapped {/api/tracks/current, GET} route[39m
    [35mcontext[39m: "RouterExplorer"
[16:10:44.130] [32mINFO[39m (55920): [36mMapped {/api/tracks/history, GET} route[39m
    [35mcontext[39m: "RouterExplorer"
[16:10:44.130] [32mINFO[39m (55920): [36mMapped {/api/tracks/bbox, GET} route[39m
    [35mcontext[39m: "RouterExplorer"
[16:10:44.130] [32mINFO[39m (55920): [36mMapped {/api/tracks/:id, GET} route[39m
    [35mcontext[39m: "RouterExplorer"
[16:10:44.130] [32mINFO[39m (55920): [36mTelemetryController {/api/telemetry}:[39m
    [35mcontext[39m: "RoutesResolver"
[16:10:44.130] [32mINFO[39m (55920): [36mMapped {/api/telemetry/ingest, POST} route[39m
    [35mcontext[39m: "RouterExplorer"
[16:10:44.130] [32mINFO[39m (55920): [36mMapped {/api/telemetry, GET} route[39m
    [35mcontext[39m: "RouterExplorer"
[16:10:44.130] [32mINFO[39m (55920): [36mMapped {/api/telemetry/:deviceId, GET} route[39m
    [35mcontext[39m: "RouterExplorer"
[16:10:44.130] [32mINFO[39m (55920): [36mCommandsController {/api/commands}:[39m
    [35mcontext[39m: "RoutesResolver"
[16:10:44.130] [32mINFO[39m (55920): [36mMapped {/api/commands, POST} route[39m
    [35mcontext[39m: "RouterExplorer"
[16:10:44.130] [32mINFO[39m (55920): [36mMapped {/api/commands, GET} route[39m
    [35mcontext[39m: "RouterExplorer"
[16:10:44.130] [32mINFO[39m (55920): [36mMapped {/api/commands/:id, GET} route[39m
    [35mcontext[39m: "RouterExplorer"
[16:10:44.130] [32mINFO[39m (55920): [36mMapped {/api/commands/:id/cancel, POST} route[39m
    [35mcontext[39m: "RouterExplorer"
[16:10:44.130] [32mINFO[39m (55920): [36mCopController {/api/v1}:[39m
    [35mcontext[39m: "RoutesResolver"
[16:10:44.130] [32mINFO[39m (55920): [36mMapped {/api/v1/operations/bootstrap, GET} route[39m
    [35mcontext[39m: "RouterExplorer"
[16:10:44.130] [32mINFO[39m (55920): [36mMapped {/api/v1/operations/snapshot, GET} route[39m
    [35mcontext[39m: "RouterExplorer"
[16:10:44.130] [32mINFO[39m (55920): [36mMapped {/api/v1/assets, GET} route[39m
    [35mcontext[39m: "RouterExplorer"
[16:10:44.130] [32mINFO[39m (55920): [36mMapped {/api/v1/assets/:id, GET} route[39m
    [35mcontext[39m: "RouterExplorer"
[16:10:44.130] [32mINFO[39m (55920): [36mMapped {/api/v1/alerts, GET} route[39m
    [35mcontext[39m: "RouterExplorer"
[16:10:44.130] [32mINFO[39m (55920): [36mMapped {/api/v1/alerts/:id, GET} route[39m
    [35mcontext[39m: "RouterExplorer"
[16:10:44.130] [32mINFO[39m (55920): [36mMapped {/api/v1/incidents, GET} route[39m
    [35mcontext[39m: "RouterExplorer"
[16:10:44.130] [32mINFO[39m (55920): [36mMapped {/api/v1/incidents/:id, GET} route[39m
    [35mcontext[39m: "RouterExplorer"
[16:10:44.130] [32mINFO[39m (55920): [36mMapped {/api/v1/layers, GET} route[39m
    [35mcontext[39m: "RouterExplorer"
[16:10:44.130] [32mINFO[39m (55920): [36mMapped {/api/v1/layers/:id, GET} route[39m
    [35mcontext[39m: "RouterExplorer"
[16:10:44.130] [32mINFO[39m (55920): [36mMapped {/api/v1/layers/:id/geojson, GET} route[39m
    [35mcontext[39m: "RouterExplorer"
[16:10:44.130] [32mINFO[39m (55920): [36mMapped {/api/v1/timeline, GET} route[39m
    [35mcontext[39m: "RouterExplorer"
[16:10:44.130] [32mINFO[39m (55920): [36mMapped {/api/v1/timeline/:id, GET} route[39m
    [35mcontext[39m: "RouterExplorer"
[16:10:44.130] [32mINFO[39m (55920): [36mMapped {/api/v1/geospatial/fire-hotspots, GET} route[39m
    [35mcontext[39m: "RouterExplorer"
[16:10:44.130] [32mINFO[39m (55920): [36mMissionsController {/api/missions}:[39m
    [35mcontext[39m: "RoutesResolver"
[16:10:44.130] [32mINFO[39m (55920): [36mMapped {/api/missions, GET} route[39m
    [35mcontext[39m: "RouterExplorer"
[16:10:44.130] [32mINFO[39m (55920): [36mMapped {/api/missions, POST} route[39m
    [35mcontext[39m: "RouterExplorer"
[16:10:44.130] [32mINFO[39m (55920): [36mMapped {/api/missions/:id, GET} route[39m
    [35mcontext[39m: "RouterExplorer"
[16:10:44.130] [32mINFO[39m (55920): [36mMapped {/api/missions/:id, PATCH} route[39m
    [35mcontext[39m: "RouterExplorer"
[16:10:44.130] [32mINFO[39m (55920): [36mMapped {/api/missions/:id, DELETE} route[39m
    [35mcontext[39m: "RouterExplorer"
[16:10:44.130] [32mINFO[39m (55920): [36mAlertsController {/api/alerts}:[39m
    [35mcontext[39m: "RoutesResolver"
[16:10:44.130] [32mINFO[39m (55920): [36mMapped {/api/alerts, GET} route[39m
    [35mcontext[39m: "RouterExplorer"
[16:10:44.130] [32mINFO[39m (55920): [36mMapped {/api/alerts/:id/ack, POST} route[39m
    [35mcontext[39m: "RouterExplorer"
[16:10:44.130] [32mINFO[39m (55920): [36mMapped {/api/alerts/:id/resolve, POST} route[39m
    [35mcontext[39m: "RouterExplorer"
[16:10:44.130] [32mINFO[39m (55920): [36mGeofencesController {/api/geofences}:[39m
    [35mcontext[39m: "RoutesResolver"
[16:10:44.130] [32mINFO[39m (55920): [36mMapped {/api/geofences, GET} route[39m
    [35mcontext[39m: "RouterExplorer"
[16:10:44.130] [32mINFO[39m (55920): [36mMapped {/api/geofences, POST} route[39m
    [35mcontext[39m: "RouterExplorer"
[16:10:44.130] [32mINFO[39m (55920): [36mMapped {/api/geofences/:id, GET} route[39m
    [35mcontext[39m: "RouterExplorer"
[16:10:44.130] [32mINFO[39m (55920): [36mMapped {/api/geofences/:id, PATCH} route[39m
    [35mcontext[39m: "RouterExplorer"
[16:10:44.130] [32mINFO[39m (55920): [36mMapped {/api/geofences/:id, DELETE} route[39m
    [35mcontext[39m: "RouterExplorer"
[16:10:44.130] [32mINFO[39m (55920): [36mMapLayersController {/api/map-layers}:[39m
    [35mcontext[39m: "RoutesResolver"
[16:10:44.130] [32mINFO[39m (55920): [36mMapped {/api/map-layers, GET} route[39m
    [35mcontext[39m: "RouterExplorer"
[16:10:44.130] [32mINFO[39m (55920): [36mMapped {/api/map-layers/:id, GET} route[39m
    [35mcontext[39m: "RouterExplorer"
[16:10:44.130] [32mINFO[39m (55920): [36mMapped {/api/map-layers/:id/features, GET} route[39m
    [35mcontext[39m: "RouterExplorer"
[16:10:44.130] [32mINFO[39m (55920): [36mMapped {/api/map-layers/:id/geojson, GET} route[39m
    [35mcontext[39m: "RouterExplorer"
[16:10:44.131] [32mINFO[39m (55920): [36mMapped {/api/map-layers/:id, PATCH} route[39m
    [35mcontext[39m: "RouterExplorer"
[16:10:44.131] [32mINFO[39m (55920): [36mExternalSourcesController {/api/external-sources}:[39m
    [35mcontext[39m: "RoutesResolver"
[16:10:44.131] [32mINFO[39m (55920): [36mMapped {/api/external-sources, GET} route[39m
    [35mcontext[39m: "RouterExplorer"
[16:10:44.131] [32mINFO[39m (55920): [36mMapped {/api/external-sources/sync-all, POST} route[39m
    [35mcontext[39m: "RouterExplorer"
[16:10:44.131] [32mINFO[39m (55920): [36mMapped {/api/external-sources/:id/sync, POST} route[39m
    [35mcontext[39m: "RouterExplorer"
[16:10:44.131] [32mINFO[39m (55920): [36mSystemHealthController {/api}:[39m
    [35mcontext[39m: "RoutesResolver"
[16:10:44.131] [32mINFO[39m (55920): [36mMapped {/api/health, GET} route[39m
    [35mcontext[39m: "RouterExplorer"
[16:10:44.131] [32mINFO[39m (55920): [36mMapped {/api/metrics, GET} route[39m
    [35mcontext[39m: "RouterExplorer"
[16:10:44.131] [32mINFO[39m (55920): [36mNest application successfully started[39m
    [35mcontext[39m: "NestApplication"
[16:10:44.133] [32mINFO[39m (55920): [36mGungnir backend listening on http://127.0.0.1:4000[39m
[16:10:44.166] [32mINFO[39m (55920): [36mConnected to MQTT broker mqtt://localhost:1883[39m
    [35mcontext[39m: "MqttService"
[16:10:44.261] [32mINFO[39m (55920): [36mStartup sync completed for 'source-fire-hotspots' with 1 features.[39m
    [35mcontext[39m: "ExternalSourcesService"
[16:10:44.272] [32mINFO[39m (55920): [36mStartup sync completed for 'source-air-traffic' with 1 features.[39m
    [35mcontext[39m: "ExternalSourcesService"
[16:10:48.518] [34mDEBUG[39m (55920): [36mRealtime client connected: fj-joH-rvnlb1Gt9AAAB[39m
    [35mcontext[39m: "RealtimeGateway"
[16:10:48.908] [32mINFO[39m (55920): [36mStartup sync completed for 'source-dgac-aerodromes' with 449 features.[39m
    [35mcontext[39m: "ExternalSourcesService"
[16:10:48.995] [32mINFO[39m (55920): [36mrequest completed[39m
    [35mreq[39m: {
      "id": 1,
      "method": "GET",
      "url": "/api/map-layers",
      "query": {},
      "params": {
        "path": [
          "map-layers"
        ]
      },
      "headers": {
        "host": "localhost:4000",
        "connection": "keep-alive",
        "accept": "*/*",
        "accept-language": "*",
        "sec-fetch-mode": "cors",
        "user-agent": "node",
        "pragma": "no-cache",
        "cache-control": "no-cache",
        "accept-encoding": "gzip, deflate"
      },
      "remoteAddress": "127.0.0.1",
      "remotePort": 55549
    }
    [35mres[39m: {
      "statusCode": 401,
      "headers": {
        "content-security-policy": "default-src 'self';base-uri 'self';font-src 'self' https: data:;form-action 'self';frame-ancestors 'self';img-src 'self' data:;object-src 'none';script-src 'self';script-src-attr 'none';style-src 'self' https: 'unsafe-inline';upgrade-insecure-requests",
        "cross-origin-opener-policy": "same-origin",
        "cross-origin-resource-policy": "same-origin",
        "origin-agent-cluster": "?1",
        "referrer-policy": "no-referrer",
        "strict-transport-security": "max-age=31536000; includeSubDomains",
        "x-content-type-options": "nosniff",
        "x-dns-prefetch-control": "off",
        "x-download-options": "noopen",
        "x-frame-options": "SAMEORIGIN",
        "x-permitted-cross-domain-policies": "none",
        "x-xss-protection": "0",
        "vary": "Origin",
        "access-control-allow-credentials": "true",
        "x-ratelimit-limit": "120",
        "x-ratelimit-remaining": "119",
        "x-ratelimit-reset": "60",
        "content-type": "application/json; charset=utf-8",
        "content-length": "166",
        "etag": "W/\"a6-gTynWmiHK3t+ol9/OzTX8LxgZjw\""
      }
    }
    [35mresponseTime[39m: 19
[16:10:49.081] [32mINFO[39m (55920): [36mrequest completed[39m
    [35mreq[39m: {
      "id": 2,
      "method": "POST",
      "url": "/api/auth/refresh",
      "query": {},
      "params": {
        "path": [
          "auth",
          "refresh"
        ]
      },
      "headers": {
        "host": "localhost:4000",
        "connection": "keep-alive",
        "content-type": "application/json",
        "accept": "*/*",
        "accept-language": "*",
        "sec-fetch-mode": "cors",
        "user-agent": "node",
        "pragma": "no-cache",
        "cache-control": "no-cache",
        "accept-encoding": "gzip, deflate",
        "content-length": "307"
      },
      "remoteAddress": "127.0.0.1",
      "remotePort": 55551
    }
    [35mres[39m: {
      "statusCode": 401,
      "headers": {
        "content-security-policy": "default-src 'self';base-uri 'self';font-src 'self' https: data:;form-action 'self';frame-ancestors 'self';img-src 'self' data:;object-src 'none';script-src 'self';script-src-attr 'none';style-src 'self' https: 'unsafe-inline';upgrade-insecure-requests",
        "cross-origin-opener-policy": "same-origin",
        "cross-origin-resource-policy": "same-origin",
        "origin-agent-cluster": "?1",
        "referrer-policy": "no-referrer",
        "strict-transport-security": "max-age=31536000; includeSubDomains",
        "x-content-type-options": "nosniff",
        "x-dns-prefetch-control": "off",
        "x-download-options": "noopen",
        "x-frame-options": "SAMEORIGIN",
        "x-permitted-cross-domain-policies": "none",
        "x-xss-protection": "0",
        "vary": "Origin",
        "access-control-allow-credentials": "true",
        "x-ratelimit-limit": "120",
        "x-ratelimit-remaining": "119",
        "x-ratelimit-reset": "60",
        "x-correlation-id": "755d5a5e-3d7d-4cc1-9ad5-3dbdfc3f1d19",
        "content-type": "application/json; charset=utf-8",
        "content-length": "180",
        "etag": "W/\"b4-87jXdVDxSJkz2CzljBAKkXeXhng\""
      }
    }
    [35mresponseTime[39m: 20
[16:10:49.232] [32mINFO[39m (55920): [36mStartup sync completed for 'source-dgac-local-points' with 1002 features.[39m
    [35mcontext[39m: "ExternalSourcesService"
[16:10:49.258] [32mINFO[39m (55920): [36mrequest completed[39m
    [35mreq[39m: {
      "id": 3,
      "method": "GET",
      "url": "/api/map-layers",
      "query": {},
      "params": {
        "path": [
          "map-layers"
        ]
      },
      "headers": {
        "host": "localhost:4000",
        "connection": "keep-alive",
        "accept": "*/*",
        "accept-language": "*",
        "sec-fetch-mode": "cors",
        "user-agent": "node",
        "pragma": "no-cache",
        "cache-control": "no-cache",
        "accept-encoding": "gzip, deflate"
      },
      "remoteAddress": "127.0.0.1",
      "remotePort": 55549
    }
    [35mres[39m: {
      "statusCode": 401,
      "headers": {
        "content-security-policy": "default-src 'self';base-uri 'self';font-src 'self' https: data:;form-action 'self';frame-ancestors 'self';img-src 'self' data:;object-src 'none';script-src 'self';script-src-attr 'none';style-src 'self' https: 'unsafe-inline';upgrade-insecure-requests",
        "cross-origin-opener-policy": "same-origin",
        "cross-origin-resource-policy": "same-origin",
        "origin-agent-cluster": "?1",
        "referrer-policy": "no-referrer",
        "strict-transport-security": "max-age=31536000; includeSubDomains",
        "x-content-type-options": "nosniff",
        "x-dns-prefetch-control": "off",
        "x-download-options": "noopen",
        "x-frame-options": "SAMEORIGIN",
        "x-permitted-cross-domain-policies": "none",
        "x-xss-protection": "0",
        "vary": "Origin",
        "access-control-allow-credentials": "true",
        "x-ratelimit-limit": "120",
        "x-ratelimit-remaining": "118",
        "x-ratelimit-reset": "60",
        "content-type": "application/json; charset=utf-8",
        "content-length": "166",
        "etag": "W/\"a6-mi3r3rpmLUa/S9/HKQfsCUk8Cjs\""
      }
    }
    [35mresponseTime[39m: 1
[16:10:49.441] [32mINFO[39m (55920): [36mStartup sync completed for 'source-dgac-firs' with 4 features.[39m
    [35mcontext[39m: "ExternalSourcesService"
[16:10:49.476] [32mINFO[39m (55920): [36mrequest completed[39m
    [35mreq[39m: {
      "id": 4,
      "method": "GET",
      "url": "/api/map-layers",
      "query": {},
      "params": {
        "path": [
          "map-layers"
        ]
      },
      "headers": {
        "host": "localhost:4000",
        "connection": "keep-alive",
        "accept": "*/*",
        "accept-language": "*",
        "sec-fetch-mode": "cors",
        "user-agent": "node",
        "pragma": "no-cache",
        "cache-control": "no-cache",
        "accept-encoding": "gzip, deflate"
      },
      "remoteAddress": "127.0.0.1",
      "remotePort": 55549
    }
    [35mres[39m: {
      "statusCode": 401,
      "headers": {
        "content-security-policy": "default-src 'self';base-uri 'self';font-src 'self' https: data:;form-action 'self';frame-ancestors 'self';img-src 'self' data:;object-src 'none';script-src 'self';script-src-attr 'none';style-src 'self' https: 'unsafe-inline';upgrade-insecure-requests",
        "cross-origin-opener-policy": "same-origin",
        "cross-origin-resource-policy": "same-origin",
        "origin-agent-cluster": "?1",
        "referrer-policy": "no-referrer",
        "strict-transport-security": "max-age=31536000; includeSubDomains",
        "x-content-type-options": "nosniff",
        "x-dns-prefetch-control": "off",
        "x-download-options": "noopen",
        "x-frame-options": "SAMEORIGIN",
        "x-permitted-cross-domain-policies": "none",
        "x-xss-protection": "0",
        "vary": "Origin",
        "access-control-allow-credentials": "true",
        "x-ratelimit-limit": "120",
        "x-ratelimit-remaining": "117",
        "x-ratelimit-reset": "60",
        "content-type": "application/json; charset=utf-8",
        "content-length": "166",
        "etag": "W/\"a6-VvhlmACqxgyZHsSBcTkf06SfRKw\""
      }
    }
    [35mresponseTime[39m: 1
[16:10:50.774] [33mWARN[39m (55920): [36mSkipping NOTAM A6030/22 because a geometry center could not be parsed.[39m
    [35mcontext[39m: "DgacSourceProvider"
[16:10:50.774] [33mWARN[39m (55920): [36mSkipping NOTAM A5558/22 because a geometry center could not be parsed.[39m
    [35mcontext[39m: "DgacSourceProvider"
[16:10:50.774] [33mWARN[39m (55920): [36mSkipping NOTAM A5532/22 because a geometry center could not be parsed.[39m
    [35mcontext[39m: "DgacSourceProvider"
[16:10:50.774] [33mWARN[39m (55920): [36mSkipping NOTAM A5332/22 because a geometry center could not be parsed.[39m
    [35mcontext[39m: "DgacSourceProvider"
[16:10:50.774] [33mWARN[39m (55920): [36mSkipping NOTAM A5286/22 because a geometry center could not be parsed.[39m
    [35mcontext[39m: "DgacSourceProvider"
[16:10:50.774] [33mWARN[39m (55920): [36mSkipping NOTAM A5201/22 because a geometry center could not be parsed.[39m
    [35mcontext[39m: "DgacSourceProvider"
[16:10:50.774] [33mWARN[39m (55920): [36mSkipping NOTAM A5200/22 because a geometry center could not be parsed.[39m
    [35mcontext[39m: "DgacSourceProvider"
[16:10:50.774] [33mWARN[39m (55920): [36mSkipping NOTAM A0967/15 because a geometry center could not be parsed.[39m
    [35mcontext[39m: "DgacSourceProvider"
[16:10:50.871] [32mINFO[39m (55920): [36mStartup sync completed for 'source-dgac-notams' with 589 features.[39m
    [35mcontext[39m: "ExternalSourcesService"
[16:10:50.904] [32mINFO[39m (55920): [36mrequest completed[39m
    [35mreq[39m: {
      "id": 5,
      "method": "GET",
      "url": "/api/map-layers",
      "query": {},
      "params": {
        "path": [
          "map-layers"
        ]
      },
      "headers": {
        "host": "localhost:4000",
        "connection": "keep-alive",
        "accept": "*/*",
        "accept-language": "*",
        "sec-fetch-mode": "cors",
        "user-agent": "node",
        "pragma": "no-cache",
        "cache-control": "no-cache",
        "accept-encoding": "gzip, deflate"
      },
      "remoteAddress": "127.0.0.1",
      "remotePort": 55549
    }
    [35mres[39m: {
      "statusCode": 401,
      "headers": {
        "content-security-policy": "default-src 'self';base-uri 'self';font-src 'self' https: data:;form-action 'self';frame-ancestors 'self';img-src 'self' data:;object-src 'none';script-src 'self';script-src-attr 'none';style-src 'self' https: 'unsafe-inline';upgrade-insecure-requests",
        "cross-origin-opener-policy": "same-origin",
        "cross-origin-resource-policy": "same-origin",
        "origin-agent-cluster": "?1",
        "referrer-policy": "no-referrer",
        "strict-transport-security": "max-age=31536000; includeSubDomains",
        "x-content-type-options": "nosniff",
        "x-dns-prefetch-control": "off",
        "x-download-options": "noopen",
        "x-frame-options": "SAMEORIGIN",
        "x-permitted-cross-domain-policies": "none",
        "x-xss-protection": "0",
        "vary": "Origin",
        "access-control-allow-credentials": "true",
        "x-ratelimit-limit": "120",
        "x-ratelimit-remaining": "116",
        "x-ratelimit-reset": "59",
        "content-type": "application/json; charset=utf-8",
        "content-length": "166",
        "etag": "W/\"a6-2epN2SNOo4JRbD0CxXzvdVrb2CA\""
      }
    }
    [35mresponseTime[39m: 1
[16:10:52.283] [32mINFO[39m (55920): [36mStartup sync completed for 'source-dgac-rpa' with 178 features.[39m
    [35mcontext[39m: "ExternalSourcesService"
[16:10:52.306] [32mINFO[39m (55920): [36mrequest completed[39m
    [35mreq[39m: {
      "id": 6,
      "method": "GET",
      "url": "/api/map-layers",
      "query": {},
      "params": {
        "path": [
          "map-layers"
        ]
      },
      "headers": {
        "host": "localhost:4000",
        "connection": "keep-alive",
        "accept": "*/*",
        "accept-language": "*",
        "sec-fetch-mode": "cors",
        "user-agent": "node",
        "pragma": "no-cache",
        "cache-control": "no-cache",
        "accept-encoding": "gzip, deflate"
      },
      "remoteAddress": "127.0.0.1",
      "remotePort": 55549
    }
    [35mres[39m: {
      "statusCode": 401,
      "headers": {
        "content-security-policy": "default-src 'self';base-uri 'self';font-src 'self' https: data:;form-action 'self';frame-ancestors 'self';img-src 'self' data:;object-src 'none';script-src 'self';script-src-attr 'none';style-src 'self' https: 'unsafe-inline';upgrade-insecure-requests",
        "cross-origin-opener-policy": "same-origin",
        "cross-origin-resource-policy": "same-origin",
        "origin-agent-cluster": "?1",
        "referrer-policy": "no-referrer",
        "strict-transport-security": "max-age=31536000; includeSubDomains",
        "x-content-type-options": "nosniff",
        "x-dns-prefetch-control": "off",
        "x-download-options": "noopen",
        "x-frame-options": "SAMEORIGIN",
        "x-permitted-cross-domain-policies": "none",
        "x-xss-protection": "0",
        "vary": "Origin",
        "access-control-allow-credentials": "true",
        "x-ratelimit-limit": "120",
        "x-ratelimit-remaining": "115",
        "x-ratelimit-reset": "57",
        "content-type": "application/json; charset=utf-8",
        "content-length": "166",
        "etag": "W/\"a6-QtNPcsUEHTS0xGnYa9fke2Dgqg0\""
      }
    }
    [35mresponseTime[39m: 1
[16:15:48.953] [32mINFO[39m (55920): [36mrequest completed[39m
    [35mreq[39m: {
      "id": 7,
      "method": "GET",
      "url": "/api/auth/me",
      "query": {},
      "params": {
        "path": [
          "auth",
          "me"
        ]
      },
      "headers": {
        "host": "localhost:4000",
        "connection": "keep-alive",
        "accept": "*/*",
        "accept-language": "*",
        "sec-fetch-mode": "cors",
        "user-agent": "node",
        "pragma": "no-cache",
        "cache-control": "no-cache",
        "accept-encoding": "gzip, deflate"
      },
      "remoteAddress": "127.0.0.1",
      "remotePort": 52319
    }
    [35mres[39m: {
      "statusCode": 401,
      "headers": {
        "content-security-policy": "default-src 'self';base-uri 'self';font-src 'self' https: data:;form-action 'self';frame-ancestors 'self';img-src 'self' data:;object-src 'none';script-src 'self';script-src-attr 'none';style-src 'self' https: 'unsafe-inline';upgrade-insecure-requests",
        "cross-origin-opener-policy": "same-origin",
        "cross-origin-resource-policy": "same-origin",
        "origin-agent-cluster": "?1",
        "referrer-policy": "no-referrer",
        "strict-transport-security": "max-age=31536000; includeSubDomains",
        "x-content-type-options": "nosniff",
        "x-dns-prefetch-control": "off",
        "x-download-options": "noopen",
        "x-frame-options": "SAMEORIGIN",
        "x-permitted-cross-domain-policies": "none",
        "x-xss-protection": "0",
        "vary": "Origin",
        "access-control-allow-credentials": "true",
        "x-ratelimit-limit": "120",
        "x-ratelimit-remaining": "119",
        "x-ratelimit-reset": "60",
        "content-type": "application/json; charset=utf-8",
        "content-length": "163",
        "etag": "W/\"a3-3d82gI5ycrWzfgHBXDgH1JPvxUw\""
      }
    }
    [35mresponseTime[39m: 1
[16:15:49.106] [32mINFO[39m (55920): [36mrequest completed[39m
    [35mreq[39m: {
      "id": 8,
      "method": "GET",
      "url": "/api/auth/me",
      "query": {},
      "params": {
        "path": [
          "auth",
          "me"
        ]
      },
      "headers": {
        "host": "localhost:4000",
        "connection": "keep-alive",
        "accept": "*/*",
        "accept-language": "*",
        "sec-fetch-mode": "cors",
        "user-agent": "node",
        "pragma": "no-cache",
        "cache-control": "no-cache",
        "accept-encoding": "gzip, deflate"
      },
      "remoteAddress": "127.0.0.1",
      "remotePort": 52319
    }
    [35mres[39m: {
      "statusCode": 401,
      "headers": {
        "content-security-policy": "default-src 'self';base-uri 'self';font-src 'self' https: data:;form-action 'self';frame-ancestors 'self';img-src 'self' data:;object-src 'none';script-src 'self';script-src-attr 'none';style-src 'self' https: 'unsafe-inline';upgrade-insecure-requests",
        "cross-origin-opener-policy": "same-origin",
        "cross-origin-resource-policy": "same-origin",
        "origin-agent-cluster": "?1",
        "referrer-policy": "no-referrer",
        "strict-transport-security": "max-age=31536000; includeSubDomains",
        "x-content-type-options": "nosniff",
        "x-dns-prefetch-control": "off",
        "x-download-options": "noopen",
        "x-frame-options": "SAMEORIGIN",
        "x-permitted-cross-domain-policies": "none",
        "x-xss-protection": "0",
        "vary": "Origin",
        "access-control-allow-credentials": "true",
        "x-ratelimit-limit": "120",
        "x-ratelimit-remaining": "118",
        "x-ratelimit-reset": "60",
        "content-type": "application/json; charset=utf-8",
        "content-length": "163",
        "etag": "W/\"a3-WoIztNZwGqoYIP5paStd8hrlRFU\""
      }
    }
    [35mresponseTime[39m: 1
[16:15:51.871] [32mINFO[39m (55920): [36mrequest completed[39m
    [35mreq[39m: {
      "id": 9,
      "method": "POST",
      "url": "/api/auth/login",
      "query": {},
      "params": {
        "path": [
          "auth",
          "login"
        ]
      },
      "headers": {
        "host": "localhost:4000",
        "connection": "keep-alive",
        "content-type": "application/json",
        "accept": "*/*",
        "accept-language": "*",
        "sec-fetch-mode": "cors",
        "user-agent": "node",
        "pragma": "no-cache",
        "cache-control": "no-cache",
        "accept-encoding": "gzip, deflate",
        "content-length": "55"
      },
      "remoteAddress": "127.0.0.1",
      "remotePort": 52319
    }
    [35mres[39m: {
      "statusCode": 201,
      "headers": {
        "content-security-policy": "default-src 'self';base-uri 'self';font-src 'self' https: data:;form-action 'self';frame-ancestors 'self';img-src 'self' data:;object-src 'none';script-src 'self';script-src-attr 'none';style-src 'self' https: 'unsafe-inline';upgrade-insecure-requests",
        "cross-origin-opener-policy": "same-origin",
        "cross-origin-resource-policy": "same-origin",
        "origin-agent-cluster": "?1",
        "referrer-policy": "no-referrer",
        "strict-transport-security": "max-age=31536000; includeSubDomains",
        "x-content-type-options": "nosniff",
        "x-dns-prefetch-control": "off",
        "x-download-options": "noopen",
        "x-frame-options": "SAMEORIGIN",
        "x-permitted-cross-domain-policies": "none",
        "x-xss-protection": "0",
        "vary": "Origin",
        "access-control-allow-credentials": "true",
        "x-ratelimit-limit": "120",
        "x-ratelimit-remaining": "119",
        "x-ratelimit-reset": "60",
        "x-correlation-id": "579fbd96-7385-4c04-bc3b-ff3c40508008",
        "content-type": "application/json; charset=utf-8",
        "content-length": "613",
        "etag": "W/\"265-IRNOrX+wohnJ/DVfhpo7ph78j9g\""
      }
    }
    [35mresponseTime[39m: 169
[16:15:51.884] [32mINFO[39m (55920): [36mrequest completed[39m
    [35mreq[39m: {
      "id": 10,
      "method": "GET",
      "url": "/api/auth/me",
      "query": {},
      "params": {
        "path": [
          "auth",
          "me"
        ]
      },
      "headers": {
        "host": "localhost:4000",
        "connection": "keep-alive",
        "authorization": "Bearer eyJhbGciOiJIUzI1NiIsInR5cCI6IkpXVCJ9.eyJzdWIiOiJ1c2VyLWFkbWluIiwiZW1haWwiOiJhZG1pbkBndW5nbmlyLmxvY2FsIiwicm9sZXMiOlsiYWRtaW4iLCJhZG1pbiIsImFkbWluIl0sImlhdCI6MTc3OTEzNTM1MSwiZXhwIjoxNzc5MTM2MjUxfQ.IsBAs0Zw2DHOFxJM_le-4sadNNB9tROAUmCe1pDekic",
        "accept": "*/*",
        "accept-language": "*",
        "sec-fetch-mode": "cors",
        "user-agent": "node",
        "pragma": "no-cache",
        "cache-control": "no-cache",
        "accept-encoding": "gzip, deflate"
      },
      "remoteAddress": "127.0.0.1",
      "remotePort": 63288
    }
    [35mres[39m: {
      "statusCode": 200,
      "headers": {
        "content-security-policy": "default-src 'self';base-uri 'self';font-src 'self' https: data:;form-action 'self';frame-ancestors 'self';img-src 'self' data:;object-src 'none';script-src 'self';script-src-attr 'none';style-src 'self' https: 'unsafe-inline';upgrade-insecure-requests",
        "cross-origin-opener-policy": "same-origin",
        "cross-origin-resource-policy": "same-origin",
        "origin-agent-cluster": "?1",
        "referrer-policy": "no-referrer",
        "strict-transport-security": "max-age=31536000; includeSubDomains",
        "x-content-type-options": "nosniff",
        "x-dns-prefetch-control": "off",
        "x-download-options": "noopen",
        "x-frame-options": "SAMEORIGIN",
        "x-permitted-cross-domain-policies": "none",
        "x-xss-protection": "0",
        "vary": "Origin",
        "access-control-allow-credentials": "true",
        "x-ratelimit-limit": "120",
        "x-ratelimit-remaining": "117",
        "x-ratelimit-reset": "58",
        "x-correlation-id": "2da64225-684f-4e4f-888a-e636c0846e6c",
        "content-type": "application/json; charset=utf-8",
        "content-length": "132",
        "etag": "W/\"84-rvqS2EHAODw8XEufzLXR00Is0TQ\""
      }
    }
    [35mresponseTime[39m: 7
[16:15:51.926] [32mINFO[39m (55920): [36mrequest completed[39m
    [35mreq[39m: {
      "id": 11,
      "method": "GET",
      "url": "/api/auth/me",
      "query": {},
      "params": {
        "path": [
          "auth",
          "me"
        ]
      },
      "headers": {
        "host": "localhost:4000",
        "connection": "keep-alive",
        "authorization": "Bearer eyJhbGciOiJIUzI1NiIsInR5cCI6IkpXVCJ9.eyJzdWIiOiJ1c2VyLWFkbWluIiwiZW1haWwiOiJhZG1pbkBndW5nbmlyLmxvY2FsIiwicm9sZXMiOlsiYWRtaW4iLCJhZG1pbiIsImFkbWluIl0sImlhdCI6MTc3OTEzNTM1MSwiZXhwIjoxNzc5MTM2MjUxfQ.IsBAs0Zw2DHOFxJM_le-4sadNNB9tROAUmCe1pDekic",
        "accept": "*/*",
        "accept-language": "*",
        "sec-fetch-mode": "cors",
        "user-agent": "node",
        "pragma": "no-cache",
        "cache-control": "no-cache",
        "accept-encoding": "gzip, deflate"
      },
      "remoteAddress": "127.0.0.1",
      "remotePort": 52319
    }
    [35mres[39m: {
      "statusCode": 200,
      "headers": {
        "content-security-policy": "default-src 'self';base-uri 'self';font-src 'self' https: data:;form-action 'self';frame-ancestors 'self';img-src 'self' data:;object-src 'none';script-src 'self';script-src-attr 'none';style-src 'self' https: 'unsafe-inline';upgrade-insecure-requests",
        "cross-origin-opener-policy": "same-origin",
        "cross-origin-resource-policy": "same-origin",
        "origin-agent-cluster": "?1",
        "referrer-policy": "no-referrer",
        "strict-transport-security": "max-age=31536000; includeSubDomains",
        "x-content-type-options": "nosniff",
        "x-dns-prefetch-control": "off",
        "x-download-options": "noopen",
        "x-frame-options": "SAMEORIGIN",
        "x-permitted-cross-domain-policies": "none",
        "x-xss-protection": "0",
        "vary": "Origin",
        "access-control-allow-credentials": "true",
        "x-ratelimit-limit": "120",
        "x-ratelimit-remaining": "116",
        "x-ratelimit-reset": "58",
        "x-correlation-id": "636cced4-9e05-441c-b9bc-c2baa4dccc1f",
        "content-type": "application/json; charset=utf-8",
        "content-length": "132",
        "etag": "W/\"84-rvqS2EHAODw8XEufzLXR00Is0TQ\""
      }
    }
    [35mresponseTime[39m: 4
[16:15:51.943] [32mINFO[39m (55920): [36mrequest completed[39m
    [35mreq[39m: {
      "id": 12,
      "method": "GET",
      "url": "/api/v1/operations/bootstrap",
      "query": {},
      "params": {
        "path": [
          "v1",
          "operations",
          "bootstrap"
        ]
      },
      "headers": {
        "host": "localhost:4000",
        "connection": "keep-alive",
        "authorization": "Bearer eyJhbGciOiJIUzI1NiIsInR5cCI6IkpXVCJ9.eyJzdWIiOiJ1c2VyLWFkbWluIiwiZW1haWwiOiJhZG1pbkBndW5nbmlyLmxvY2FsIiwicm9sZXMiOlsiYWRtaW4iLCJhZG1pbiIsImFkbWluIl0sImlhdCI6MTc3OTEzNTM1MSwiZXhwIjoxNzc5MTM2MjUxfQ.IsBAs0Zw2DHOFxJM_le-4sadNNB9tROAUmCe1pDekic",
        "accept": "*/*",
        "accept-language": "*",
        "sec-fetch-mode": "cors",
        "user-agent": "node",
        "pragma": "no-cache",
        "cache-control": "no-cache",
        "accept-encoding": "gzip, deflate"
      },
      "remoteAddress": "127.0.0.1",
      "remotePort": 63288
    }
    [35mres[39m: {
      "statusCode": 200,
      "headers": {
        "content-security-policy": "default-src 'self';base-uri 'self';font-src 'self' https: data:;form-action 'self';frame-ancestors 'self';img-src 'self' data:;object-src 'none';script-src 'self';script-src-attr 'none';style-src 'self' https: 'unsafe-inline';upgrade-insecure-requests",
        "cross-origin-opener-policy": "same-origin",
        "cross-origin-resource-policy": "same-origin",
        "origin-agent-cluster": "?1",
        "referrer-policy": "no-referrer",
        "strict-transport-security": "max-age=31536000; includeSubDomains",
        "x-content-type-options": "nosniff",
        "x-dns-prefetch-control": "off",
        "x-download-options": "noopen",
        "x-frame-options": "SAMEORIGIN",
        "x-permitted-cross-domain-policies": "none",
        "x-xss-protection": "0",
        "vary": "Origin",
        "access-control-allow-credentials": "true",
        "x-ratelimit-limit": "120",
        "x-ratelimit-remaining": "119",
        "x-ratelimit-reset": "60",
        "x-correlation-id": "312bb09a-c088-4726-bcf1-d3652c62fa3c",
        "content-type": "application/json; charset=utf-8",
        "content-length": "4201",
        "etag": "W/\"1069-UESYWxBpJoOXl5pU41ZzG81jFB0\""
      }
    }
    [35mresponseTime[39m: 13
[16:15:52.009] [32mINFO[39m (55920): [36mrequest completed[39m
    [35mreq[39m: {
      "id": 13,
      "method": "GET",
      "url": "/api/auth/me",
      "query": {},
      "params": {
        "path": [
          "auth",
          "me"
        ]
      },
      "headers": {
        "host": "localhost:4000",
        "connection": "keep-alive",
        "authorization": "Bearer eyJhbGciOiJIUzI1NiIsInR5cCI6IkpXVCJ9.eyJzdWIiOiJ1c2VyLWFkbWluIiwiZW1haWwiOiJhZG1pbkBndW5nbmlyLmxvY2FsIiwicm9sZXMiOlsiYWRtaW4iLCJhZG1pbiIsImFkbWluIl0sImlhdCI6MTc3OTEzNTM1MSwiZXhwIjoxNzc5MTM2MjUxfQ.IsBAs0Zw2DHOFxJM_le-4sadNNB9tROAUmCe1pDekic",
        "accept": "*/*",
        "accept-language": "*",
        "sec-fetch-mode": "cors",
        "user-agent": "node",
        "pragma": "no-cache",
        "cache-control": "no-cache",
        "accept-encoding": "gzip, deflate"
      },
      "remoteAddress": "127.0.0.1",
      "remotePort": 52319
    }
    [35mres[39m: {
      "statusCode": 200,
      "headers": {
        "content-security-policy": "default-src 'self';base-uri 'self';font-src 'self' https: data:;form-action 'self';frame-ancestors 'self';img-src 'self' data:;object-src 'none';script-src 'self';script-src-attr 'none';style-src 'self' https: 'unsafe-inline';upgrade-insecure-requests",
        "cross-origin-opener-policy": "same-origin",
        "cross-origin-resource-policy": "same-origin",
        "origin-agent-cluster": "?1",
        "referrer-policy": "no-referrer",
        "strict-transport-security": "max-age=31536000; includeSubDomains",
        "x-content-type-options": "nosniff",
        "x-dns-prefetch-control": "off",
        "x-download-options": "noopen",
        "x-frame-options": "SAMEORIGIN",
        "x-permitted-cross-domain-policies": "none",
        "x-xss-protection": "0",
        "vary": "Origin",
        "access-control-allow-credentials": "true",
        "x-ratelimit-limit": "120",
        "x-ratelimit-remaining": "115",
        "x-ratelimit-reset": "57",
        "x-correlation-id": "9ecf275b-3130-4452-b078-4213c231ad81",
        "content-type": "application/json; charset=utf-8",
        "content-length": "132",
        "etag": "W/\"84-rvqS2EHAODw8XEufzLXR00Is0TQ\""
      }
    }
    [35mresponseTime[39m: 5
[16:15:52.022] [32mINFO[39m (55920): [36mrequest completed[39m
    [35mreq[39m: {
      "id": 14,
      "method": "GET",
      "url": "/api/v1/operations/bootstrap",
      "query": {},
      "params": {
        "path": [
          "v1",
          "operations",
          "bootstrap"
        ]
      },
      "headers": {
        "host": "localhost:4000",
        "connection": "keep-alive",
        "authorization": "Bearer eyJhbGciOiJIUzI1NiIsInR5cCI6IkpXVCJ9.eyJzdWIiOiJ1c2VyLWFkbWluIiwiZW1haWwiOiJhZG1pbkBndW5nbmlyLmxvY2FsIiwicm9sZXMiOlsiYWRtaW4iLCJhZG1pbiIsImFkbWluIl0sImlhdCI6MTc3OTEzNTM1MSwiZXhwIjoxNzc5MTM2MjUxfQ.IsBAs0Zw2DHOFxJM_le-4sadNNB9tROAUmCe1pDekic",
        "accept": "*/*",
        "accept-language": "*",
        "sec-fetch-mode": "cors",
        "user-agent": "node",
        "pragma": "no-cache",
        "cache-control": "no-cache",
        "accept-encoding": "gzip, deflate"
      },
      "remoteAddress": "127.0.0.1",
      "remotePort": 63288
    }
    [35mres[39m: {
      "statusCode": 200,
      "headers": {
        "content-security-policy": "default-src 'self';base-uri 'self';font-src 'self' https: data:;form-action 'self';frame-ancestors 'self';img-src 'self' data:;object-src 'none';script-src 'self';script-src-attr 'none';style-src 'self' https: 'unsafe-inline';upgrade-insecure-requests",
        "cross-origin-opener-policy": "same-origin",
        "cross-origin-resource-policy": "same-origin",
        "origin-agent-cluster": "?1",
        "referrer-policy": "no-referrer",
        "strict-transport-security": "max-age=31536000; includeSubDomains",
        "x-content-type-options": "nosniff",
        "x-dns-prefetch-control": "off",
        "x-download-options": "noopen",
        "x-frame-options": "SAMEORIGIN",
        "x-permitted-cross-domain-policies": "none",
        "x-xss-protection": "0",
        "vary": "Origin",
        "access-control-allow-credentials": "true",
        "x-ratelimit-limit": "120",
        "x-ratelimit-remaining": "118",
        "x-ratelimit-reset": "60",
        "x-correlation-id": "9b1960fe-86b7-4aab-b95a-f5d7900dace6",
        "content-type": "application/json; charset=utf-8",
        "content-length": "4201",
        "etag": "W/\"1069-Rf/66rLkACCuecoIeDq+haZ/Z9k\""
      }
    }
    [35mresponseTime[39m: 9
[16:15:52.086] [32mINFO[39m (55920): [36mrequest completed[39m
    [35mreq[39m: {
      "id": 15,
      "method": "GET",
      "url": "/api/auth/me",
      "query": {},
      "params": {
        "path": [
          "auth",
          "me"
        ]
      },
      "headers": {
        "host": "localhost:4000",
        "connection": "keep-alive",
        "authorization": "Bearer eyJhbGciOiJIUzI1NiIsInR5cCI6IkpXVCJ9.eyJzdWIiOiJ1c2VyLWFkbWluIiwiZW1haWwiOiJhZG1pbkBndW5nbmlyLmxvY2FsIiwicm9sZXMiOlsiYWRtaW4iLCJhZG1pbiIsImFkbWluIl0sImlhdCI6MTc3OTEzNTM1MSwiZXhwIjoxNzc5MTM2MjUxfQ.IsBAs0Zw2DHOFxJM_le-4sadNNB9tROAUmCe1pDekic",
        "accept": "*/*",
        "accept-language": "*",
        "sec-fetch-mode": "cors",
        "user-agent": "node",
        "pragma": "no-cache",
        "cache-control": "no-cache",
        "accept-encoding": "gzip, deflate"
      },
      "remoteAddress": "127.0.0.1",
      "remotePort": 52319
    }
    [35mres[39m: {
      "statusCode": 200,
      "headers": {
        "content-security-policy": "default-src 'self';base-uri 'self';font-src 'self' https: data:;form-action 'self';frame-ancestors 'self';img-src 'self' data:;object-src 'none';script-src 'self';script-src-attr 'none';style-src 'self' https: 'unsafe-inline';upgrade-insecure-requests",
        "cross-origin-opener-policy": "same-origin",
        "cross-origin-resource-policy": "same-origin",
        "origin-agent-cluster": "?1",
        "referrer-policy": "no-referrer",
        "strict-transport-security": "max-age=31536000; includeSubDomains",
        "x-content-type-options": "nosniff",
        "x-dns-prefetch-control": "off",
        "x-download-options": "noopen",
        "x-frame-options": "SAMEORIGIN",
        "x-permitted-cross-domain-policies": "none",
        "x-xss-protection": "0",
        "vary": "Origin",
        "access-control-allow-credentials": "true",
        "x-ratelimit-limit": "120",
        "x-ratelimit-remaining": "114",
        "x-ratelimit-reset": "57",
        "x-correlation-id": "9c6e7824-2d4b-48b1-81a9-f219aa190ed0",
        "content-type": "application/json; charset=utf-8",
        "content-length": "132",
        "etag": "W/\"84-rvqS2EHAODw8XEufzLXR00Is0TQ\""
      }
    }
    [35mresponseTime[39m: 4
[16:15:52.163] [32mINFO[39m (55920): [36mrequest completed[39m
    [35mreq[39m: {
      "id": 16,
      "method": "GET",
      "url": "/api/v1/operations/snapshot",
      "query": {},
      "params": {
        "path": [
          "v1",
          "operations",
          "snapshot"
        ]
      },
      "headers": {
        "host": "localhost:4000",
        "connection": "keep-alive",
        "authorization": "Bearer eyJhbGciOiJIUzI1NiIsInR5cCI6IkpXVCJ9.eyJzdWIiOiJ1c2VyLWFkbWluIiwiZW1haWwiOiJhZG1pbkBndW5nbmlyLmxvY2FsIiwicm9sZXMiOlsiYWRtaW4iLCJhZG1pbiIsImFkbWluIl0sImlhdCI6MTc3OTEzNTM1MSwiZXhwIjoxNzc5MTM2MjUxfQ.IsBAs0Zw2DHOFxJM_le-4sadNNB9tROAUmCe1pDekic",
        "accept": "*/*",
        "accept-language": "*",
        "sec-fetch-mode": "cors",
        "user-agent": "node",
        "pragma": "no-cache",
        "cache-control": "no-cache",
        "accept-encoding": "gzip, deflate"
      },
      "remoteAddress": "127.0.0.1",
      "remotePort": 52319
    }
    [35mres[39m: {
      "statusCode": 200,
      "headers": {
        "content-security-policy": "default-src 'self';base-uri 'self';font-src 'self' https: data:;form-action 'self';frame-ancestors 'self';img-src 'self' data:;object-src 'none';script-src 'self';script-src-attr 'none';style-src 'self' https: 'unsafe-inline';upgrade-insecure-requests",
        "cross-origin-opener-policy": "same-origin",
        "cross-origin-resource-policy": "same-origin",
        "origin-agent-cluster": "?1",
        "referrer-policy": "no-referrer",
        "strict-transport-security": "max-age=31536000; includeSubDomains",
        "x-content-type-options": "nosniff",
        "x-dns-prefetch-control": "off",
        "x-download-options": "noopen",
        "x-frame-options": "SAMEORIGIN",
        "x-permitted-cross-domain-policies": "none",
        "x-xss-protection": "0",
        "vary": "Origin",
        "access-control-allow-credentials": "true",
        "x-ratelimit-limit": "120",
        "x-ratelimit-remaining": "119",
        "x-ratelimit-reset": "60",
        "x-correlation-id": "027d1142-8eac-4899-b467-a8046da13964",
        "content-type": "application/json; charset=utf-8",
        "content-length": "3557",
        "etag": "W/\"de5-WxPdKfPqnJI5IvLlbt5eJO7bzSQ\""
      }
    }
    [35mresponseTime[39m: 13
[16:15:52.171] [32mINFO[39m (55920): [36mrequest completed[39m
    [35mreq[39m: {
      "id": 17,
      "method": "GET",
      "url": "/api/devices",
      "query": {},
      "params": {
        "path": [
          "devices"
        ]
      },
      "headers": {
        "host": "localhost:4000",
        "connection": "keep-alive",
        "authorization": "Bearer eyJhbGciOiJIUzI1NiIsInR5cCI6IkpXVCJ9.eyJzdWIiOiJ1c2VyLWFkbWluIiwiZW1haWwiOiJhZG1pbkBndW5nbmlyLmxvY2FsIiwicm9sZXMiOlsiYWRtaW4iLCJhZG1pbiIsImFkbWluIl0sImlhdCI6MTc3OTEzNTM1MSwiZXhwIjoxNzc5MTM2MjUxfQ.IsBAs0Zw2DHOFxJM_le-4sadNNB9tROAUmCe1pDekic",
        "accept": "*/*",
        "accept-language": "*",
        "sec-fetch-mode": "cors",
        "user-agent": "node",
        "pragma": "no-cache",
        "cache-control": "no-cache",
        "accept-encoding": "gzip, deflate"
      },
      "remoteAddress": "127.0.0.1",
      "remotePort": 63288
    }
    [35mres[39m: {
      "statusCode": 200,
      "headers": {
        "content-security-policy": "default-src 'self';base-uri 'self';font-src 'self' https: data:;form-action 'self';frame-ancestors 'self';img-src 'self' data:;object-src 'none';script-src 'self';script-src-attr 'none';style-src 'self' https: 'unsafe-inline';upgrade-insecure-requests",
        "cross-origin-opener-policy": "same-origin",
        "cross-origin-resource-policy": "same-origin",
        "origin-agent-cluster": "?1",
        "referrer-policy": "no-referrer",
        "strict-transport-security": "max-age=31536000; includeSubDomains",
        "x-content-type-options": "nosniff",
        "x-dns-prefetch-control": "off",
        "x-download-options": "noopen",
        "x-frame-options": "SAMEORIGIN",
        "x-permitted-cross-domain-policies": "none",
        "x-xss-protection": "0",
        "vary": "Origin",
        "access-control-allow-credentials": "true",
        "x-ratelimit-limit": "120",
        "x-ratelimit-remaining": "119",
        "x-ratelimit-reset": "60",
        "x-correlation-id": "62b63252-50f8-4b38-b7d9-45bb99ad4e75",
        "content-type": "application/json; charset=utf-8",
        "content-length": "391",
        "etag": "W/\"187-wFixndeDMExMbypLdc/dp5I7KtI\""
      }
    }
    [35mresponseTime[39m: 20
[16:15:52.192] [32mINFO[39m (55920): [36mrequest completed[39m
    [35mreq[39m: {
      "id": 18,
      "method": "GET",
      "url": "/api/tracks/history",
      "query": {},
      "params": {
        "path": [
          "tracks",
          "history"
        ]
      },
      "headers": {
        "host": "localhost:4000",
        "connection": "keep-alive",
        "authorization": "Bearer eyJhbGciOiJIUzI1NiIsInR5cCI6IkpXVCJ9.eyJzdWIiOiJ1c2VyLWFkbWluIiwiZW1haWwiOiJhZG1pbkBndW5nbmlyLmxvY2FsIiwicm9sZXMiOlsiYWRtaW4iLCJhZG1pbiIsImFkbWluIl0sImlhdCI6MTc3OTEzNTM1MSwiZXhwIjoxNzc5MTM2MjUxfQ.IsBAs0Zw2DHOFxJM_le-4sadNNB9tROAUmCe1pDekic",
        "accept": "*/*",
        "accept-language": "*",
        "sec-fetch-mode": "cors",
        "user-agent": "node",
        "pragma": "no-cache",
        "cache-control": "no-cache",
        "accept-encoding": "gzip, deflate"
      },
      "remoteAddress": "127.0.0.1",
      "remotePort": 50813
    }
    [35mres[39m: {
      "statusCode": 200,
      "headers": {
        "content-security-policy": "default-src 'self';base-uri 'self';font-src 'self' https: data:;form-action 'self';frame-ancestors 'self';img-src 'self' data:;object-src 'none';script-src 'self';script-src-attr 'none';style-src 'self' https: 'unsafe-inline';upgrade-insecure-requests",
        "cross-origin-opener-policy": "same-origin",
        "cross-origin-resource-policy": "same-origin",
        "origin-agent-cluster": "?1",
        "referrer-policy": "no-referrer",
        "strict-transport-security": "max-age=31536000; includeSubDomains",
        "x-content-type-options": "nosniff",
        "x-dns-prefetch-control": "off",
        "x-download-options": "noopen",
        "x-frame-options": "SAMEORIGIN",
        "x-permitted-cross-domain-policies": "none",
        "x-xss-protection": "0",
        "vary": "Origin",
        "access-control-allow-credentials": "true",
        "x-ratelimit-limit": "120",
        "x-ratelimit-remaining": "119",
        "x-ratelimit-reset": "60",
        "x-correlation-id": "cb19356f-1802-4e23-be6f-90d668de9da0",
        "content-type": "application/json; charset=utf-8",
        "content-length": "2",
        "etag": "W/\"2-l9Fw4VUO7kr8CvBlt4zaMCqXZ0w\""
      }
    }
    [35mresponseTime[39m: 3
[16:15:52.196] [32mINFO[39m (55920): [36mrequest completed[39m
    [35mreq[39m: {
      "id": 20,
      "method": "GET",
      "url": "/api/tracks/current",
      "query": {},
      "params": {
        "path": [
          "tracks",
          "current"
        ]
      },
      "headers": {
        "host": "localhost:4000",
        "connection": "keep-alive",
        "authorization": "Bearer eyJhbGciOiJIUzI1NiIsInR5cCI6IkpXVCJ9.eyJzdWIiOiJ1c2VyLWFkbWluIiwiZW1haWwiOiJhZG1pbkBndW5nbmlyLmxvY2FsIiwicm9sZXMiOlsiYWRtaW4iLCJhZG1pbiIsImFkbWluIl0sImlhdCI6MTc3OTEzNTM1MSwiZXhwIjoxNzc5MTM2MjUxfQ.IsBAs0Zw2DHOFxJM_le-4sadNNB9tROAUmCe1pDekic",
        "accept": "*/*",
        "accept-language": "*",
        "sec-fetch-mode": "cors",
        "user-agent": "node",
        "pragma": "no-cache",
        "cache-control": "no-cache",
        "accept-encoding": "gzip, deflate"
      },
      "remoteAddress": "127.0.0.1",
      "remotePort": 50815
    }
    [35mres[39m: {
      "statusCode": 200,
      "headers": {
        "content-security-policy": "default-src 'self';base-uri 'self';font-src 'self' https: data:;form-action 'self';frame-ancestors 'self';img-src 'self' data:;object-src 'none';script-src 'self';script-src-attr 'none';style-src 'self' https: 'unsafe-inline';upgrade-insecure-requests",
        "cross-origin-opener-policy": "same-origin",
        "cross-origin-resource-policy": "same-origin",
        "origin-agent-cluster": "?1",
        "referrer-policy": "no-referrer",
        "strict-transport-security": "max-age=31536000; includeSubDomains",
        "x-content-type-options": "nosniff",
        "x-dns-prefetch-control": "off",
        "x-download-options": "noopen",
        "x-frame-options": "SAMEORIGIN",
        "x-permitted-cross-domain-policies": "none",
        "x-xss-protection": "0",
        "vary": "Origin",
        "access-control-allow-credentials": "true",
        "x-ratelimit-limit": "120",
        "x-ratelimit-remaining": "119",
        "x-ratelimit-reset": "60",
        "x-correlation-id": "eab37dd3-4c82-4dbb-8779-634c6fa11f28",
        "content-type": "application/json; charset=utf-8",
        "content-length": "2",
        "etag": "W/\"2-l9Fw4VUO7kr8CvBlt4zaMCqXZ0w\""
      }
    }
    [35mresponseTime[39m: 2
[16:15:52.199] [32mINFO[39m (55920): [36mrequest completed[39m
    [35mreq[39m: {
      "id": 19,
      "method": "GET",
      "url": "/api/telemetry",
      "query": {},
      "params": {
        "path": [
          "telemetry"
        ]
      },
      "headers": {
        "host": "localhost:4000",
        "connection": "keep-alive",
        "authorization": "Bearer eyJhbGciOiJIUzI1NiIsInR5cCI6IkpXVCJ9.eyJzdWIiOiJ1c2VyLWFkbWluIiwiZW1haWwiOiJhZG1pbkBndW5nbmlyLmxvY2FsIiwicm9sZXMiOlsiYWRtaW4iLCJhZG1pbiIsImFkbWluIl0sImlhdCI6MTc3OTEzNTM1MSwiZXhwIjoxNzc5MTM2MjUxfQ.IsBAs0Zw2DHOFxJM_le-4sadNNB9tROAUmCe1pDekic",
        "accept": "*/*",
        "accept-language": "*",
        "sec-fetch-mode": "cors",
        "user-agent": "node",
        "pragma": "no-cache",
        "cache-control": "no-cache",
        "accept-encoding": "gzip, deflate"
      },
      "remoteAddress": "127.0.0.1",
      "remotePort": 50814
    }
    [35mres[39m: {
      "statusCode": 200,
      "headers": {
        "content-security-policy": "default-src 'self';base-uri 'self';font-src 'self' https: data:;form-action 'self';frame-ancestors 'self';img-src 'self' data:;object-src 'none';script-src 'self';script-src-attr 'none';style-src 'self' https: 'unsafe-inline';upgrade-insecure-requests",
        "cross-origin-opener-policy": "same-origin",
        "cross-origin-resource-policy": "same-origin",
        "origin-agent-cluster": "?1",
        "referrer-policy": "no-referrer",
        "strict-transport-security": "max-age=31536000; includeSubDomains",
        "x-content-type-options": "nosniff",
        "x-dns-prefetch-control": "off",
        "x-download-options": "noopen",
        "x-frame-options": "SAMEORIGIN",
        "x-permitted-cross-domain-policies": "none",
        "x-xss-protection": "0",
        "vary": "Origin",
        "access-control-allow-credentials": "true",
        "x-ratelimit-limit": "120",
        "x-ratelimit-remaining": "119",
        "x-ratelimit-reset": "60",
        "x-correlation-id": "6b7789c5-506b-4225-9da1-73b24d0ea47d",
        "content-type": "application/json; charset=utf-8",
        "content-length": "426",
        "etag": "W/\"1aa-bjbCYD4WhTpb5Q/I7yK/VOE8NPE\""
      }
    }
    [35mresponseTime[39m: 7
[16:15:52.220] [32mINFO[39m (55920): [36mrequest completed[39m
    [35mreq[39m: {
      "id": 21,
      "method": "GET",
      "url": "/api/commands",
      "query": {},
      "params": {
        "path": [
          "commands"
        ]
      },
      "headers": {
        "host": "localhost:4000",
        "connection": "keep-alive",
        "authorization": "Bearer eyJhbGciOiJIUzI1NiIsInR5cCI6IkpXVCJ9.eyJzdWIiOiJ1c2VyLWFkbWluIiwiZW1haWwiOiJhZG1pbkBndW5nbmlyLmxvY2FsIiwicm9sZXMiOlsiYWRtaW4iLCJhZG1pbiIsImFkbWluIl0sImlhdCI6MTc3OTEzNTM1MSwiZXhwIjoxNzc5MTM2MjUxfQ.IsBAs0Zw2DHOFxJM_le-4sadNNB9tROAUmCe1pDekic",
        "accept": "*/*",
        "accept-language": "*",
        "sec-fetch-mode": "cors",
        "user-agent": "node",
        "pragma": "no-cache",
        "cache-control": "no-cache",
        "accept-encoding": "gzip, deflate"
      },
      "remoteAddress": "127.0.0.1",
      "remotePort": 52319
    }
    [35mres[39m: {
      "statusCode": 200,
      "headers": {
        "content-security-policy": "default-src 'self';base-uri 'self';font-src 'self' https: data:;form-action 'self';frame-ancestors 'self';img-src 'self' data:;object-src 'none';script-src 'self';script-src-attr 'none';style-src 'self' https: 'unsafe-inline';upgrade-insecure-requests",
        "cross-origin-opener-policy": "same-origin",
        "cross-origin-resource-policy": "same-origin",
        "origin-agent-cluster": "?1",
        "referrer-policy": "no-referrer",
        "strict-transport-security": "max-age=31536000; includeSubDomains",
        "x-content-type-options": "nosniff",
        "x-dns-prefetch-control": "off",
        "x-download-options": "noopen",
        "x-frame-options": "SAMEORIGIN",
        "x-permitted-cross-domain-policies": "none",
        "x-xss-protection": "0",
        "vary": "Origin",
        "access-control-allow-credentials": "true",
        "x-ratelimit-limit": "120",
        "x-ratelimit-remaining": "119",
        "x-ratelimit-reset": "60",
        "x-correlation-id": "05cdfdbc-8958-4998-91d9-0e19d478db46",
        "content-type": "application/json; charset=utf-8",
        "content-length": "2",
        "etag": "W/\"2-l9Fw4VUO7kr8CvBlt4zaMCqXZ0w\""
      }
    }
    [35mresponseTime[39m: 4
[16:15:52.249] [32mINFO[39m (55920): [36mrequest completed[39m
    [35mreq[39m: {
      "id": 22,
      "method": "GET",
      "url": "/api/missions",
      "query": {},
      "params": {
        "path": [
          "missions"
        ]
      },
      "headers": {
        "host": "localhost:4000",
        "connection": "keep-alive",
        "authorization": "Bearer eyJhbGciOiJIUzI1NiIsInR5cCI6IkpXVCJ9.eyJzdWIiOiJ1c2VyLWFkbWluIiwiZW1haWwiOiJhZG1pbkBndW5nbmlyLmxvY2FsIiwicm9sZXMiOlsiYWRtaW4iLCJhZG1pbiIsImFkbWluIl0sImlhdCI6MTc3OTEzNTM1MSwiZXhwIjoxNzc5MTM2MjUxfQ.IsBAs0Zw2DHOFxJM_le-4sadNNB9tROAUmCe1pDekic",
        "accept": "*/*",
        "accept-language": "*",
        "sec-fetch-mode": "cors",
        "user-agent": "node",
        "pragma": "no-cache",
        "cache-control": "no-cache",
        "accept-encoding": "gzip, deflate"
      },
      "remoteAddress": "127.0.0.1",
      "remotePort": 52319
    }
    [35mres[39m: {
      "statusCode": 200,
      "headers": {
        "content-security-policy": "default-src 'self';base-uri 'self';font-src 'self' https: data:;form-action 'self';frame-ancestors 'self';img-src 'self' data:;object-src 'none';script-src 'self';script-src-attr 'none';style-src 'self' https: 'unsafe-inline';upgrade-insecure-requests",
        "cross-origin-opener-policy": "same-origin",
        "cross-origin-resource-policy": "same-origin",
        "origin-agent-cluster": "?1",
        "referrer-policy": "no-referrer",
        "strict-transport-security": "max-age=31536000; includeSubDomains",
        "x-content-type-options": "nosniff",
        "x-dns-prefetch-control": "off",
        "x-download-options": "noopen",
        "x-frame-options": "SAMEORIGIN",
        "x-permitted-cross-domain-policies": "none",
        "x-xss-protection": "0",
        "vary": "Origin",
        "access-control-allow-credentials": "true",
        "x-ratelimit-limit": "120",
        "x-ratelimit-remaining": "119",
        "x-ratelimit-reset": "60",
        "x-correlation-id": "c07f667e-8cad-43a5-931c-38f1f15fe7f8",
        "content-type": "application/json; charset=utf-8",
        "content-length": "2",
        "etag": "W/\"2-l9Fw4VUO7kr8CvBlt4zaMCqXZ0w\""
      }
    }
    [35mresponseTime[39m: 2
[16:15:52.249] [32mINFO[39m (55920): [36mrequest completed[39m
    [35mreq[39m: {
      "id": 23,
      "method": "GET",
      "url": "/api/geofences",
      "query": {},
      "params": {
        "path": [
          "geofences"
        ]
      },
      "headers": {
        "host": "localhost:4000",
        "connection": "keep-alive",
        "authorization": "Bearer eyJhbGciOiJIUzI1NiIsInR5cCI6IkpXVCJ9.eyJzdWIiOiJ1c2VyLWFkbWluIiwiZW1haWwiOiJhZG1pbkBndW5nbmlyLmxvY2FsIiwicm9sZXMiOlsiYWRtaW4iLCJhZG1pbiIsImFkbWluIl0sImlhdCI6MTc3OTEzNTM1MSwiZXhwIjoxNzc5MTM2MjUxfQ.IsBAs0Zw2DHOFxJM_le-4sadNNB9tROAUmCe1pDekic",
        "accept": "*/*",
        "accept-language": "*",
        "sec-fetch-mode": "cors",
        "user-agent": "node",
        "pragma": "no-cache",
        "cache-control": "no-cache",
        "accept-encoding": "gzip, deflate"
      },
      "remoteAddress": "127.0.0.1",
      "remotePort": 63288
    }
    [35mres[39m: {
      "statusCode": 200,
      "headers": {
        "content-security-policy": "default-src 'self';base-uri 'self';font-src 'self' https: data:;form-action 'self';frame-ancestors 'self';img-src 'self' data:;object-src 'none';script-src 'self';script-src-attr 'none';style-src 'self' https: 'unsafe-inline';upgrade-insecure-requests",
        "cross-origin-opener-policy": "same-origin",
        "cross-origin-resource-policy": "same-origin",
        "origin-agent-cluster": "?1",
        "referrer-policy": "no-referrer",
        "strict-transport-security": "max-age=31536000; includeSubDomains",
        "x-content-type-options": "nosniff",
        "x-dns-prefetch-control": "off",
        "x-download-options": "noopen",
        "x-frame-options": "SAMEORIGIN",
        "x-permitted-cross-domain-policies": "none",
        "x-xss-protection": "0",
        "vary": "Origin",
        "access-control-allow-credentials": "true",
        "x-ratelimit-limit": "120",
        "x-ratelimit-remaining": "119",
        "x-ratelimit-reset": "60",
        "x-correlation-id": "a9aa8529-ef51-4ce2-9f05-d630ea5f1041",
        "content-type": "application/json; charset=utf-8",
        "content-length": "2",
        "etag": "W/\"2-l9Fw4VUO7kr8CvBlt4zaMCqXZ0w\""
      }
    }
    [35mresponseTime[39m: 2
[16:15:52.270] [32mINFO[39m (55920): [36mrequest completed[39m
    [35mreq[39m: {
      "id": 24,
      "method": "GET",
      "url": "/api/auth/me",
      "query": {},
      "params": {
        "path": [
          "auth",
          "me"
        ]
      },
      "headers": {
        "host": "localhost:4000",
        "connection": "keep-alive",
        "authorization": "Bearer eyJhbGciOiJIUzI1NiIsInR5cCI6IkpXVCJ9.eyJzdWIiOiJ1c2VyLWFkbWluIiwiZW1haWwiOiJhZG1pbkBndW5nbmlyLmxvY2FsIiwicm9sZXMiOlsiYWRtaW4iLCJhZG1pbiIsImFkbWluIl0sImlhdCI6MTc3OTEzNTM1MSwiZXhwIjoxNzc5MTM2MjUxfQ.IsBAs0Zw2DHOFxJM_le-4sadNNB9tROAUmCe1pDekic",
        "accept": "*/*",
        "accept-language": "*",
        "sec-fetch-mode": "cors",
        "user-agent": "node",
        "pragma": "no-cache",
        "cache-control": "no-cache",
        "accept-encoding": "gzip, deflate"
      },
      "remoteAddress": "127.0.0.1",
      "remotePort": 52319
    }
    [35mres[39m: {
      "statusCode": 200,
      "headers": {
        "content-security-policy": "default-src 'self';base-uri 'self';font-src 'self' https: data:;form-action 'self';frame-ancestors 'self';img-src 'self' data:;object-src 'none';script-src 'self';script-src-attr 'none';style-src 'self' https: 'unsafe-inline';upgrade-insecure-requests",
        "cross-origin-opener-policy": "same-origin",
        "cross-origin-resource-policy": "same-origin",
        "origin-agent-cluster": "?1",
        "referrer-policy": "no-referrer",
        "strict-transport-security": "max-age=31536000; includeSubDomains",
        "x-content-type-options": "nosniff",
        "x-dns-prefetch-control": "off",
        "x-download-options": "noopen",
        "x-frame-options": "SAMEORIGIN",
        "x-permitted-cross-domain-policies": "none",
        "x-xss-protection": "0",
        "vary": "Origin",
        "access-control-allow-credentials": "true",
        "x-ratelimit-limit": "120",
        "x-ratelimit-remaining": "113",
        "x-ratelimit-reset": "57",
        "x-correlation-id": "8a7a6283-a984-4065-9050-6e9282348051",
        "content-type": "application/json; charset=utf-8",
        "content-length": "132",
        "etag": "W/\"84-rvqS2EHAODw8XEufzLXR00Is0TQ\""
      }
    }
    [35mresponseTime[39m: 6
[16:15:52.333] [32mINFO[39m (55920): [36mrequest completed[39m
    [35mreq[39m: {
      "id": 25,
      "method": "GET",
      "url": "/api/map-layers",
      "query": {},
      "params": {
        "path": [
          "map-layers"
        ]
      },
      "headers": {
        "host": "localhost:4000",
        "connection": "keep-alive",
        "authorization": "Bearer eyJhbGciOiJIUzI1NiIsInR5cCI6IkpXVCJ9.eyJzdWIiOiJ1c2VyLWFkbWluIiwiZW1haWwiOiJhZG1pbkBndW5nbmlyLmxvY2FsIiwicm9sZXMiOlsiYWRtaW4iLCJhZG1pbiIsImFkbWluIl0sImlhdCI6MTc3OTEzNTM1MSwiZXhwIjoxNzc5MTM2MjUxfQ.IsBAs0Zw2DHOFxJM_le-4sadNNB9tROAUmCe1pDekic",
        "accept": "*/*",
        "accept-language": "*",
        "sec-fetch-mode": "cors",
        "user-agent": "node",
        "pragma": "no-cache",
        "cache-control": "no-cache",
        "accept-encoding": "gzip, deflate"
      },
      "remoteAddress": "127.0.0.1",
      "remotePort": 52319
    }
    [35mres[39m: {
      "statusCode": 200,
      "headers": {
        "content-security-policy": "default-src 'self';base-uri 'self';font-src 'self' https: data:;form-action 'self';frame-ancestors 'self';img-src 'self' data:;object-src 'none';script-src 'self';script-src-attr 'none';style-src 'self' https: 'unsafe-inline';upgrade-insecure-requests",
        "cross-origin-opener-policy": "same-origin",
        "cross-origin-resource-policy": "same-origin",
        "origin-agent-cluster": "?1",
        "referrer-policy": "no-referrer",
        "strict-transport-security": "max-age=31536000; includeSubDomains",
        "x-content-type-options": "nosniff",
        "x-dns-prefetch-control": "off",
        "x-download-options": "noopen",
        "x-frame-options": "SAMEORIGIN",
        "x-permitted-cross-domain-policies": "none",
        "x-xss-protection": "0",
        "vary": "Origin",
        "access-control-allow-credentials": "true",
        "x-ratelimit-limit": "120",
        "x-ratelimit-remaining": "119",
        "x-ratelimit-reset": "60",
        "x-correlation-id": "85989004-8af5-4679-a72f-b68e30f8a3bc",
        "content-type": "application/json; charset=utf-8",
        "content-length": "2746",
        "etag": "W/\"aba-LsQgSgK/oc5bs6U/h4AlDLlp/LM\""
      }
    }
    [35mresponseTime[39m: 3
[16:15:52.364] [32mINFO[39m (55920): [36mrequest completed[39m
    [35mreq[39m: {
      "id": 26,
      "method": "GET",
      "url": "/api/v1/operations/snapshot",
      "query": {},
      "params": {
        "path": [
          "v1",
          "operations",
          "snapshot"
        ]
      },
      "headers": {
        "host": "localhost:4000",
        "connection": "keep-alive",
        "authorization": "Bearer eyJhbGciOiJIUzI1NiIsInR5cCI6IkpXVCJ9.eyJzdWIiOiJ1c2VyLWFkbWluIiwiZW1haWwiOiJhZG1pbkBndW5nbmlyLmxvY2FsIiwicm9sZXMiOlsiYWRtaW4iLCJhZG1pbiIsImFkbWluIl0sImlhdCI6MTc3OTEzNTM1MSwiZXhwIjoxNzc5MTM2MjUxfQ.IsBAs0Zw2DHOFxJM_le-4sadNNB9tROAUmCe1pDekic",
        "accept": "*/*",
        "accept-language": "*",
        "sec-fetch-mode": "cors",
        "user-agent": "node",
        "pragma": "no-cache",
        "cache-control": "no-cache",
        "accept-encoding": "gzip, deflate"
      },
      "remoteAddress": "127.0.0.1",
      "remotePort": 52319
    }
    [35mres[39m: {
      "statusCode": 200,
      "headers": {
        "content-security-policy": "default-src 'self';base-uri 'self';font-src 'self' https: data:;form-action 'self';frame-ancestors 'self';img-src 'self' data:;object-src 'none';script-src 'self';script-src-attr 'none';style-src 'self' https: 'unsafe-inline';upgrade-insecure-requests",
        "cross-origin-opener-policy": "same-origin",
        "cross-origin-resource-policy": "same-origin",
        "origin-agent-cluster": "?1",
        "referrer-policy": "no-referrer",
        "strict-transport-security": "max-age=31536000; includeSubDomains",
        "x-content-type-options": "nosniff",
        "x-dns-prefetch-control": "off",
        "x-download-options": "noopen",
        "x-frame-options": "SAMEORIGIN",
        "x-permitted-cross-domain-policies": "none",
        "x-xss-protection": "0",
        "vary": "Origin",
        "access-control-allow-credentials": "true",
        "x-ratelimit-limit": "120",
        "x-ratelimit-remaining": "118",
        "x-ratelimit-reset": "60",
        "x-correlation-id": "d43cbe77-8baa-4a15-8f04-a983ec555c9b",
        "content-type": "application/json; charset=utf-8",
        "content-length": "3557",
        "etag": "W/\"de5-WxPdKfPqnJI5IvLlbt5eJO7bzSQ\""
      }
    }
    [35mresponseTime[39m: 12
[16:15:52.373] [34mDEBUG[39m (55920): [36mRealtime client connected: GDaOXcgKlP0xADYrAAAD[39m
    [35mcontext[39m: "RealtimeGateway"
[16:15:52.393] [32mINFO[39m (55920): [36mrequest completed[39m
    [35mreq[39m: {
      "id": 27,
      "method": "GET",
      "url": "/api/devices",
      "query": {},
      "params": {
        "path": [
          "devices"
        ]
      },
      "headers": {
        "host": "localhost:4000",
        "connection": "keep-alive",
        "authorization": "Bearer eyJhbGciOiJIUzI1NiIsInR5cCI6IkpXVCJ9.eyJzdWIiOiJ1c2VyLWFkbWluIiwiZW1haWwiOiJhZG1pbkBndW5nbmlyLmxvY2FsIiwicm9sZXMiOlsiYWRtaW4iLCJhZG1pbiIsImFkbWluIl0sImlhdCI6MTc3OTEzNTM1MSwiZXhwIjoxNzc5MTM2MjUxfQ.IsBAs0Zw2DHOFxJM_le-4sadNNB9tROAUmCe1pDekic",
        "accept": "*/*",
        "accept-language": "*",
        "sec-fetch-mode": "cors",
        "user-agent": "node",
        "pragma": "no-cache",
        "cache-control": "no-cache",
        "accept-encoding": "gzip, deflate"
      },
      "remoteAddress": "127.0.0.1",
      "remotePort": 52319
    }
    [35mres[39m: {
      "statusCode": 200,
      "headers": {
        "content-security-policy": "default-src 'self';base-uri 'self';font-src 'self' https: data:;form-action 'self';frame-ancestors 'self';img-src 'self' data:;object-src 'none';script-src 'self';script-src-attr 'none';style-src 'self' https: 'unsafe-inline';upgrade-insecure-requests",
        "cross-origin-opener-policy": "same-origin",
        "cross-origin-resource-policy": "same-origin",
        "origin-agent-cluster": "?1",
        "referrer-policy": "no-referrer",
        "strict-transport-security": "max-age=31536000; includeSubDomains",
        "x-content-type-options": "nosniff",
        "x-dns-prefetch-control": "off",
        "x-download-options": "noopen",
        "x-frame-options": "SAMEORIGIN",
        "x-permitted-cross-domain-policies": "none",
        "x-xss-protection": "0",
        "vary": "Origin",
        "access-control-allow-credentials": "true",
        "x-ratelimit-limit": "120",
        "x-ratelimit-remaining": "118",
        "x-ratelimit-reset": "60",
        "x-correlation-id": "55d6827c-4519-46be-9206-9a28ea28d880",
        "content-type": "application/json; charset=utf-8",
        "content-length": "391",
        "etag": "W/\"187-wFixndeDMExMbypLdc/dp5I7KtI\""
      }
    }
    [35mresponseTime[39m: 2
[16:15:52.393] [32mINFO[39m (55920): [36mrequest completed[39m
    [35mreq[39m: {
      "id": 28,
      "method": "GET",
      "url": "/api/tracks/current",
      "query": {},
      "params": {
        "path": [
          "tracks",
          "current"
        ]
      },
      "headers": {
        "host": "localhost:4000",
        "connection": "keep-alive",
        "authorization": "Bearer eyJhbGciOiJIUzI1NiIsInR5cCI6IkpXVCJ9.eyJzdWIiOiJ1c2VyLWFkbWluIiwiZW1haWwiOiJhZG1pbkBndW5nbmlyLmxvY2FsIiwicm9sZXMiOlsiYWRtaW4iLCJhZG1pbiIsImFkbWluIl0sImlhdCI6MTc3OTEzNTM1MSwiZXhwIjoxNzc5MTM2MjUxfQ.IsBAs0Zw2DHOFxJM_le-4sadNNB9tROAUmCe1pDekic",
        "accept": "*/*",
        "accept-language": "*",
        "sec-fetch-mode": "cors",
        "user-agent": "node",
        "pragma": "no-cache",
        "cache-control": "no-cache",
        "accept-encoding": "gzip, deflate"
      },
      "remoteAddress": "127.0.0.1",
      "remotePort": 63288
    }
    [35mres[39m: {
      "statusCode": 200,
      "headers": {
        "content-security-policy": "default-src 'self';base-uri 'self';font-src 'self' https: data:;form-action 'self';frame-ancestors 'self';img-src 'self' data:;object-src 'none';script-src 'self';script-src-attr 'none';style-src 'self' https: 'unsafe-inline';upgrade-insecure-requests",
        "cross-origin-opener-policy": "same-origin",
        "cross-origin-resource-policy": "same-origin",
        "origin-agent-cluster": "?1",
        "referrer-policy": "no-referrer",
        "strict-transport-security": "max-age=31536000; includeSubDomains",
        "x-content-type-options": "nosniff",
        "x-dns-prefetch-control": "off",
        "x-download-options": "noopen",
        "x-frame-options": "SAMEORIGIN",
        "x-permitted-cross-domain-policies": "none",
        "x-xss-protection": "0",
        "vary": "Origin",
        "access-control-allow-credentials": "true",
        "x-ratelimit-limit": "120",
        "x-ratelimit-remaining": "118",
        "x-ratelimit-reset": "60",
        "x-correlation-id": "4a410afc-2129-42de-8323-5d4b46c904d1",
        "content-type": "application/json; charset=utf-8",
        "content-length": "2",
        "etag": "W/\"2-l9Fw4VUO7kr8CvBlt4zaMCqXZ0w\""
      }
    }
    [35mresponseTime[39m: 1
[16:15:52.417] [32mINFO[39m (55920): [36mrequest completed[39m
    [35mreq[39m: {
      "id": 29,
      "method": "GET",
      "url": "/api/tracks/history",
      "query": {},
      "params": {
        "path": [
          "tracks",
          "history"
        ]
      },
      "headers": {
        "host": "localhost:4000",
        "connection": "keep-alive",
        "authorization": "Bearer eyJhbGciOiJIUzI1NiIsInR5cCI6IkpXVCJ9.eyJzdWIiOiJ1c2VyLWFkbWluIiwiZW1haWwiOiJhZG1pbkBndW5nbmlyLmxvY2FsIiwicm9sZXMiOlsiYWRtaW4iLCJhZG1pbiIsImFkbWluIl0sImlhdCI6MTc3OTEzNTM1MSwiZXhwIjoxNzc5MTM2MjUxfQ.IsBAs0Zw2DHOFxJM_le-4sadNNB9tROAUmCe1pDekic",
        "accept": "*/*",
        "accept-language": "*",
        "sec-fetch-mode": "cors",
        "user-agent": "node",
        "pragma": "no-cache",
        "cache-control": "no-cache",
        "accept-encoding": "gzip, deflate"
      },
      "remoteAddress": "127.0.0.1",
      "remotePort": 52319
    }
    [35mres[39m: {
      "statusCode": 200,
      "headers": {
        "content-security-policy": "default-src 'self';base-uri 'self';font-src 'self' https: data:;form-action 'self';frame-ancestors 'self';img-src 'self' data:;object-src 'none';script-src 'self';script-src-attr 'none';style-src 'self' https: 'unsafe-inline';upgrade-insecure-requests",
        "cross-origin-opener-policy": "same-origin",
        "cross-origin-resource-policy": "same-origin",
        "origin-agent-cluster": "?1",
        "referrer-policy": "no-referrer",
        "strict-transport-security": "max-age=31536000; includeSubDomains",
        "x-content-type-options": "nosniff",
        "x-dns-prefetch-control": "off",
        "x-download-options": "noopen",
        "x-frame-options": "SAMEORIGIN",
        "x-permitted-cross-domain-policies": "none",
        "x-xss-protection": "0",
        "vary": "Origin",
        "access-control-allow-credentials": "true",
        "x-ratelimit-limit": "120",
        "x-ratelimit-remaining": "118",
        "x-ratelimit-reset": "60",
        "x-correlation-id": "4b2120f8-bd1b-4fa4-9380-7e83fc48ff5c",
        "content-type": "application/json; charset=utf-8",
        "content-length": "2",
        "etag": "W/\"2-l9Fw4VUO7kr8CvBlt4zaMCqXZ0w\""
      }
    }
    [35mresponseTime[39m: 3
[16:15:52.440] [32mINFO[39m (55920): [36mrequest completed[39m
    [35mreq[39m: {
      "id": 30,
      "method": "GET",
      "url": "/api/telemetry",
      "query": {},
      "params": {
        "path": [
          "telemetry"
        ]
      },
      "headers": {
        "host": "localhost:4000",
        "connection": "keep-alive",
        "authorization": "Bearer eyJhbGciOiJIUzI1NiIsInR5cCI6IkpXVCJ9.eyJzdWIiOiJ1c2VyLWFkbWluIiwiZW1haWwiOiJhZG1pbkBndW5nbmlyLmxvY2FsIiwicm9sZXMiOlsiYWRtaW4iLCJhZG1pbiIsImFkbWluIl0sImlhdCI6MTc3OTEzNTM1MSwiZXhwIjoxNzc5MTM2MjUxfQ.IsBAs0Zw2DHOFxJM_le-4sadNNB9tROAUmCe1pDekic",
        "accept": "*/*",
        "accept-language": "*",
        "sec-fetch-mode": "cors",
        "user-agent": "node",
        "pragma": "no-cache",
        "cache-control": "no-cache",
        "accept-encoding": "gzip, deflate"
      },
      "remoteAddress": "127.0.0.1",
      "remotePort": 52319
    }
    [35mres[39m: {
      "statusCode": 200,
      "headers": {
        "content-security-policy": "default-src 'self';base-uri 'self';font-src 'self' https: data:;form-action 'self';frame-ancestors 'self';img-src 'self' data:;object-src 'none';script-src 'self';script-src-attr 'none';style-src 'self' https: 'unsafe-inline';upgrade-insecure-requests",
        "cross-origin-opener-policy": "same-origin",
        "cross-origin-resource-policy": "same-origin",
        "origin-agent-cluster": "?1",
        "referrer-policy": "no-referrer",
        "strict-transport-security": "max-age=31536000; includeSubDomains",
        "x-content-type-options": "nosniff",
        "x-dns-prefetch-control": "off",
        "x-download-options": "noopen",
        "x-frame-options": "SAMEORIGIN",
        "x-permitted-cross-domain-policies": "none",
        "x-xss-protection": "0",
        "vary": "Origin",
        "access-control-allow-credentials": "true",
        "x-ratelimit-limit": "120",
        "x-ratelimit-remaining": "118",
        "x-ratelimit-reset": "60",
        "x-correlation-id": "c229b07f-8b2c-4245-ab6e-912533ca6dbf",
        "content-type": "application/json; charset=utf-8",
        "content-length": "426",
        "etag": "W/\"1aa-bjbCYD4WhTpb5Q/I7yK/VOE8NPE\""
      }
    }
    [35mresponseTime[39m: 3
[16:15:52.465] [32mINFO[39m (55920): [36mrequest completed[39m
    [35mreq[39m: {
      "id": 31,
      "method": "GET",
      "url": "/api/commands",
      "query": {},
      "params": {
        "path": [
          "commands"
        ]
      },
      "headers": {
        "host": "localhost:4000",
        "connection": "keep-alive",
        "authorization": "Bearer eyJhbGciOiJIUzI1NiIsInR5cCI6IkpXVCJ9.eyJzdWIiOiJ1c2VyLWFkbWluIiwiZW1haWwiOiJhZG1pbkBndW5nbmlyLmxvY2FsIiwicm9sZXMiOlsiYWRtaW4iLCJhZG1pbiIsImFkbWluIl0sImlhdCI6MTc3OTEzNTM1MSwiZXhwIjoxNzc5MTM2MjUxfQ.IsBAs0Zw2DHOFxJM_le-4sadNNB9tROAUmCe1pDekic",
        "accept": "*/*",
        "accept-language": "*",
        "sec-fetch-mode": "cors",
        "user-agent": "node",
        "pragma": "no-cache",
        "cache-control": "no-cache",
        "accept-encoding": "gzip, deflate"
      },
      "remoteAddress": "127.0.0.1",
      "remotePort": 52319
    }
    [35mres[39m: {
      "statusCode": 200,
      "headers": {
        "content-security-policy": "default-src 'self';base-uri 'self';font-src 'self' https: data:;form-action 'self';frame-ancestors 'self';img-src 'self' data:;object-src 'none';script-src 'self';script-src-attr 'none';style-src 'self' https: 'unsafe-inline';upgrade-insecure-requests",
        "cross-origin-opener-policy": "same-origin",
        "cross-origin-resource-policy": "same-origin",
        "origin-agent-cluster": "?1",
        "referrer-policy": "no-referrer",
        "strict-transport-security": "max-age=31536000; includeSubDomains",
        "x-content-type-options": "nosniff",
        "x-dns-prefetch-control": "off",
        "x-download-options": "noopen",
        "x-frame-options": "SAMEORIGIN",
        "x-permitted-cross-domain-policies": "none",
        "x-xss-protection": "0",
        "vary": "Origin",
        "access-control-allow-credentials": "true",
        "x-ratelimit-limit": "120",
        "x-ratelimit-remaining": "118",
        "x-ratelimit-reset": "60",
        "x-correlation-id": "3ec2d3cb-6e8d-471b-8ea7-e68440607372",
        "content-type": "application/json; charset=utf-8",
        "content-length": "2",
        "etag": "W/\"2-l9Fw4VUO7kr8CvBlt4zaMCqXZ0w\""
      }
    }
    [35mresponseTime[39m: 5
[16:15:52.487] [32mINFO[39m (55920): [36mrequest completed[39m
    [35mreq[39m: {
      "id": 32,
      "method": "GET",
      "url": "/api/missions",
      "query": {},
      "params": {
        "path": [
          "missions"
        ]
      },
      "headers": {
        "host": "localhost:4000",
        "connection": "keep-alive",
        "authorization": "Bearer eyJhbGciOiJIUzI1NiIsInR5cCI6IkpXVCJ9.eyJzdWIiOiJ1c2VyLWFkbWluIiwiZW1haWwiOiJhZG1pbkBndW5nbmlyLmxvY2FsIiwicm9sZXMiOlsiYWRtaW4iLCJhZG1pbiIsImFkbWluIl0sImlhdCI6MTc3OTEzNTM1MSwiZXhwIjoxNzc5MTM2MjUxfQ.IsBAs0Zw2DHOFxJM_le-4sadNNB9tROAUmCe1pDekic",
        "accept": "*/*",
        "accept-language": "*",
        "sec-fetch-mode": "cors",
        "user-agent": "node",
        "pragma": "no-cache",
        "cache-control": "no-cache",
        "accept-encoding": "gzip, deflate"
      },
      "remoteAddress": "127.0.0.1",
      "remotePort": 52319
    }
    [35mres[39m: {
      "statusCode": 200,
      "headers": {
        "content-security-policy": "default-src 'self';base-uri 'self';font-src 'self' https: data:;form-action 'self';frame-ancestors 'self';img-src 'self' data:;object-src 'none';script-src 'self';script-src-attr 'none';style-src 'self' https: 'unsafe-inline';upgrade-insecure-requests",
        "cross-origin-opener-policy": "same-origin",
        "cross-origin-resource-policy": "same-origin",
        "origin-agent-cluster": "?1",
        "referrer-policy": "no-referrer",
        "strict-transport-security": "max-age=31536000; includeSubDomains",
        "x-content-type-options": "nosniff",
        "x-dns-prefetch-control": "off",
        "x-download-options": "noopen",
        "x-frame-options": "SAMEORIGIN",
        "x-permitted-cross-domain-policies": "none",
        "x-xss-protection": "0",
        "vary": "Origin",
        "access-control-allow-credentials": "true",
        "x-ratelimit-limit": "120",
        "x-ratelimit-remaining": "118",
        "x-ratelimit-reset": "60",
        "x-correlation-id": "77a13f1a-612e-4470-a90a-e745bd5d6d41",
        "content-type": "application/json; charset=utf-8",
        "content-length": "2",
        "etag": "W/\"2-l9Fw4VUO7kr8CvBlt4zaMCqXZ0w\""
      }
    }
    [35mresponseTime[39m: 2
[16:15:52.505] [32mINFO[39m (55920): [36mrequest completed[39m
    [35mreq[39m: {
      "id": 33,
      "method": "GET",
      "url": "/api/geofences",
      "query": {},
      "params": {
        "path": [
          "geofences"
        ]
      },
      "headers": {
        "host": "localhost:4000",
        "connection": "keep-alive",
        "authorization": "Bearer eyJhbGciOiJIUzI1NiIsInR5cCI6IkpXVCJ9.eyJzdWIiOiJ1c2VyLWFkbWluIiwiZW1haWwiOiJhZG1pbkBndW5nbmlyLmxvY2FsIiwicm9sZXMiOlsiYWRtaW4iLCJhZG1pbiIsImFkbWluIl0sImlhdCI6MTc3OTEzNTM1MSwiZXhwIjoxNzc5MTM2MjUxfQ.IsBAs0Zw2DHOFxJM_le-4sadNNB9tROAUmCe1pDekic",
        "accept": "*/*",
        "accept-language": "*",
        "sec-fetch-mode": "cors",
        "user-agent": "node",
        "pragma": "no-cache",
        "cache-control": "no-cache",
        "accept-encoding": "gzip, deflate"
      },
      "remoteAddress": "127.0.0.1",
      "remotePort": 63288
    }
    [35mres[39m: {
      "statusCode": 200,
      "headers": {
        "content-security-policy": "default-src 'self';base-uri 'self';font-src 'self' https: data:;form-action 'self';frame-ancestors 'self';img-src 'self' data:;object-src 'none';script-src 'self';script-src-attr 'none';style-src 'self' https: 'unsafe-inline';upgrade-insecure-requests",
        "cross-origin-opener-policy": "same-origin",
        "cross-origin-resource-policy": "same-origin",
        "origin-agent-cluster": "?1",
        "referrer-policy": "no-referrer",
        "strict-transport-security": "max-age=31536000; includeSubDomains",
        "x-content-type-options": "nosniff",
        "x-dns-prefetch-control": "off",
        "x-download-options": "noopen",
        "x-frame-options": "SAMEORIGIN",
        "x-permitted-cross-domain-policies": "none",
        "x-xss-protection": "0",
        "vary": "Origin",
        "access-control-allow-credentials": "true",
        "x-ratelimit-limit": "120",
        "x-ratelimit-remaining": "118",
        "x-ratelimit-reset": "60",
        "x-correlation-id": "e5e482f1-9007-4ada-9d0d-b979d391647c",
        "content-type": "application/json; charset=utf-8",
        "content-length": "2",
        "etag": "W/\"2-l9Fw4VUO7kr8CvBlt4zaMCqXZ0w\""
      }
    }
    [35mresponseTime[39m: 3
[16:15:52.524] [32mINFO[39m (55920): [36mrequest completed[39m
    [35mreq[39m: {
      "id": 34,
      "method": "GET",
      "url": "/api/map-layers",
      "query": {},
      "params": {
        "path": [
          "map-layers"
        ]
      },
      "headers": {
        "host": "localhost:4000",
        "connection": "keep-alive",
        "authorization": "Bearer eyJhbGciOiJIUzI1NiIsInR5cCI6IkpXVCJ9.eyJzdWIiOiJ1c2VyLWFkbWluIiwiZW1haWwiOiJhZG1pbkBndW5nbmlyLmxvY2FsIiwicm9sZXMiOlsiYWRtaW4iLCJhZG1pbiIsImFkbWluIl0sImlhdCI6MTc3OTEzNTM1MSwiZXhwIjoxNzc5MTM2MjUxfQ.IsBAs0Zw2DHOFxJM_le-4sadNNB9tROAUmCe1pDekic",
        "accept": "*/*",
        "accept-language": "*",
        "sec-fetch-mode": "cors",
        "user-agent": "node",
        "pragma": "no-cache",
        "cache-control": "no-cache",
        "accept-encoding": "gzip, deflate"
      },
      "remoteAddress": "127.0.0.1",
      "remotePort": 52319
    }
    [35mres[39m: {
      "statusCode": 200,
      "headers": {
        "content-security-policy": "default-src 'self';base-uri 'self';font-src 'self' https: data:;form-action 'self';frame-ancestors 'self';img-src 'self' data:;object-src 'none';script-src 'self';script-src-attr 'none';style-src 'self' https: 'unsafe-inline';upgrade-insecure-requests",
        "cross-origin-opener-policy": "same-origin",
        "cross-origin-resource-policy": "same-origin",
        "origin-agent-cluster": "?1",
        "referrer-policy": "no-referrer",
        "strict-transport-security": "max-age=31536000; includeSubDomains",
        "x-content-type-options": "nosniff",
        "x-dns-prefetch-control": "off",
        "x-download-options": "noopen",
        "x-frame-options": "SAMEORIGIN",
        "x-permitted-cross-domain-policies": "none",
        "x-xss-protection": "0",
        "vary": "Origin",
        "access-control-allow-credentials": "true",
        "x-ratelimit-limit": "120",
        "x-ratelimit-remaining": "118",
        "x-ratelimit-reset": "60",
        "x-correlation-id": "3ad671a7-12e8-4dcf-aac7-4ee09b09190e",
        "content-type": "application/json; charset=utf-8",
        "content-length": "2746",
        "etag": "W/\"aba-LsQgSgK/oc5bs6U/h4AlDLlp/LM\""
      }
    }
    [35mresponseTime[39m: 2
[16:15:52.684] [32mINFO[39m (55920): [36mrequest completed[39m
    [35mreq[39m: {
      "id": 36,
      "method": "GET",
      "url": "/api/map-layers/layer-dgac-local-points/geojson",
      "query": {},
      "params": {
        "path": [
          "map-layers",
          "layer-dgac-local-points",
          "geojson"
        ]
      },
      "headers": {
        "host": "localhost:4000",
        "connection": "keep-alive",
        "authorization": "Bearer eyJhbGciOiJIUzI1NiIsInR5cCI6IkpXVCJ9.eyJzdWIiOiJ1c2VyLWFkbWluIiwiZW1haWwiOiJhZG1pbkBndW5nbmlyLmxvY2FsIiwicm9sZXMiOlsiYWRtaW4iLCJhZG1pbiIsImFkbWluIl0sImlhdCI6MTc3OTEzNTM1MSwiZXhwIjoxNzc5MTM2MjUxfQ.IsBAs0Zw2DHOFxJM_le-4sadNNB9tROAUmCe1pDekic",
        "accept": "*/*",
        "accept-language": "*",
        "sec-fetch-mode": "cors",
        "user-agent": "node",
        "pragma": "no-cache",
        "cache-control": "no-cache",
        "accept-encoding": "gzip, deflate"
      },
      "remoteAddress": "127.0.0.1",
      "remotePort": 63288
    }
    [35mres[39m: {
      "statusCode": 200,
      "headers": {
        "content-security-policy": "default-src 'self';base-uri 'self';font-src 'self' https: data:;form-action 'self';frame-ancestors 'self';img-src 'self' data:;object-src 'none';script-src 'self';script-src-attr 'none';style-src 'self' https: 'unsafe-inline';upgrade-insecure-requests",
        "cross-origin-opener-policy": "same-origin",
        "cross-origin-resource-policy": "same-origin",
        "origin-agent-cluster": "?1",
        "referrer-policy": "no-referrer",
        "strict-transport-security": "max-age=31536000; includeSubDomains",
        "x-content-type-options": "nosniff",
        "x-dns-prefetch-control": "off",
        "x-download-options": "noopen",
        "x-frame-options": "SAMEORIGIN",
        "x-permitted-cross-domain-policies": "none",
        "x-xss-protection": "0",
        "vary": "Origin",
        "access-control-allow-credentials": "true",
        "x-ratelimit-limit": "120",
        "x-ratelimit-remaining": "118",
        "x-ratelimit-reset": "60",
        "x-correlation-id": "69cdfef8-e1ac-4e5b-acbb-f533b1f08736",
        "content-type": "application/json; charset=utf-8",
        "content-length": "1280069",
        "etag": "W/\"138845-LcYBXS9nZ3Bc1Gb5sE5KvbCMy4A\""
      }
    }
    [35mresponseTime[39m: 47
[16:15:52.734] [32mINFO[39m (55920): [36mrequest completed[39m
    [35mreq[39m: {
      "id": 35,
      "method": "GET",
      "url": "/api/map-layers/layer-dgac-aerodromes/geojson",
      "query": {},
      "params": {
        "path": [
          "map-layers",
          "layer-dgac-aerodromes",
          "geojson"
        ]
      },
      "headers": {
        "host": "localhost:4000",
        "connection": "keep-alive",
        "authorization": "Bearer eyJhbGciOiJIUzI1NiIsInR5cCI6IkpXVCJ9.eyJzdWIiOiJ1c2VyLWFkbWluIiwiZW1haWwiOiJhZG1pbkBndW5nbmlyLmxvY2FsIiwicm9sZXMiOlsiYWRtaW4iLCJhZG1pbiIsImFkbWluIl0sImlhdCI6MTc3OTEzNTM1MSwiZXhwIjoxNzc5MTM2MjUxfQ.IsBAs0Zw2DHOFxJM_le-4sadNNB9tROAUmCe1pDekic",
        "accept": "*/*",
        "accept-language": "*",
        "sec-fetch-mode": "cors",
        "user-agent": "node",
        "pragma": "no-cache",
        "cache-control": "no-cache",
        "accept-encoding": "gzip, deflate"
      },
      "remoteAddress": "127.0.0.1",
      "remotePort": 52319
    }
    [35mres[39m: {
      "statusCode": 200,
      "headers": {
        "content-security-policy": "default-src 'self';base-uri 'self';font-src 'self' https: data:;form-action 'self';frame-ancestors 'self';img-src 'self' data:;object-src 'none';script-src 'self';script-src-attr 'none';style-src 'self' https: 'unsafe-inline';upgrade-insecure-requests",
        "cross-origin-opener-policy": "same-origin",
        "cross-origin-resource-policy": "same-origin",
        "origin-agent-cluster": "?1",
        "referrer-policy": "no-referrer",
        "strict-transport-security": "max-age=31536000; includeSubDomains",
        "x-content-type-options": "nosniff",
        "x-dns-prefetch-control": "off",
        "x-download-options": "noopen",
        "x-frame-options": "SAMEORIGIN",
        "x-permitted-cross-domain-policies": "none",
        "x-xss-protection": "0",
        "vary": "Origin",
        "access-control-allow-credentials": "true",
        "x-ratelimit-limit": "120",
        "x-ratelimit-remaining": "119",
        "x-ratelimit-reset": "60",
        "x-correlation-id": "e031f68b-5b92-4f2b-9c53-d2bbde567f27",
        "content-type": "application/json; charset=utf-8",
        "content-length": "595231",
        "etag": "W/\"9151f-qXUtIJUgMTSxiK2moJEnQ4gfGAs\""
      }
    }
    [35mresponseTime[39m: 98
[16:15:52.758] [32mINFO[39m (55920): [36mrequest completed[39m
    [35mreq[39m: {
      "id": 40,
      "method": "GET",
      "url": "/api/map-layers/layer-fire-intel/geojson",
      "query": {},
      "params": {
        "path": [
          "map-layers",
          "layer-fire-intel",
          "geojson"
        ]
      },
      "headers": {
        "host": "localhost:4000",
        "connection": "keep-alive",
        "authorization": "Bearer eyJhbGciOiJIUzI1NiIsInR5cCI6IkpXVCJ9.eyJzdWIiOiJ1c2VyLWFkbWluIiwiZW1haWwiOiJhZG1pbkBndW5nbmlyLmxvY2FsIiwicm9sZXMiOlsiYWRtaW4iLCJhZG1pbiIsImFkbWluIl0sImlhdCI6MTc3OTEzNTM1MSwiZXhwIjoxNzc5MTM2MjUxfQ.IsBAs0Zw2DHOFxJM_le-4sadNNB9tROAUmCe1pDekic",
        "accept": "*/*",
        "accept-language": "*",
        "sec-fetch-mode": "cors",
        "user-agent": "node",
        "pragma": "no-cache",
        "cache-control": "no-cache",
        "accept-encoding": "gzip, deflate"
      },
      "remoteAddress": "127.0.0.1",
      "remotePort": 49679
    }
    [35mres[39m: {
      "statusCode": 200,
      "headers": {
        "content-security-policy": "default-src 'self';base-uri 'self';font-src 'self' https: data:;form-action 'self';frame-ancestors 'self';img-src 'self' data:;object-src 'none';script-src 'self';script-src-attr 'none';style-src 'self' https: 'unsafe-inline';upgrade-insecure-requests",
        "cross-origin-opener-policy": "same-origin",
        "cross-origin-resource-policy": "same-origin",
        "origin-agent-cluster": "?1",
        "referrer-policy": "no-referrer",
        "strict-transport-security": "max-age=31536000; includeSubDomains",
        "x-content-type-options": "nosniff",
        "x-dns-prefetch-control": "off",
        "x-download-options": "noopen",
        "x-frame-options": "SAMEORIGIN",
        "x-permitted-cross-domain-policies": "none",
        "x-xss-protection": "0",
        "vary": "Origin",
        "access-control-allow-credentials": "true",
        "x-ratelimit-limit": "120",
        "x-ratelimit-remaining": "114",
        "x-ratelimit-reset": "60",
        "x-correlation-id": "a173d994-2d89-45cf-a6be-07ce4bc35310",
        "content-type": "application/json; charset=utf-8",
        "content-length": "780",
        "etag": "W/\"30c-Wp8FJU+e+hQYADLY1f8QGrH2FcQ\""
      }
    }
    [35mresponseTime[39m: 19
[16:15:52.767] [32mINFO[39m (55920): [36mrequest completed[39m
    [35mreq[39m: {
      "id": 37,
      "method": "GET",
      "url": "/api/map-layers/layer-dgac-firs/geojson",
      "query": {},
      "params": {
        "path": [
          "map-layers",
          "layer-dgac-firs",
          "geojson"
        ]
      },
      "headers": {
        "host": "localhost:4000",
        "connection": "keep-alive",
        "authorization": "Bearer eyJhbGciOiJIUzI1NiIsInR5cCI6IkpXVCJ9.eyJzdWIiOiJ1c2VyLWFkbWluIiwiZW1haWwiOiJhZG1pbkBndW5nbmlyLmxvY2FsIiwicm9sZXMiOlsiYWRtaW4iLCJhZG1pbiIsImFkbWluIl0sImlhdCI6MTc3OTEzNTM1MSwiZXhwIjoxNzc5MTM2MjUxfQ.IsBAs0Zw2DHOFxJM_le-4sadNNB9tROAUmCe1pDekic",
        "accept": "*/*",
        "accept-language": "*",
        "sec-fetch-mode": "cors",
        "user-agent": "node",
        "pragma": "no-cache",
        "cache-control": "no-cache",
        "accept-encoding": "gzip, deflate"
      },
      "remoteAddress": "127.0.0.1",
      "remotePort": 50813
    }
    [35mres[39m: {
      "statusCode": 200,
      "headers": {
        "content-security-policy": "default-src 'self';base-uri 'self';font-src 'self' https: data:;form-action 'self';frame-ancestors 'self';img-src 'self' data:;object-src 'none';script-src 'self';script-src-attr 'none';style-src 'self' https: 'unsafe-inline';upgrade-insecure-requests",
        "cross-origin-opener-policy": "same-origin",
        "cross-origin-resource-policy": "same-origin",
        "origin-agent-cluster": "?1",
        "referrer-policy": "no-referrer",
        "strict-transport-security": "max-age=31536000; includeSubDomains",
        "x-content-type-options": "nosniff",
        "x-dns-prefetch-control": "off",
        "x-download-options": "noopen",
        "x-frame-options": "SAMEORIGIN",
        "x-permitted-cross-domain-policies": "none",
        "x-xss-protection": "0",
        "vary": "Origin",
        "access-control-allow-credentials": "true",
        "x-ratelimit-limit": "120",
        "x-ratelimit-remaining": "117",
        "x-ratelimit-reset": "60",
        "x-correlation-id": "f9b4b583-1a1a-4149-9456-537a3ed0cc6a",
        "content-type": "application/json; charset=utf-8",
        "content-length": "11254",
        "etag": "W/\"2bf6-SLXPB8h1iW6/ozk/rCr/ctyEyzw\""
      }
    }
    [35mresponseTime[39m: 129
[16:15:53.112] [32mINFO[39m (55920): [36mrequest completed[39m
    [35mreq[39m: {
      "id": 39,
      "method": "GET",
      "url": "/api/map-layers/layer-dgac-notams/geojson",
      "query": {},
      "params": {
        "path": [
          "map-layers",
          "layer-dgac-notams",
          "geojson"
        ]
      },
      "headers": {
        "host": "localhost:4000",
        "connection": "keep-alive",
        "authorization": "Bearer eyJhbGciOiJIUzI1NiIsInR5cCI6IkpXVCJ9.eyJzdWIiOiJ1c2VyLWFkbWluIiwiZW1haWwiOiJhZG1pbkBndW5nbmlyLmxvY2FsIiwicm9sZXMiOlsiYWRtaW4iLCJhZG1pbiIsImFkbWluIl0sImlhdCI6MTc3OTEzNTM1MSwiZXhwIjoxNzc5MTM2MjUxfQ.IsBAs0Zw2DHOFxJM_le-4sadNNB9tROAUmCe1pDekic",
        "accept": "*/*",
        "accept-language": "*",
        "sec-fetch-mode": "cors",
        "user-agent": "node",
        "pragma": "no-cache",
        "cache-control": "no-cache",
        "accept-encoding": "gzip, deflate"
      },
      "remoteAddress": "127.0.0.1",
      "remotePort": 50815
    }
    [35mres[39m: {
      "statusCode": 200,
      "headers": {
        "content-security-policy": "default-src 'self';base-uri 'self';font-src 'self' https: data:;form-action 'self';frame-ancestors 'self';img-src 'self' data:;object-src 'none';script-src 'self';script-src-attr 'none';style-src 'self' https: 'unsafe-inline';upgrade-insecure-requests",
        "cross-origin-opener-policy": "same-origin",
        "cross-origin-resource-policy": "same-origin",
        "origin-agent-cluster": "?1",
        "referrer-policy": "no-referrer",
        "strict-transport-security": "max-age=31536000; includeSubDomains",
        "x-content-type-options": "nosniff",
        "x-dns-prefetch-control": "off",
        "x-download-options": "noopen",
        "x-frame-options": "SAMEORIGIN",
        "x-permitted-cross-domain-policies": "none",
        "x-xss-protection": "0",
        "vary": "Origin",
        "access-control-allow-credentials": "true",
        "x-ratelimit-limit": "120",
        "x-ratelimit-remaining": "115",
        "x-ratelimit-reset": "60",
        "x-correlation-id": "00c98acf-7d29-4e76-8854-f4226146e38a",
        "content-type": "application/json; charset=utf-8",
        "content-length": "4290140",
        "etag": "W/\"41765c-f6oDZlzihgxReKfOVDbkPNQMx0U\""
      }
    }
    [35mresponseTime[39m: 473
[16:15:53.191] [32mINFO[39m (55920): [36mrequest completed[39m
    [35mreq[39m: {
      "id": 38,
      "method": "GET",
      "url": "/api/map-layers/layer-dgac-rpa/geojson",
      "query": {},
      "params": {
        "path": [
          "map-layers",
          "layer-dgac-rpa",
          "geojson"
        ]
      },
      "headers": {
        "host": "localhost:4000",
        "connection": "keep-alive",
        "authorization": "Bearer eyJhbGciOiJIUzI1NiIsInR5cCI6IkpXVCJ9.eyJzdWIiOiJ1c2VyLWFkbWluIiwiZW1haWwiOiJhZG1pbkBndW5nbmlyLmxvY2FsIiwicm9sZXMiOlsiYWRtaW4iLCJhZG1pbiIsImFkbWluIl0sImlhdCI6MTc3OTEzNTM1MSwiZXhwIjoxNzc5MTM2MjUxfQ.IsBAs0Zw2DHOFxJM_le-4sadNNB9tROAUmCe1pDekic",
        "accept": "*/*",
        "accept-language": "*",
        "sec-fetch-mode": "cors",
        "user-agent": "node",
        "pragma": "no-cache",
        "cache-control": "no-cache",
        "accept-encoding": "gzip, deflate"
      },
      "remoteAddress": "127.0.0.1",
      "remotePort": 50814
    }
    [35mres[39m: {
      "statusCode": 200,
      "headers": {
        "content-security-policy": "default-src 'self';base-uri 'self';font-src 'self' https: data:;form-action 'self';frame-ancestors 'self';img-src 'self' data:;object-src 'none';script-src 'self';script-src-attr 'none';style-src 'self' https: 'unsafe-inline';upgrade-insecure-requests",
        "cross-origin-opener-policy": "same-origin",
        "cross-origin-resource-policy": "same-origin",
        "origin-agent-cluster": "?1",
        "referrer-policy": "no-referrer",
        "strict-transport-security": "max-age=31536000; includeSubDomains",
        "x-content-type-options": "nosniff",
        "x-dns-prefetch-control": "off",
        "x-download-options": "noopen",
        "x-frame-options": "SAMEORIGIN",
        "x-permitted-cross-domain-policies": "none",
        "x-xss-protection": "0",
        "vary": "Origin",
        "access-control-allow-credentials": "true",
        "x-ratelimit-limit": "120",
        "x-ratelimit-remaining": "116",
        "x-ratelimit-reset": "60",
        "x-correlation-id": "ef7e37cd-5b6b-4e01-9c01-7a4d366553f1",
        "content-type": "application/json; charset=utf-8",
        "content-length": "1414895",
        "etag": "W/\"1596ef-U/DSj8MJm92knGs3hwZ7UeQE/DY\""
      }
    }
    [35mresponseTime[39m: 552
[16:15:53.202] [32mINFO[39m (55920): [36mrequest completed[39m
    [35mreq[39m: {
      "id": 41,
      "method": "GET",
      "url": "/api/map-layers/layer-air-traffic/geojson",
      "query": {},
      "params": {
        "path": [
          "map-layers",
          "layer-air-traffic",
          "geojson"
        ]
      },
      "headers": {
        "host": "localhost:4000",
        "connection": "keep-alive",
        "authorization": "Bearer eyJhbGciOiJIUzI1NiIsInR5cCI6IkpXVCJ9.eyJzdWIiOiJ1c2VyLWFkbWluIiwiZW1haWwiOiJhZG1pbkBndW5nbmlyLmxvY2FsIiwicm9sZXMiOlsiYWRtaW4iLCJhZG1pbiIsImFkbWluIl0sImlhdCI6MTc3OTEzNTM1MSwiZXhwIjoxNzc5MTM2MjUxfQ.IsBAs0Zw2DHOFxJM_le-4sadNNB9tROAUmCe1pDekic",
        "accept": "*/*",
        "accept-language": "*",
        "sec-fetch-mode": "cors",
        "user-agent": "node",
        "pragma": "no-cache",
        "cache-control": "no-cache",
        "accept-encoding": "gzip, deflate"
      },
      "remoteAddress": "127.0.0.1",
      "remotePort": 52319
    }
    [35mres[39m: {
      "statusCode": 200,
      "headers": {
        "content-security-policy": "default-src 'self';base-uri 'self';font-src 'self' https: data:;form-action 'self';frame-ancestors 'self';img-src 'self' data:;object-src 'none';script-src 'self';script-src-attr 'none';style-src 'self' https: 'unsafe-inline';upgrade-insecure-requests",
        "cross-origin-opener-policy": "same-origin",
        "cross-origin-resource-policy": "same-origin",
        "origin-agent-cluster": "?1",
        "referrer-policy": "no-referrer",
        "strict-transport-security": "max-age=31536000; includeSubDomains",
        "x-content-type-options": "nosniff",
        "x-dns-prefetch-control": "off",
        "x-download-options": "noopen",
        "x-frame-options": "SAMEORIGIN",
        "x-permitted-cross-domain-policies": "none",
        "x-xss-protection": "0",
        "vary": "Origin",
        "access-control-allow-credentials": "true",
        "x-ratelimit-limit": "120",
        "x-ratelimit-remaining": "113",
        "x-ratelimit-reset": "60",
        "x-correlation-id": "4afe59e7-038b-4b56-b3ef-31cac09c20bc",
        "content-type": "application/json; charset=utf-8",
        "content-length": "777",
        "etag": "W/\"309-32AKnVSWMzLr1P4EfPnR/cRT6rc\""
      }
    }
    [35mresponseTime[39m: 9
[16:16:09.654] [32mINFO[39m (55920): [36mrequest completed[39m
    [35mreq[39m: {
      "id": 42,
      "method": "GET",
      "url": "/api/auth/me",
      "query": {},
      "params": {
        "path": [
          "auth",
          "me"
        ]
      },
      "headers": {
        "host": "localhost:4000",
        "connection": "keep-alive",
        "authorization": "Bearer eyJhbGciOiJIUzI1NiIsInR5cCI6IkpXVCJ9.eyJzdWIiOiJ1c2VyLWFkbWluIiwiZW1haWwiOiJhZG1pbkBndW5nbmlyLmxvY2FsIiwicm9sZXMiOlsiYWRtaW4iLCJhZG1pbiIsImFkbWluIl0sImlhdCI6MTc3OTEzNTM1MSwiZXhwIjoxNzc5MTM2MjUxfQ.IsBAs0Zw2DHOFxJM_le-4sadNNB9tROAUmCe1pDekic",
        "accept": "*/*",
        "accept-language": "*",
        "sec-fetch-mode": "cors",
        "user-agent": "node",
        "pragma": "no-cache",
        "cache-control": "no-cache",
        "accept-encoding": "gzip, deflate"
      },
      "remoteAddress": "127.0.0.1",
      "remotePort": 63190
    }
    [35mres[39m: {
      "statusCode": 200,
      "headers": {
        "content-security-policy": "default-src 'self';base-uri 'self';font-src 'self' https: data:;form-action 'self';frame-ancestors 'self';img-src 'self' data:;object-src 'none';script-src 'self';script-src-attr 'none';style-src 'self' https: 'unsafe-inline';upgrade-insecure-requests",
        "cross-origin-opener-policy": "same-origin",
        "cross-origin-resource-policy": "same-origin",
        "origin-agent-cluster": "?1",
        "referrer-policy": "no-referrer",
        "strict-transport-security": "max-age=31536000; includeSubDomains",
        "x-content-type-options": "nosniff",
        "x-dns-prefetch-control": "off",
        "x-download-options": "noopen",
        "x-frame-options": "SAMEORIGIN",
        "x-permitted-cross-domain-policies": "none",
        "x-xss-protection": "0",
        "vary": "Origin",
        "access-control-allow-credentials": "true",
        "x-ratelimit-limit": "120",
        "x-ratelimit-remaining": "112",
        "x-ratelimit-reset": "40",
        "x-correlation-id": "83866a64-89d9-4d3f-94e3-174072f3cfda",
        "content-type": "application/json; charset=utf-8",
        "content-length": "132",
        "etag": "W/\"84-rvqS2EHAODw8XEufzLXR00Is0TQ\""
      }
    }
    [35mresponseTime[39m: 5
[16:16:09.682] [32mINFO[39m (55920): [36mrequest completed[39m
    [35mreq[39m: {
      "id": 43,
      "method": "GET",
      "url": "/api/v1/operations/bootstrap",
      "query": {},
      "params": {
        "path": [
          "v1",
          "operations",
          "bootstrap"
        ]
      },
      "headers": {
        "host": "localhost:4000",
        "connection": "keep-alive",
        "authorization": "Bearer eyJhbGciOiJIUzI1NiIsInR5cCI6IkpXVCJ9.eyJzdWIiOiJ1c2VyLWFkbWluIiwiZW1haWwiOiJhZG1pbkBndW5nbmlyLmxvY2FsIiwicm9sZXMiOlsiYWRtaW4iLCJhZG1pbiIsImFkbWluIl0sImlhdCI6MTc3OTEzNTM1MSwiZXhwIjoxNzc5MTM2MjUxfQ.IsBAs0Zw2DHOFxJM_le-4sadNNB9tROAUmCe1pDekic",
        "accept": "*/*",
        "accept-language": "*",
        "sec-fetch-mode": "cors",
        "user-agent": "node",
        "pragma": "no-cache",
        "cache-control": "no-cache",
        "accept-encoding": "gzip, deflate"
      },
      "remoteAddress": "127.0.0.1",
      "remotePort": 63192
    }
    [35mres[39m: {
      "statusCode": 200,
      "headers": {
        "content-security-policy": "default-src 'self';base-uri 'self';font-src 'self' https: data:;form-action 'self';frame-ancestors 'self';img-src 'self' data:;object-src 'none';script-src 'self';script-src-attr 'none';style-src 'self' https: 'unsafe-inline';upgrade-insecure-requests",
        "cross-origin-opener-policy": "same-origin",
        "cross-origin-resource-policy": "same-origin",
        "origin-agent-cluster": "?1",
        "referrer-policy": "no-referrer",
        "strict-transport-security": "max-age=31536000; includeSubDomains",
        "x-content-type-options": "nosniff",
        "x-dns-prefetch-control": "off",
        "x-download-options": "noopen",
        "x-frame-options": "SAMEORIGIN",
        "x-permitted-cross-domain-policies": "none",
        "x-xss-protection": "0",
        "vary": "Origin",
        "access-control-allow-credentials": "true",
        "x-ratelimit-limit": "120",
        "x-ratelimit-remaining": "117",
        "x-ratelimit-reset": "43",
        "x-correlation-id": "5256c05b-ab39-4eb1-8afa-445cb996361f",
        "content-type": "application/json; charset=utf-8",
        "content-length": "4201",
        "etag": "W/\"1069-luhAXVkO6Are404ummT6lyjHMVQ\""
      }
    }
    [35mresponseTime[39m: 16
[16:16:09.738] [32mINFO[39m (55920): [36mrequest completed[39m
    [35mreq[39m: {
      "id": 44,
      "method": "GET",
      "url": "/api/auth/me",
      "query": {},
      "params": {
        "path": [
          "auth",
          "me"
        ]
      },
      "headers": {
        "host": "localhost:4000",
        "connection": "keep-alive",
        "authorization": "Bearer eyJhbGciOiJIUzI1NiIsInR5cCI6IkpXVCJ9.eyJzdWIiOiJ1c2VyLWFkbWluIiwiZW1haWwiOiJhZG1pbkBndW5nbmlyLmxvY2FsIiwicm9sZXMiOlsiYWRtaW4iLCJhZG1pbiIsImFkbWluIl0sImlhdCI6MTc3OTEzNTM1MSwiZXhwIjoxNzc5MTM2MjUxfQ.IsBAs0Zw2DHOFxJM_le-4sadNNB9tROAUmCe1pDekic",
        "accept": "*/*",
        "accept-language": "*",
        "sec-fetch-mode": "cors",
        "user-agent": "node",
        "pragma": "no-cache",
        "cache-control": "no-cache",
        "accept-encoding": "gzip, deflate"
      },
      "remoteAddress": "127.0.0.1",
      "remotePort": 63190
    }
    [35mres[39m: {
      "statusCode": 200,
      "headers": {
        "content-security-policy": "default-src 'self';base-uri 'self';font-src 'self' https: data:;form-action 'self';frame-ancestors 'self';img-src 'self' data:;object-src 'none';script-src 'self';script-src-attr 'none';style-src 'self' https: 'unsafe-inline';upgrade-insecure-requests",
        "cross-origin-opener-policy": "same-origin",
        "cross-origin-resource-policy": "same-origin",
        "origin-agent-cluster": "?1",
        "referrer-policy": "no-referrer",
        "strict-transport-security": "max-age=31536000; includeSubDomains",
        "x-content-type-options": "nosniff",
        "x-dns-prefetch-control": "off",
        "x-download-options": "noopen",
        "x-frame-options": "SAMEORIGIN",
        "x-permitted-cross-domain-policies": "none",
        "x-xss-protection": "0",
        "vary": "Origin",
        "access-control-allow-credentials": "true",
        "x-ratelimit-limit": "120",
        "x-ratelimit-remaining": "111",
        "x-ratelimit-reset": "40",
        "x-correlation-id": "b3148e64-69e8-4357-8176-06277e86a041",
        "content-type": "application/json; charset=utf-8",
        "content-length": "132",
        "etag": "W/\"84-rvqS2EHAODw8XEufzLXR00Is0TQ\""
      }
    }
    [35mresponseTime[39m: 5
[16:16:09.841] [32mINFO[39m (55920): [36mrequest completed[39m
    [35mreq[39m: {
      "id": 46,
      "method": "GET",
      "url": "/api/devices",
      "query": {},
      "params": {
        "path": [
          "devices"
        ]
      },
      "headers": {
        "host": "localhost:4000",
        "connection": "keep-alive",
        "authorization": "Bearer eyJhbGciOiJIUzI1NiIsInR5cCI6IkpXVCJ9.eyJzdWIiOiJ1c2VyLWFkbWluIiwiZW1haWwiOiJhZG1pbkBndW5nbmlyLmxvY2FsIiwicm9sZXMiOlsiYWRtaW4iLCJhZG1pbiIsImFkbWluIl0sImlhdCI6MTc3OTEzNTM1MSwiZXhwIjoxNzc5MTM2MjUxfQ.IsBAs0Zw2DHOFxJM_le-4sadNNB9tROAUmCe1pDekic",
        "accept": "*/*",
        "accept-language": "*",
        "sec-fetch-mode": "cors",
        "user-agent": "node",
        "pragma": "no-cache",
        "cache-control": "no-cache",
        "accept-encoding": "gzip, deflate"
      },
      "remoteAddress": "127.0.0.1",
      "remotePort": 63192
    }
    [35mres[39m: {
      "statusCode": 200,
      "headers": {
        "content-security-policy": "default-src 'self';base-uri 'self';font-src 'self' https: data:;form-action 'self';frame-ancestors 'self';img-src 'self' data:;object-src 'none';script-src 'self';script-src-attr 'none';style-src 'self' https: 'unsafe-inline';upgrade-insecure-requests",
        "cross-origin-opener-policy": "same-origin",
        "cross-origin-resource-policy": "same-origin",
        "origin-agent-cluster": "?1",
        "referrer-policy": "no-referrer",
        "strict-transport-security": "max-age=31536000; includeSubDomains",
        "x-content-type-options": "nosniff",
        "x-dns-prefetch-control": "off",
        "x-download-options": "noopen",
        "x-frame-options": "SAMEORIGIN",
        "x-permitted-cross-domain-policies": "none",
        "x-xss-protection": "0",
        "vary": "Origin",
        "access-control-allow-credentials": "true",
        "x-ratelimit-limit": "120",
        "x-ratelimit-remaining": "117",
        "x-ratelimit-reset": "43",
        "x-correlation-id": "f766a9fa-e95c-49fc-83c1-e57a578e2968",
        "content-type": "application/json; charset=utf-8",
        "content-length": "391",
        "etag": "W/\"187-wFixndeDMExMbypLdc/dp5I7KtI\""
      }
    }
    [35mresponseTime[39m: 2
[16:16:09.851] [32mINFO[39m (55920): [36mrequest completed[39m
    [35mreq[39m: {
      "id": 47,
      "method": "GET",
      "url": "/api/tracks/current",
      "query": {},
      "params": {
        "path": [
          "tracks",
          "current"
        ]
      },
      "headers": {
        "host": "localhost:4000",
        "connection": "keep-alive",
        "authorization": "Bearer eyJhbGciOiJIUzI1NiIsInR5cCI6IkpXVCJ9.eyJzdWIiOiJ1c2VyLWFkbWluIiwiZW1haWwiOiJhZG1pbkBndW5nbmlyLmxvY2FsIiwicm9sZXMiOlsiYWRtaW4iLCJhZG1pbiIsImFkbWluIl0sImlhdCI6MTc3OTEzNTM1MSwiZXhwIjoxNzc5MTM2MjUxfQ.IsBAs0Zw2DHOFxJM_le-4sadNNB9tROAUmCe1pDekic",
        "accept": "*/*",
        "accept-language": "*",
        "sec-fetch-mode": "cors",
        "user-agent": "node",
        "pragma": "no-cache",
        "cache-control": "no-cache",
        "accept-encoding": "gzip, deflate"
      },
      "remoteAddress": "127.0.0.1",
      "remotePort": 52859
    }
    [35mres[39m: {
      "statusCode": 200,
      "headers": {
        "content-security-policy": "default-src 'self';base-uri 'self';font-src 'self' https: data:;form-action 'self';frame-ancestors 'self';img-src 'self' data:;object-src 'none';script-src 'self';script-src-attr 'none';style-src 'self' https: 'unsafe-inline';upgrade-insecure-requests",
        "cross-origin-opener-policy": "same-origin",
        "cross-origin-resource-policy": "same-origin",
        "origin-agent-cluster": "?1",
        "referrer-policy": "no-referrer",
        "strict-transport-security": "max-age=31536000; includeSubDomains",
        "x-content-type-options": "nosniff",
        "x-dns-prefetch-control": "off",
        "x-download-options": "noopen",
        "x-frame-options": "SAMEORIGIN",
        "x-permitted-cross-domain-policies": "none",
        "x-xss-protection": "0",
        "vary": "Origin",
        "access-control-allow-credentials": "true",
        "x-ratelimit-limit": "120",
        "x-ratelimit-remaining": "117",
        "x-ratelimit-reset": "43",
        "x-correlation-id": "96a10b07-2784-4090-ba8c-35b47a7b9e88",
        "content-type": "application/json; charset=utf-8",
        "content-length": "2",
        "etag": "W/\"2-l9Fw4VUO7kr8CvBlt4zaMCqXZ0w\""
      }
    }
    [35mresponseTime[39m: 3
[16:16:09.851] [32mINFO[39m (55920): [36mrequest completed[39m
    [35mreq[39m: {
      "id": 45,
      "method": "GET",
      "url": "/api/v1/operations/snapshot",
      "query": {},
      "params": {
        "path": [
          "v1",
          "operations",
          "snapshot"
        ]
      },
      "headers": {
        "host": "localhost:4000",
        "connection": "keep-alive",
        "authorization": "Bearer eyJhbGciOiJIUzI1NiIsInR5cCI6IkpXVCJ9.eyJzdWIiOiJ1c2VyLWFkbWluIiwiZW1haWwiOiJhZG1pbkBndW5nbmlyLmxvY2FsIiwicm9sZXMiOlsiYWRtaW4iLCJhZG1pbiIsImFkbWluIl0sImlhdCI6MTc3OTEzNTM1MSwiZXhwIjoxNzc5MTM2MjUxfQ.IsBAs0Zw2DHOFxJM_le-4sadNNB9tROAUmCe1pDekic",
        "accept": "*/*",
        "accept-language": "*",
        "sec-fetch-mode": "cors",
        "user-agent": "node",
        "pragma": "no-cache",
        "cache-control": "no-cache",
        "accept-encoding": "gzip, deflate"
      },
      "remoteAddress": "127.0.0.1",
      "remotePort": 63190
    }
    [35mres[39m: {
      "statusCode": 200,
      "headers": {
        "content-security-policy": "default-src 'self';base-uri 'self';font-src 'self' https: data:;form-action 'self';frame-ancestors 'self';img-src 'self' data:;object-src 'none';script-src 'self';script-src-attr 'none';style-src 'self' https: 'unsafe-inline';upgrade-insecure-requests",
        "cross-origin-opener-policy": "same-origin",
        "cross-origin-resource-policy": "same-origin",
        "origin-agent-cluster": "?1",
        "referrer-policy": "no-referrer",
        "strict-transport-security": "max-age=31536000; includeSubDomains",
        "x-content-type-options": "nosniff",
        "x-dns-prefetch-control": "off",
        "x-download-options": "noopen",
        "x-frame-options": "SAMEORIGIN",
        "x-permitted-cross-domain-policies": "none",
        "x-xss-protection": "0",
        "vary": "Origin",
        "access-control-allow-credentials": "true",
        "x-ratelimit-limit": "120",
        "x-ratelimit-remaining": "117",
        "x-ratelimit-reset": "43",
        "x-correlation-id": "ab5543e4-983c-4e9f-aecf-45d16997c7d1",
        "content-type": "application/json; charset=utf-8",
        "content-length": "3557",
        "etag": "W/\"de5-WxPdKfPqnJI5IvLlbt5eJO7bzSQ\""
      }
    }
    [35mresponseTime[39m: 12
[16:16:09.852] [32mINFO[39m (55920): [36mrequest completed[39m
    [35mreq[39m: {
      "id": 49,
      "method": "GET",
      "url": "/api/telemetry",
      "query": {},
      "params": {
        "path": [
          "telemetry"
        ]
      },
      "headers": {
        "host": "localhost:4000",
        "connection": "keep-alive",
        "authorization": "Bearer eyJhbGciOiJIUzI1NiIsInR5cCI6IkpXVCJ9.eyJzdWIiOiJ1c2VyLWFkbWluIiwiZW1haWwiOiJhZG1pbkBndW5nbmlyLmxvY2FsIiwicm9sZXMiOlsiYWRtaW4iLCJhZG1pbiIsImFkbWluIl0sImlhdCI6MTc3OTEzNTM1MSwiZXhwIjoxNzc5MTM2MjUxfQ.IsBAs0Zw2DHOFxJM_le-4sadNNB9tROAUmCe1pDekic",
        "accept": "*/*",
        "accept-language": "*",
        "sec-fetch-mode": "cors",
        "user-agent": "node",
        "pragma": "no-cache",
        "cache-control": "no-cache",
        "accept-encoding": "gzip, deflate"
      },
      "remoteAddress": "127.0.0.1",
      "remotePort": 52861
    }
    [35mres[39m: {
      "statusCode": 200,
      "headers": {
        "content-security-policy": "default-src 'self';base-uri 'self';font-src 'self' https: data:;form-action 'self';frame-ancestors 'self';img-src 'self' data:;object-src 'none';script-src 'self';script-src-attr 'none';style-src 'self' https: 'unsafe-inline';upgrade-insecure-requests",
        "cross-origin-opener-policy": "same-origin",
        "cross-origin-resource-policy": "same-origin",
        "origin-agent-cluster": "?1",
        "referrer-policy": "no-referrer",
        "strict-transport-security": "max-age=31536000; includeSubDomains",
        "x-content-type-options": "nosniff",
        "x-dns-prefetch-control": "off",
        "x-download-options": "noopen",
        "x-frame-options": "SAMEORIGIN",
        "x-permitted-cross-domain-policies": "none",
        "x-xss-protection": "0",
        "vary": "Origin",
        "access-control-allow-credentials": "true",
        "x-ratelimit-limit": "120",
        "x-ratelimit-remaining": "117",
        "x-ratelimit-reset": "43",
        "x-correlation-id": "4a7ac49d-a55e-4535-9090-b655384f25f8",
        "content-type": "application/json; charset=utf-8",
        "content-length": "426",
        "etag": "W/\"1aa-bjbCYD4WhTpb5Q/I7yK/VOE8NPE\""
      }
    }
    [35mresponseTime[39m: 2
[16:16:09.852] [32mINFO[39m (55920): [36mrequest completed[39m
    [35mreq[39m: {
      "id": 48,
      "method": "GET",
      "url": "/api/tracks/history",
      "query": {},
      "params": {
        "path": [
          "tracks",
          "history"
        ]
      },
      "headers": {
        "host": "localhost:4000",
        "connection": "keep-alive",
        "authorization": "Bearer eyJhbGciOiJIUzI1NiIsInR5cCI6IkpXVCJ9.eyJzdWIiOiJ1c2VyLWFkbWluIiwiZW1haWwiOiJhZG1pbkBndW5nbmlyLmxvY2FsIiwicm9sZXMiOlsiYWRtaW4iLCJhZG1pbiIsImFkbWluIl0sImlhdCI6MTc3OTEzNTM1MSwiZXhwIjoxNzc5MTM2MjUxfQ.IsBAs0Zw2DHOFxJM_le-4sadNNB9tROAUmCe1pDekic",
        "accept": "*/*",
        "accept-language": "*",
        "sec-fetch-mode": "cors",
        "user-agent": "node",
        "pragma": "no-cache",
        "cache-control": "no-cache",
        "accept-encoding": "gzip, deflate"
      },
      "remoteAddress": "127.0.0.1",
      "remotePort": 52860
    }
    [35mres[39m: {
      "statusCode": 200,
      "headers": {
        "content-security-policy": "default-src 'self';base-uri 'self';font-src 'self' https: data:;form-action 'self';frame-ancestors 'self';img-src 'self' data:;object-src 'none';script-src 'self';script-src-attr 'none';style-src 'self' https: 'unsafe-inline';upgrade-insecure-requests",
        "cross-origin-opener-policy": "same-origin",
        "cross-origin-resource-policy": "same-origin",
        "origin-agent-cluster": "?1",
        "referrer-policy": "no-referrer",
        "strict-transport-security": "max-age=31536000; includeSubDomains",
        "x-content-type-options": "nosniff",
        "x-dns-prefetch-control": "off",
        "x-download-options": "noopen",
        "x-frame-options": "SAMEORIGIN",
        "x-permitted-cross-domain-policies": "none",
        "x-xss-protection": "0",
        "vary": "Origin",
        "access-control-allow-credentials": "true",
        "x-ratelimit-limit": "120",
        "x-ratelimit-remaining": "117",
        "x-ratelimit-reset": "43",
        "x-correlation-id": "ab75f31c-4705-49f8-8657-ccc086ae4499",
        "content-type": "application/json; charset=utf-8",
        "content-length": "2",
        "etag": "W/\"2-l9Fw4VUO7kr8CvBlt4zaMCqXZ0w\""
      }
    }
    [35mresponseTime[39m: 3
[16:16:09.886] [32mINFO[39m (55920): [36mrequest completed[39m
    [35mreq[39m: {
      "id": 50,
      "method": "GET",
      "url": "/api/commands",
      "query": {},
      "params": {
        "path": [
          "commands"
        ]
      },
      "headers": {
        "host": "localhost:4000",
        "connection": "keep-alive",
        "authorization": "Bearer eyJhbGciOiJIUzI1NiIsInR5cCI6IkpXVCJ9.eyJzdWIiOiJ1c2VyLWFkbWluIiwiZW1haWwiOiJhZG1pbkBndW5nbmlyLmxvY2FsIiwicm9sZXMiOlsiYWRtaW4iLCJhZG1pbiIsImFkbWluIl0sImlhdCI6MTc3OTEzNTM1MSwiZXhwIjoxNzc5MTM2MjUxfQ.IsBAs0Zw2DHOFxJM_le-4sadNNB9tROAUmCe1pDekic",
        "accept": "*/*",
        "accept-language": "*",
        "sec-fetch-mode": "cors",
        "user-agent": "node",
        "pragma": "no-cache",
        "cache-control": "no-cache",
        "accept-encoding": "gzip, deflate"
      },
      "remoteAddress": "127.0.0.1",
      "remotePort": 63190
    }
    [35mres[39m: {
      "statusCode": 200,
      "headers": {
        "content-security-policy": "default-src 'self';base-uri 'self';font-src 'self' https: data:;form-action 'self';frame-ancestors 'self';img-src 'self' data:;object-src 'none';script-src 'self';script-src-attr 'none';style-src 'self' https: 'unsafe-inline';upgrade-insecure-requests",
        "cross-origin-opener-policy": "same-origin",
        "cross-origin-resource-policy": "same-origin",
        "origin-agent-cluster": "?1",
        "referrer-policy": "no-referrer",
        "strict-transport-security": "max-age=31536000; includeSubDomains",
        "x-content-type-options": "nosniff",
        "x-dns-prefetch-control": "off",
        "x-download-options": "noopen",
        "x-frame-options": "SAMEORIGIN",
        "x-permitted-cross-domain-policies": "none",
        "x-xss-protection": "0",
        "vary": "Origin",
        "access-control-allow-credentials": "true",
        "x-ratelimit-limit": "120",
        "x-ratelimit-remaining": "117",
        "x-ratelimit-reset": "43",
        "x-correlation-id": "b3036987-9922-4d3e-8322-8afdc1df7351",
        "content-type": "application/json; charset=utf-8",
        "content-length": "2",
        "etag": "W/\"2-l9Fw4VUO7kr8CvBlt4zaMCqXZ0w\""
      }
    }
    [35mresponseTime[39m: 3
[16:16:09.934] [32mINFO[39m (55920): [36mrequest completed[39m
    [35mreq[39m: {
      "id": 51,
      "method": "GET",
      "url": "/api/auth/me",
      "query": {},
      "params": {
        "path": [
          "auth",
          "me"
        ]
      },
      "headers": {
        "host": "localhost:4000",
        "connection": "keep-alive",
        "authorization": "Bearer eyJhbGciOiJIUzI1NiIsInR5cCI6IkpXVCJ9.eyJzdWIiOiJ1c2VyLWFkbWluIiwiZW1haWwiOiJhZG1pbkBndW5nbmlyLmxvY2FsIiwicm9sZXMiOlsiYWRtaW4iLCJhZG1pbiIsImFkbWluIl0sImlhdCI6MTc3OTEzNTM1MSwiZXhwIjoxNzc5MTM2MjUxfQ.IsBAs0Zw2DHOFxJM_le-4sadNNB9tROAUmCe1pDekic",
        "accept": "*/*",
        "accept-language": "*",
        "sec-fetch-mode": "cors",
        "user-agent": "node",
        "pragma": "no-cache",
        "cache-control": "no-cache",
        "accept-encoding": "gzip, deflate"
      },
      "remoteAddress": "127.0.0.1",
      "remotePort": 63190
    }
    [35mres[39m: {
      "statusCode": 200,
      "headers": {
        "content-security-policy": "default-src 'self';base-uri 'self';font-src 'self' https: data:;form-action 'self';frame-ancestors 'self';img-src 'self' data:;object-src 'none';script-src 'self';script-src-attr 'none';style-src 'self' https: 'unsafe-inline';upgrade-insecure-requests",
        "cross-origin-opener-policy": "same-origin",
        "cross-origin-resource-policy": "same-origin",
        "origin-agent-cluster": "?1",
        "referrer-policy": "no-referrer",
        "strict-transport-security": "max-age=31536000; includeSubDomains",
        "x-content-type-options": "nosniff",
        "x-dns-prefetch-control": "off",
        "x-download-options": "noopen",
        "x-frame-options": "SAMEORIGIN",
        "x-permitted-cross-domain-policies": "none",
        "x-xss-protection": "0",
        "vary": "Origin",
        "access-control-allow-credentials": "true",
        "x-ratelimit-limit": "120",
        "x-ratelimit-remaining": "110",
        "x-ratelimit-reset": "40",
        "x-correlation-id": "932fd2db-e135-40be-b961-a24961b198c1",
        "content-type": "application/json; charset=utf-8",
        "content-length": "132",
        "etag": "W/\"84-rvqS2EHAODw8XEufzLXR00Is0TQ\""
      }
    }
    [35mresponseTime[39m: 5
[16:16:09.952] [32mINFO[39m (55920): [36mrequest completed[39m
    [35mreq[39m: {
      "id": 52,
      "method": "GET",
      "url": "/api/missions",
      "query": {},
      "params": {
        "path": [
          "missions"
        ]
      },
      "headers": {
        "host": "localhost:4000",
        "connection": "keep-alive",
        "authorization": "Bearer eyJhbGciOiJIUzI1NiIsInR5cCI6IkpXVCJ9.eyJzdWIiOiJ1c2VyLWFkbWluIiwiZW1haWwiOiJhZG1pbkBndW5nbmlyLmxvY2FsIiwicm9sZXMiOlsiYWRtaW4iLCJhZG1pbiIsImFkbWluIl0sImlhdCI6MTc3OTEzNTM1MSwiZXhwIjoxNzc5MTM2MjUxfQ.IsBAs0Zw2DHOFxJM_le-4sadNNB9tROAUmCe1pDekic",
        "accept": "*/*",
        "accept-language": "*",
        "sec-fetch-mode": "cors",
        "user-agent": "node",
        "pragma": "no-cache",
        "cache-control": "no-cache",
        "accept-encoding": "gzip, deflate"
      },
      "remoteAddress": "127.0.0.1",
      "remotePort": 63192
    }
    [35mres[39m: {
      "statusCode": 200,
      "headers": {
        "content-security-policy": "default-src 'self';base-uri 'self';font-src 'self' https: data:;form-action 'self';frame-ancestors 'self';img-src 'self' data:;object-src 'none';script-src 'self';script-src-attr 'none';style-src 'self' https: 'unsafe-inline';upgrade-insecure-requests",
        "cross-origin-opener-policy": "same-origin",
        "cross-origin-resource-policy": "same-origin",
        "origin-agent-cluster": "?1",
        "referrer-policy": "no-referrer",
        "strict-transport-security": "max-age=31536000; includeSubDomains",
        "x-content-type-options": "nosniff",
        "x-dns-prefetch-control": "off",
        "x-download-options": "noopen",
        "x-frame-options": "SAMEORIGIN",
        "x-permitted-cross-domain-policies": "none",
        "x-xss-protection": "0",
        "vary": "Origin",
        "access-control-allow-credentials": "true",
        "x-ratelimit-limit": "120",
        "x-ratelimit-remaining": "117",
        "x-ratelimit-reset": "43",
        "x-correlation-id": "ab64cab3-97fa-4381-a301-b64be488ac58",
        "content-type": "application/json; charset=utf-8",
        "content-length": "2",
        "etag": "W/\"2-l9Fw4VUO7kr8CvBlt4zaMCqXZ0w\""
      }
    }
    [35mresponseTime[39m: 3
[16:16:09.953] [32mINFO[39m (55920): [36mrequest completed[39m
    [35mreq[39m: {
      "id": 53,
      "method": "GET",
      "url": "/api/geofences",
      "query": {},
      "params": {
        "path": [
          "geofences"
        ]
      },
      "headers": {
        "host": "localhost:4000",
        "connection": "keep-alive",
        "authorization": "Bearer eyJhbGciOiJIUzI1NiIsInR5cCI6IkpXVCJ9.eyJzdWIiOiJ1c2VyLWFkbWluIiwiZW1haWwiOiJhZG1pbkBndW5nbmlyLmxvY2FsIiwicm9sZXMiOlsiYWRtaW4iLCJhZG1pbiIsImFkbWluIl0sImlhdCI6MTc3OTEzNTM1MSwiZXhwIjoxNzc5MTM2MjUxfQ.IsBAs0Zw2DHOFxJM_le-4sadNNB9tROAUmCe1pDekic",
        "accept": "*/*",
        "accept-language": "*",
        "sec-fetch-mode": "cors",
        "user-agent": "node",
        "pragma": "no-cache",
        "cache-control": "no-cache",
        "accept-encoding": "gzip, deflate"
      },
      "remoteAddress": "127.0.0.1",
      "remotePort": 52859
    }
    [35mres[39m: {
      "statusCode": 200,
      "headers": {
        "content-security-policy": "default-src 'self';base-uri 'self';font-src 'self' https: data:;form-action 'self';frame-ancestors 'self';img-src 'self' data:;object-src 'none';script-src 'self';script-src-attr 'none';style-src 'self' https: 'unsafe-inline';upgrade-insecure-requests",
        "cross-origin-opener-policy": "same-origin",
        "cross-origin-resource-policy": "same-origin",
        "origin-agent-cluster": "?1",
        "referrer-policy": "no-referrer",
        "strict-transport-security": "max-age=31536000; includeSubDomains",
        "x-content-type-options": "nosniff",
        "x-dns-prefetch-control": "off",
        "x-download-options": "noopen",
        "x-frame-options": "SAMEORIGIN",
        "x-permitted-cross-domain-policies": "none",
        "x-xss-protection": "0",
        "vary": "Origin",
        "access-control-allow-credentials": "true",
        "x-ratelimit-limit": "120",
        "x-ratelimit-remaining": "117",
        "x-ratelimit-reset": "43",
        "x-correlation-id": "536e161d-22a2-4620-aa1a-cd7d7edf0e29",
        "content-type": "application/json; charset=utf-8",
        "content-length": "2",
        "etag": "W/\"2-l9Fw4VUO7kr8CvBlt4zaMCqXZ0w\""
      }
    }
    [35mresponseTime[39m: 3
[16:16:09.972] [32mINFO[39m (55920): [36mrequest completed[39m
    [35mreq[39m: {
      "id": 54,
      "method": "GET",
      "url": "/api/map-layers",
      "query": {},
      "params": {
        "path": [
          "map-layers"
        ]
      },
      "headers": {
        "host": "localhost:4000",
        "connection": "keep-alive",
        "authorization": "Bearer eyJhbGciOiJIUzI1NiIsInR5cCI6IkpXVCJ9.eyJzdWIiOiJ1c2VyLWFkbWluIiwiZW1haWwiOiJhZG1pbkBndW5nbmlyLmxvY2FsIiwicm9sZXMiOlsiYWRtaW4iLCJhZG1pbiIsImFkbWluIl0sImlhdCI6MTc3OTEzNTM1MSwiZXhwIjoxNzc5MTM2MjUxfQ.IsBAs0Zw2DHOFxJM_le-4sadNNB9tROAUmCe1pDekic",
        "accept": "*/*",
        "accept-language": "*",
        "sec-fetch-mode": "cors",
        "user-agent": "node",
        "pragma": "no-cache",
        "cache-control": "no-cache",
        "accept-encoding": "gzip, deflate"
      },
      "remoteAddress": "127.0.0.1",
      "remotePort": 63190
    }
    [35mres[39m: {
      "statusCode": 200,
      "headers": {
        "content-security-policy": "default-src 'self';base-uri 'self';font-src 'self' https: data:;form-action 'self';frame-ancestors 'self';img-src 'self' data:;object-src 'none';script-src 'self';script-src-attr 'none';style-src 'self' https: 'unsafe-inline';upgrade-insecure-requests",
        "cross-origin-opener-policy": "same-origin",
        "cross-origin-resource-policy": "same-origin",
        "origin-agent-cluster": "?1",
        "referrer-policy": "no-referrer",
        "strict-transport-security": "max-age=31536000; includeSubDomains",
        "x-content-type-options": "nosniff",
        "x-dns-prefetch-control": "off",
        "x-download-options": "noopen",
        "x-frame-options": "SAMEORIGIN",
        "x-permitted-cross-domain-policies": "none",
        "x-xss-protection": "0",
        "vary": "Origin",
        "access-control-allow-credentials": "true",
        "x-ratelimit-limit": "120",
        "x-ratelimit-remaining": "117",
        "x-ratelimit-reset": "43",
        "x-correlation-id": "ee484e63-8774-4902-bbd7-8a359bab9182",
        "content-type": "application/json; charset=utf-8",
        "content-length": "2746",
        "etag": "W/\"aba-LsQgSgK/oc5bs6U/h4AlDLlp/LM\""
      }
    }
    [35mresponseTime[39m: 2
[16:16:09.999] [32mINFO[39m (55920): [36mrequest completed[39m
    [35mreq[39m: {
      "id": 55,
      "method": "GET",
      "url": "/api/v1/operations/snapshot",
      "query": {},
      "params": {
        "path": [
          "v1",
          "operations",
          "snapshot"
        ]
      },
      "headers": {
        "host": "localhost:4000",
        "connection": "keep-alive",
        "authorization": "Bearer eyJhbGciOiJIUzI1NiIsInR5cCI6IkpXVCJ9.eyJzdWIiOiJ1c2VyLWFkbWluIiwiZW1haWwiOiJhZG1pbkBndW5nbmlyLmxvY2FsIiwicm9sZXMiOlsiYWRtaW4iLCJhZG1pbiIsImFkbWluIl0sImlhdCI6MTc3OTEzNTM1MSwiZXhwIjoxNzc5MTM2MjUxfQ.IsBAs0Zw2DHOFxJM_le-4sadNNB9tROAUmCe1pDekic",
        "accept": "*/*",
        "accept-language": "*",
        "sec-fetch-mode": "cors",
        "user-agent": "node",
        "pragma": "no-cache",
        "cache-control": "no-cache",
        "accept-encoding": "gzip, deflate"
      },
      "remoteAddress": "127.0.0.1",
      "remotePort": 63190
    }
    [35mres[39m: {
      "statusCode": 200,
      "headers": {
        "content-security-policy": "default-src 'self';base-uri 'self';font-src 'self' https: data:;form-action 'self';frame-ancestors 'self';img-src 'self' data:;object-src 'none';script-src 'self';script-src-attr 'none';style-src 'self' https: 'unsafe-inline';upgrade-insecure-requests",
        "cross-origin-opener-policy": "same-origin",
        "cross-origin-resource-policy": "same-origin",
        "origin-agent-cluster": "?1",
        "referrer-policy": "no-referrer",
        "strict-transport-security": "max-age=31536000; includeSubDomains",
        "x-content-type-options": "nosniff",
        "x-dns-prefetch-control": "off",
        "x-download-options": "noopen",
        "x-frame-options": "SAMEORIGIN",
        "x-permitted-cross-domain-policies": "none",
        "x-xss-protection": "0",
        "vary": "Origin",
        "access-control-allow-credentials": "true",
        "x-ratelimit-limit": "120",
        "x-ratelimit-remaining": "116",
        "x-ratelimit-reset": "43",
        "x-correlation-id": "07266c16-9183-4c74-a740-d01c57a0cb96",
        "content-type": "application/json; charset=utf-8",
        "content-length": "3557",
        "etag": "W/\"de5-WxPdKfPqnJI5IvLlbt5eJO7bzSQ\""
      }
    }
    [35mresponseTime[39m: 9
[16:16:10.016] [32mINFO[39m (55920): [36mrequest completed[39m
    [35mreq[39m: {
      "id": 56,
      "method": "GET",
      "url": "/api/devices",
      "query": {},
      "params": {
        "path": [
          "devices"
        ]
      },
      "headers": {
        "host": "localhost:4000",
        "connection": "keep-alive",
        "authorization": "Bearer eyJhbGciOiJIUzI1NiIsInR5cCI6IkpXVCJ9.eyJzdWIiOiJ1c2VyLWFkbWluIiwiZW1haWwiOiJhZG1pbkBndW5nbmlyLmxvY2FsIiwicm9sZXMiOlsiYWRtaW4iLCJhZG1pbiIsImFkbWluIl0sImlhdCI6MTc3OTEzNTM1MSwiZXhwIjoxNzc5MTM2MjUxfQ.IsBAs0Zw2DHOFxJM_le-4sadNNB9tROAUmCe1pDekic",
        "accept": "*/*",
        "accept-language": "*",
        "sec-fetch-mode": "cors",
        "user-agent": "node",
        "pragma": "no-cache",
        "cache-control": "no-cache",
        "accept-encoding": "gzip, deflate"
      },
      "remoteAddress": "127.0.0.1",
      "remotePort": 63192
    }
    [35mres[39m: {
      "statusCode": 200,
      "headers": {
        "content-security-policy": "default-src 'self';base-uri 'self';font-src 'self' https: data:;form-action 'self';frame-ancestors 'self';img-src 'self' data:;object-src 'none';script-src 'self';script-src-attr 'none';style-src 'self' https: 'unsafe-inline';upgrade-insecure-requests",
        "cross-origin-opener-policy": "same-origin",
        "cross-origin-resource-policy": "same-origin",
        "origin-agent-cluster": "?1",
        "referrer-policy": "no-referrer",
        "strict-transport-security": "max-age=31536000; includeSubDomains",
        "x-content-type-options": "nosniff",
        "x-dns-prefetch-control": "off",
        "x-download-options": "noopen",
        "x-frame-options": "SAMEORIGIN",
        "x-permitted-cross-domain-policies": "none",
        "x-xss-protection": "0",
        "vary": "Origin",
        "access-control-allow-credentials": "true",
        "x-ratelimit-limit": "120",
        "x-ratelimit-remaining": "116",
        "x-ratelimit-reset": "43",
        "x-correlation-id": "f4a44202-88cd-4a27-8b5b-421b36b0a856",
        "content-type": "application/json; charset=utf-8",
        "content-length": "391",
        "etag": "W/\"187-wFixndeDMExMbypLdc/dp5I7KtI\""
      }
    }
    [35mresponseTime[39m: 2
[16:16:10.042] [34mDEBUG[39m (55920): [36mRealtime client connected: CjO6rbUUj7akZJG8AAAF[39m
    [35mcontext[39m: "RealtimeGateway"
[16:16:10.050] [32mINFO[39m (55920): [36mrequest completed[39m
    [35mreq[39m: {
      "id": 57,
      "method": "GET",
      "url": "/api/tracks/current",
      "query": {},
      "params": {
        "path": [
          "tracks",
          "current"
        ]
      },
      "headers": {
        "host": "localhost:4000",
        "connection": "keep-alive",
        "authorization": "Bearer eyJhbGciOiJIUzI1NiIsInR5cCI6IkpXVCJ9.eyJzdWIiOiJ1c2VyLWFkbWluIiwiZW1haWwiOiJhZG1pbkBndW5nbmlyLmxvY2FsIiwicm9sZXMiOlsiYWRtaW4iLCJhZG1pbiIsImFkbWluIl0sImlhdCI6MTc3OTEzNTM1MSwiZXhwIjoxNzc5MTM2MjUxfQ.IsBAs0Zw2DHOFxJM_le-4sadNNB9tROAUmCe1pDekic",
        "accept": "*/*",
        "accept-language": "*",
        "sec-fetch-mode": "cors",
        "user-agent": "node",
        "pragma": "no-cache",
        "cache-control": "no-cache",
        "accept-encoding": "gzip, deflate"
      },
      "remoteAddress": "127.0.0.1",
      "remotePort": 63190
    }
    [35mres[39m: {
      "statusCode": 200,
      "headers": {
        "content-security-policy": "default-src 'self';base-uri 'self';font-src 'self' https: data:;form-action 'self';frame-ancestors 'self';img-src 'self' data:;object-src 'none';script-src 'self';script-src-attr 'none';style-src 'self' https: 'unsafe-inline';upgrade-insecure-requests",
        "cross-origin-opener-policy": "same-origin",
        "cross-origin-resource-policy": "same-origin",
        "origin-agent-cluster": "?1",
        "referrer-policy": "no-referrer",
        "strict-transport-security": "max-age=31536000; includeSubDomains",
        "x-content-type-options": "nosniff",
        "x-dns-prefetch-control": "off",
        "x-download-options": "noopen",
        "x-frame-options": "SAMEORIGIN",
        "x-permitted-cross-domain-policies": "none",
        "x-xss-protection": "0",
        "vary": "Origin",
        "access-control-allow-credentials": "true",
        "x-ratelimit-limit": "120",
        "x-ratelimit-remaining": "116",
        "x-ratelimit-reset": "43",
        "x-correlation-id": "0ac3b5f5-fe8d-48ae-a636-ad367f1bfa02",
        "content-type": "application/json; charset=utf-8",
        "content-length": "2",
        "etag": "W/\"2-l9Fw4VUO7kr8CvBlt4zaMCqXZ0w\""
      }
    }
    [35mresponseTime[39m: 2
[16:16:10.106] [32mINFO[39m (55920): [36mrequest completed[39m
    [35mreq[39m: {
      "id": 59,
      "method": "GET",
      "url": "/api/tracks/history",
      "query": {},
      "params": {
        "path": [
          "tracks",
          "history"
        ]
      },
      "headers": {
        "host": "localhost:4000",
        "connection": "keep-alive",
        "authorization": "Bearer eyJhbGciOiJIUzI1NiIsInR5cCI6IkpXVCJ9.eyJzdWIiOiJ1c2VyLWFkbWluIiwiZW1haWwiOiJhZG1pbkBndW5nbmlyLmxvY2FsIiwicm9sZXMiOlsiYWRtaW4iLCJhZG1pbiIsImFkbWluIl0sImlhdCI6MTc3OTEzNTM1MSwiZXhwIjoxNzc5MTM2MjUxfQ.IsBAs0Zw2DHOFxJM_le-4sadNNB9tROAUmCe1pDekic",
        "accept": "*/*",
        "accept-language": "*",
        "sec-fetch-mode": "cors",
        "user-agent": "node",
        "pragma": "no-cache",
        "cache-control": "no-cache",
        "accept-encoding": "gzip, deflate"
      },
      "remoteAddress": "127.0.0.1",
      "remotePort": 52859
    }
    [35mres[39m: {
      "statusCode": 200,
      "headers": {
        "content-security-policy": "default-src 'self';base-uri 'self';font-src 'self' https: data:;form-action 'self';frame-ancestors 'self';img-src 'self' data:;object-src 'none';script-src 'self';script-src-attr 'none';style-src 'self' https: 'unsafe-inline';upgrade-insecure-requests",
        "cross-origin-opener-policy": "same-origin",
        "cross-origin-resource-policy": "same-origin",
        "origin-agent-cluster": "?1",
        "referrer-policy": "no-referrer",
        "strict-transport-security": "max-age=31536000; includeSubDomains",
        "x-content-type-options": "nosniff",
        "x-dns-prefetch-control": "off",
        "x-download-options": "noopen",
        "x-frame-options": "SAMEORIGIN",
        "x-permitted-cross-domain-policies": "none",
        "x-xss-protection": "0",
        "vary": "Origin",
        "access-control-allow-credentials": "true",
        "x-ratelimit-limit": "120",
        "x-ratelimit-remaining": "116",
        "x-ratelimit-reset": "43",
        "x-correlation-id": "ef7883b1-3541-4e38-943d-d987cc71f5af",
        "content-type": "application/json; charset=utf-8",
        "content-length": "2",
        "etag": "W/\"2-l9Fw4VUO7kr8CvBlt4zaMCqXZ0w\""
      }
    }
    [35mresponseTime[39m: 2
[16:16:10.106] [32mINFO[39m (55920): [36mrequest completed[39m
    [35mreq[39m: {
      "id": 58,
      "method": "GET",
      "url": "/api/telemetry",
      "query": {},
      "params": {
        "path": [
          "telemetry"
        ]
      },
      "headers": {
        "host": "localhost:4000",
        "connection": "keep-alive",
        "authorization": "Bearer eyJhbGciOiJIUzI1NiIsInR5cCI6IkpXVCJ9.eyJzdWIiOiJ1c2VyLWFkbWluIiwiZW1haWwiOiJhZG1pbkBndW5nbmlyLmxvY2FsIiwicm9sZXMiOlsiYWRtaW4iLCJhZG1pbiIsImFkbWluIl0sImlhdCI6MTc3OTEzNTM1MSwiZXhwIjoxNzc5MTM2MjUxfQ.IsBAs0Zw2DHOFxJM_le-4sadNNB9tROAUmCe1pDekic",
        "accept": "*/*",
        "accept-language": "*",
        "sec-fetch-mode": "cors",
        "user-agent": "node",
        "pragma": "no-cache",
        "cache-control": "no-cache",
        "accept-encoding": "gzip, deflate"
      },
      "remoteAddress": "127.0.0.1",
      "remotePort": 63192
    }
    [35mres[39m: {
      "statusCode": 200,
      "headers": {
        "content-security-policy": "default-src 'self';base-uri 'self';font-src 'self' https: data:;form-action 'self';frame-ancestors 'self';img-src 'self' data:;object-src 'none';script-src 'self';script-src-attr 'none';style-src 'self' https: 'unsafe-inline';upgrade-insecure-requests",
        "cross-origin-opener-policy": "same-origin",
        "cross-origin-resource-policy": "same-origin",
        "origin-agent-cluster": "?1",
        "referrer-policy": "no-referrer",
        "strict-transport-security": "max-age=31536000; includeSubDomains",
        "x-content-type-options": "nosniff",
        "x-dns-prefetch-control": "off",
        "x-download-options": "noopen",
        "x-frame-options": "SAMEORIGIN",
        "x-permitted-cross-domain-policies": "none",
        "x-xss-protection": "0",
        "vary": "Origin",
        "access-control-allow-credentials": "true",
        "x-ratelimit-limit": "120",
        "x-ratelimit-remaining": "116",
        "x-ratelimit-reset": "43",
        "x-correlation-id": "eb9d5510-f04f-4358-8e63-ecb0906f452c",
        "content-type": "application/json; charset=utf-8",
        "content-length": "426",
        "etag": "W/\"1aa-bjbCYD4WhTpb5Q/I7yK/VOE8NPE\""
      }
    }
    [35mresponseTime[39m: 5
[16:16:10.109] [32mINFO[39m (55920): [36mrequest completed[39m
    [35mreq[39m: {
      "id": 60,
      "method": "GET",
      "url": "/api/commands",
      "query": {},
      "params": {
        "path": [
          "commands"
        ]
      },
      "headers": {
        "host": "localhost:4000",
        "connection": "keep-alive",
        "authorization": "Bearer eyJhbGciOiJIUzI1NiIsInR5cCI6IkpXVCJ9.eyJzdWIiOiJ1c2VyLWFkbWluIiwiZW1haWwiOiJhZG1pbkBndW5nbmlyLmxvY2FsIiwicm9sZXMiOlsiYWRtaW4iLCJhZG1pbiIsImFkbWluIl0sImlhdCI6MTc3OTEzNTM1MSwiZXhwIjoxNzc5MTM2MjUxfQ.IsBAs0Zw2DHOFxJM_le-4sadNNB9tROAUmCe1pDekic",
        "accept": "*/*",
        "accept-language": "*",
        "sec-fetch-mode": "cors",
        "user-agent": "node",
        "pragma": "no-cache",
        "cache-control": "no-cache",
        "accept-encoding": "gzip, deflate"
      },
      "remoteAddress": "127.0.0.1",
      "remotePort": 63190
    }
    [35mres[39m: {
      "statusCode": 200,
      "headers": {
        "content-security-policy": "default-src 'self';base-uri 'self';font-src 'self' https: data:;form-action 'self';frame-ancestors 'self';img-src 'self' data:;object-src 'none';script-src 'self';script-src-attr 'none';style-src 'self' https: 'unsafe-inline';upgrade-insecure-requests",
        "cross-origin-opener-policy": "same-origin",
        "cross-origin-resource-policy": "same-origin",
        "origin-agent-cluster": "?1",
        "referrer-policy": "no-referrer",
        "strict-transport-security": "max-age=31536000; includeSubDomains",
        "x-content-type-options": "nosniff",
        "x-dns-prefetch-control": "off",
        "x-download-options": "noopen",
        "x-frame-options": "SAMEORIGIN",
        "x-permitted-cross-domain-policies": "none",
        "x-xss-protection": "0",
        "vary": "Origin",
        "access-control-allow-credentials": "true",
        "x-ratelimit-limit": "120",
        "x-ratelimit-remaining": "116",
        "x-ratelimit-reset": "43",
        "x-correlation-id": "b4571348-7184-43ab-8b26-6368c6e5a3eb",
        "content-type": "application/json; charset=utf-8",
        "content-length": "2",
        "etag": "W/\"2-l9Fw4VUO7kr8CvBlt4zaMCqXZ0w\""
      }
    }
    [35mresponseTime[39m: 2
[16:16:10.132] [32mINFO[39m (55920): [36mrequest completed[39m
    [35mreq[39m: {
      "id": 61,
      "method": "GET",
      "url": "/api/missions",
      "query": {},
      "params": {
        "path": [
          "missions"
        ]
      },
      "headers": {
        "host": "localhost:4000",
        "connection": "keep-alive",
        "authorization": "Bearer eyJhbGciOiJIUzI1NiIsInR5cCI6IkpXVCJ9.eyJzdWIiOiJ1c2VyLWFkbWluIiwiZW1haWwiOiJhZG1pbkBndW5nbmlyLmxvY2FsIiwicm9sZXMiOlsiYWRtaW4iLCJhZG1pbiIsImFkbWluIl0sImlhdCI6MTc3OTEzNTM1MSwiZXhwIjoxNzc5MTM2MjUxfQ.IsBAs0Zw2DHOFxJM_le-4sadNNB9tROAUmCe1pDekic",
        "accept": "*/*",
        "accept-language": "*",
        "sec-fetch-mode": "cors",
        "user-agent": "node",
        "pragma": "no-cache",
        "cache-control": "no-cache",
        "accept-encoding": "gzip, deflate"
      },
      "remoteAddress": "127.0.0.1",
      "remotePort": 63190
    }
    [35mres[39m: {
      "statusCode": 200,
      "headers": {
        "content-security-policy": "default-src 'self';base-uri 'self';font-src 'self' https: data:;form-action 'self';frame-ancestors 'self';img-src 'self' data:;object-src 'none';script-src 'self';script-src-attr 'none';style-src 'self' https: 'unsafe-inline';upgrade-insecure-requests",
        "cross-origin-opener-policy": "same-origin",
        "cross-origin-resource-policy": "same-origin",
        "origin-agent-cluster": "?1",
        "referrer-policy": "no-referrer",
        "strict-transport-security": "max-age=31536000; includeSubDomains",
        "x-content-type-options": "nosniff",
        "x-dns-prefetch-control": "off",
        "x-download-options": "noopen",
        "x-frame-options": "SAMEORIGIN",
        "x-permitted-cross-domain-policies": "none",
        "x-xss-protection": "0",
        "vary": "Origin",
        "access-control-allow-credentials": "true",
        "x-ratelimit-limit": "120",
        "x-ratelimit-remaining": "116",
        "x-ratelimit-reset": "43",
        "x-correlation-id": "bcd150c1-9839-4d09-a703-118b798362b1",
        "content-type": "application/json; charset=utf-8",
        "content-length": "2",
        "etag": "W/\"2-l9Fw4VUO7kr8CvBlt4zaMCqXZ0w\""
      }
    }
    [35mresponseTime[39m: 2
[16:16:10.152] [32mINFO[39m (55920): [36mrequest completed[39m
    [35mreq[39m: {
      "id": 62,
      "method": "GET",
      "url": "/api/geofences",
      "query": {},
      "params": {
        "path": [
          "geofences"
        ]
      },
      "headers": {
        "host": "localhost:4000",
        "connection": "keep-alive",
        "authorization": "Bearer eyJhbGciOiJIUzI1NiIsInR5cCI6IkpXVCJ9.eyJzdWIiOiJ1c2VyLWFkbWluIiwiZW1haWwiOiJhZG1pbkBndW5nbmlyLmxvY2FsIiwicm9sZXMiOlsiYWRtaW4iLCJhZG1pbiIsImFkbWluIl0sImlhdCI6MTc3OTEzNTM1MSwiZXhwIjoxNzc5MTM2MjUxfQ.IsBAs0Zw2DHOFxJM_le-4sadNNB9tROAUmCe1pDekic",
        "accept": "*/*",
        "accept-language": "*",
        "sec-fetch-mode": "cors",
        "user-agent": "node",
        "pragma": "no-cache",
        "cache-control": "no-cache",
        "accept-encoding": "gzip, deflate"
      },
      "remoteAddress": "127.0.0.1",
      "remotePort": 63192
    }
    [35mres[39m: {
      "statusCode": 200,
      "headers": {
        "content-security-policy": "default-src 'self';base-uri 'self';font-src 'self' https: data:;form-action 'self';frame-ancestors 'self';img-src 'self' data:;object-src 'none';script-src 'self';script-src-attr 'none';style-src 'self' https: 'unsafe-inline';upgrade-insecure-requests",
        "cross-origin-opener-policy": "same-origin",
        "cross-origin-resource-policy": "same-origin",
        "origin-agent-cluster": "?1",
        "referrer-policy": "no-referrer",
        "strict-transport-security": "max-age=31536000; includeSubDomains",
        "x-content-type-options": "nosniff",
        "x-dns-prefetch-control": "off",
        "x-download-options": "noopen",
        "x-frame-options": "SAMEORIGIN",
        "x-permitted-cross-domain-policies": "none",
        "x-xss-protection": "0",
        "vary": "Origin",
        "access-control-allow-credentials": "true",
        "x-ratelimit-limit": "120",
        "x-ratelimit-remaining": "116",
        "x-ratelimit-reset": "43",
        "x-correlation-id": "0e7e28ff-5e78-4ce5-a93c-a4a93c486adb",
        "content-type": "application/json; charset=utf-8",
        "content-length": "2",
        "etag": "W/\"2-l9Fw4VUO7kr8CvBlt4zaMCqXZ0w\""
      }
    }
    [35mresponseTime[39m: 2
[16:16:10.178] [32mINFO[39m (55920): [36mrequest completed[39m
    [35mreq[39m: {
      "id": 63,
      "method": "GET",
      "url": "/api/map-layers",
      "query": {},
      "params": {
        "path": [
          "map-layers"
        ]
      },
      "headers": {
        "host": "localhost:4000",
        "connection": "keep-alive",
        "authorization": "Bearer eyJhbGciOiJIUzI1NiIsInR5cCI6IkpXVCJ9.eyJzdWIiOiJ1c2VyLWFkbWluIiwiZW1haWwiOiJhZG1pbkBndW5nbmlyLmxvY2FsIiwicm9sZXMiOlsiYWRtaW4iLCJhZG1pbiIsImFkbWluIl0sImlhdCI6MTc3OTEzNTM1MSwiZXhwIjoxNzc5MTM2MjUxfQ.IsBAs0Zw2DHOFxJM_le-4sadNNB9tROAUmCe1pDekic",
        "accept": "*/*",
        "accept-language": "*",
        "sec-fetch-mode": "cors",
        "user-agent": "node",
        "pragma": "no-cache",
        "cache-control": "no-cache",
        "accept-encoding": "gzip, deflate"
      },
      "remoteAddress": "127.0.0.1",
      "remotePort": 63190
    }
    [35mres[39m: {
      "statusCode": 200,
      "headers": {
        "content-security-policy": "default-src 'self';base-uri 'self';font-src 'self' https: data:;form-action 'self';frame-ancestors 'self';img-src 'self' data:;object-src 'none';script-src 'self';script-src-attr 'none';style-src 'self' https: 'unsafe-inline';upgrade-insecure-requests",
        "cross-origin-opener-policy": "same-origin",
        "cross-origin-resource-policy": "same-origin",
        "origin-agent-cluster": "?1",
        "referrer-policy": "no-referrer",
        "strict-transport-security": "max-age=31536000; includeSubDomains",
        "x-content-type-options": "nosniff",
        "x-dns-prefetch-control": "off",
        "x-download-options": "noopen",
        "x-frame-options": "SAMEORIGIN",
        "x-permitted-cross-domain-policies": "none",
        "x-xss-protection": "0",
        "vary": "Origin",
        "access-control-allow-credentials": "true",
        "x-ratelimit-limit": "120",
        "x-ratelimit-remaining": "116",
        "x-ratelimit-reset": "43",
        "x-correlation-id": "002dedae-a72c-4ded-8dae-1d85b57b733c",
        "content-type": "application/json; charset=utf-8",
        "content-length": "2746",
        "etag": "W/\"aba-LsQgSgK/oc5bs6U/h4AlDLlp/LM\""
      }
    }
    [35mresponseTime[39m: 2
[16:16:10.322] [32mINFO[39m (55920): [36mrequest completed[39m
    [35mreq[39m: {
      "id": 67,
      "method": "GET",
      "url": "/api/map-layers/layer-fire-intel/geojson",
      "query": {},
      "params": {
        "path": [
          "map-layers",
          "layer-fire-intel",
          "geojson"
        ]
      },
      "headers": {
        "host": "localhost:4000",
        "connection": "keep-alive",
        "authorization": "Bearer eyJhbGciOiJIUzI1NiIsInR5cCI6IkpXVCJ9.eyJzdWIiOiJ1c2VyLWFkbWluIiwiZW1haWwiOiJhZG1pbkBndW5nbmlyLmxvY2FsIiwicm9sZXMiOlsiYWRtaW4iLCJhZG1pbiIsImFkbWluIl0sImlhdCI6MTc3OTEzNTM1MSwiZXhwIjoxNzc5MTM2MjUxfQ.IsBAs0Zw2DHOFxJM_le-4sadNNB9tROAUmCe1pDekic",
        "accept": "*/*",
        "accept-language": "*",
        "sec-fetch-mode": "cors",
        "user-agent": "node",
        "pragma": "no-cache",
        "cache-control": "no-cache",
        "accept-encoding": "gzip, deflate"
      },
      "remoteAddress": "127.0.0.1",
      "remotePort": 52860
    }
    [35mres[39m: {
      "statusCode": 200,
      "headers": {
        "content-security-policy": "default-src 'self';base-uri 'self';font-src 'self' https: data:;form-action 'self';frame-ancestors 'self';img-src 'self' data:;object-src 'none';script-src 'self';script-src-attr 'none';style-src 'self' https: 'unsafe-inline';upgrade-insecure-requests",
        "cross-origin-opener-policy": "same-origin",
        "cross-origin-resource-policy": "same-origin",
        "origin-agent-cluster": "?1",
        "referrer-policy": "no-referrer",
        "strict-transport-security": "max-age=31536000; includeSubDomains",
        "x-content-type-options": "nosniff",
        "x-dns-prefetch-control": "off",
        "x-download-options": "noopen",
        "x-frame-options": "SAMEORIGIN",
        "x-permitted-cross-domain-policies": "none",
        "x-xss-protection": "0",
        "vary": "Origin",
        "access-control-allow-credentials": "true",
        "x-ratelimit-limit": "120",
        "x-ratelimit-remaining": "109",
        "x-ratelimit-reset": "43",
        "x-correlation-id": "b5aace24-2b0b-43f0-aa23-773e8e97d115",
        "content-type": "application/json; charset=utf-8",
        "content-length": "780",
        "etag": "W/\"30c-Wp8FJU+e+hQYADLY1f8QGrH2FcQ\""
      }
    }
    [35mresponseTime[39m: 7
[16:16:10.337] [32mINFO[39m (55920): [36mrequest completed[39m
    [35mreq[39m: {
      "id": 64,
      "method": "GET",
      "url": "/api/map-layers/layer-dgac-aerodromes/geojson",
      "query": {},
      "params": {
        "path": [
          "map-layers",
          "layer-dgac-aerodromes",
          "geojson"
        ]
      },
      "headers": {
        "host": "localhost:4000",
        "connection": "keep-alive",
        "authorization": "Bearer eyJhbGciOiJIUzI1NiIsInR5cCI6IkpXVCJ9.eyJzdWIiOiJ1c2VyLWFkbWluIiwiZW1haWwiOiJhZG1pbkBndW5nbmlyLmxvY2FsIiwicm9sZXMiOlsiYWRtaW4iLCJhZG1pbiIsImFkbWluIl0sImlhdCI6MTc3OTEzNTM1MSwiZXhwIjoxNzc5MTM2MjUxfQ.IsBAs0Zw2DHOFxJM_le-4sadNNB9tROAUmCe1pDekic",
        "accept": "*/*",
        "accept-language": "*",
        "sec-fetch-mode": "cors",
        "user-agent": "node",
        "pragma": "no-cache",
        "cache-control": "no-cache",
        "accept-encoding": "gzip, deflate"
      },
      "remoteAddress": "127.0.0.1",
      "remotePort": 63190
    }
    [35mres[39m: {
      "statusCode": 200,
      "headers": {
        "content-security-policy": "default-src 'self';base-uri 'self';font-src 'self' https: data:;form-action 'self';frame-ancestors 'self';img-src 'self' data:;object-src 'none';script-src 'self';script-src-attr 'none';style-src 'self' https: 'unsafe-inline';upgrade-insecure-requests",
        "cross-origin-opener-policy": "same-origin",
        "cross-origin-resource-policy": "same-origin",
        "origin-agent-cluster": "?1",
        "referrer-policy": "no-referrer",
        "strict-transport-security": "max-age=31536000; includeSubDomains",
        "x-content-type-options": "nosniff",
        "x-dns-prefetch-control": "off",
        "x-download-options": "noopen",
        "x-frame-options": "SAMEORIGIN",
        "x-permitted-cross-domain-policies": "none",
        "x-xss-protection": "0",
        "vary": "Origin",
        "access-control-allow-credentials": "true",
        "x-ratelimit-limit": "120",
        "x-ratelimit-remaining": "112",
        "x-ratelimit-reset": "43",
        "x-correlation-id": "7f413331-f26d-4e2d-b060-eca889418155",
        "content-type": "application/json; charset=utf-8",
        "content-length": "595231",
        "etag": "W/\"9151f-qXUtIJUgMTSxiK2moJEnQ4gfGAs\""
      }
    }
    [35mresponseTime[39m: 24
[16:16:10.339] [32mINFO[39m (55920): [36mrequest completed[39m
    [35mreq[39m: {
      "id": 65,
      "method": "GET",
      "url": "/api/map-layers/layer-dgac-firs/geojson",
      "query": {},
      "params": {
        "path": [
          "map-layers",
          "layer-dgac-firs",
          "geojson"
        ]
      },
      "headers": {
        "host": "localhost:4000",
        "connection": "keep-alive",
        "authorization": "Bearer eyJhbGciOiJIUzI1NiIsInR5cCI6IkpXVCJ9.eyJzdWIiOiJ1c2VyLWFkbWluIiwiZW1haWwiOiJhZG1pbkBndW5nbmlyLmxvY2FsIiwicm9sZXMiOlsiYWRtaW4iLCJhZG1pbiIsImFkbWluIl0sImlhdCI6MTc3OTEzNTM1MSwiZXhwIjoxNzc5MTM2MjUxfQ.IsBAs0Zw2DHOFxJM_le-4sadNNB9tROAUmCe1pDekic",
        "accept": "*/*",
        "accept-language": "*",
        "sec-fetch-mode": "cors",
        "user-agent": "node",
        "pragma": "no-cache",
        "cache-control": "no-cache",
        "accept-encoding": "gzip, deflate"
      },
      "remoteAddress": "127.0.0.1",
      "remotePort": 63192
    }
    [35mres[39m: {
      "statusCode": 200,
      "headers": {
        "content-security-policy": "default-src 'self';base-uri 'self';font-src 'self' https: data:;form-action 'self';frame-ancestors 'self';img-src 'self' data:;object-src 'none';script-src 'self';script-src-attr 'none';style-src 'self' https: 'unsafe-inline';upgrade-insecure-requests",
        "cross-origin-opener-policy": "same-origin",
        "cross-origin-resource-policy": "same-origin",
        "origin-agent-cluster": "?1",
        "referrer-policy": "no-referrer",
        "strict-transport-security": "max-age=31536000; includeSubDomains",
        "x-content-type-options": "nosniff",
        "x-dns-prefetch-control": "off",
        "x-download-options": "noopen",
        "x-frame-options": "SAMEORIGIN",
        "x-permitted-cross-domain-policies": "none",
        "x-xss-protection": "0",
        "vary": "Origin",
        "access-control-allow-credentials": "true",
        "x-ratelimit-limit": "120",
        "x-ratelimit-remaining": "111",
        "x-ratelimit-reset": "43",
        "x-correlation-id": "bbdae3e9-bdae-4057-99d1-bd9ab6052ef8",
        "content-type": "application/json; charset=utf-8",
        "content-length": "11254",
        "etag": "W/\"2bf6-SLXPB8h1iW6/ozk/rCr/ctyEyzw\""
      }
    }
    [35mresponseTime[39m: 25
[16:16:10.408] [32mINFO[39m (55920): [36mrequest completed[39m
    [35mreq[39m: {
      "id": 68,
      "method": "GET",
      "url": "/api/map-layers/layer-dgac-rpa/geojson",
      "query": {},
      "params": {
        "path": [
          "map-layers",
          "layer-dgac-rpa",
          "geojson"
        ]
      },
      "headers": {
        "host": "localhost:4000",
        "connection": "keep-alive",
        "authorization": "Bearer eyJhbGciOiJIUzI1NiIsInR5cCI6IkpXVCJ9.eyJzdWIiOiJ1c2VyLWFkbWluIiwiZW1haWwiOiJhZG1pbkBndW5nbmlyLmxvY2FsIiwicm9sZXMiOlsiYWRtaW4iLCJhZG1pbiIsImFkbWluIl0sImlhdCI6MTc3OTEzNTM1MSwiZXhwIjoxNzc5MTM2MjUxfQ.IsBAs0Zw2DHOFxJM_le-4sadNNB9tROAUmCe1pDekic",
        "accept": "*/*",
        "accept-language": "*",
        "sec-fetch-mode": "cors",
        "user-agent": "node",
        "pragma": "no-cache",
        "cache-control": "no-cache",
        "accept-encoding": "gzip, deflate"
      },
      "remoteAddress": "127.0.0.1",
      "remotePort": 52861
    }
    [35mres[39m: {
      "statusCode": 200,
      "headers": {
        "content-security-policy": "default-src 'self';base-uri 'self';font-src 'self' https: data:;form-action 'self';frame-ancestors 'self';img-src 'self' data:;object-src 'none';script-src 'self';script-src-attr 'none';style-src 'self' https: 'unsafe-inline';upgrade-insecure-requests",
        "cross-origin-opener-policy": "same-origin",
        "cross-origin-resource-policy": "same-origin",
        "origin-agent-cluster": "?1",
        "referrer-policy": "no-referrer",
        "strict-transport-security": "max-age=31536000; includeSubDomains",
        "x-content-type-options": "nosniff",
        "x-dns-prefetch-control": "off",
        "x-download-options": "noopen",
        "x-frame-options": "SAMEORIGIN",
        "x-permitted-cross-domain-policies": "none",
        "x-xss-protection": "0",
        "vary": "Origin",
        "access-control-allow-credentials": "true",
        "x-ratelimit-limit": "120",
        "x-ratelimit-remaining": "108",
        "x-ratelimit-reset": "43",
        "x-correlation-id": "13627e7a-e7af-4a70-a3f9-e3a065abde93",
        "content-type": "application/json; charset=utf-8",
        "content-length": "1414895",
        "etag": "W/\"1596ef-U/DSj8MJm92knGs3hwZ7UeQE/DY\""
      }
    }
    [35mresponseTime[39m: 92
[16:16:10.504] [32mINFO[39m (55920): [36mrequest completed[39m
    [35mreq[39m: {
      "id": 66,
      "method": "GET",
      "url": "/api/map-layers/layer-dgac-local-points/geojson",
      "query": {},
      "params": {
        "path": [
          "map-layers",
          "layer-dgac-local-points",
          "geojson"
        ]
      },
      "headers": {
        "host": "localhost:4000",
        "connection": "keep-alive",
        "authorization": "Bearer eyJhbGciOiJIUzI1NiIsInR5cCI6IkpXVCJ9.eyJzdWIiOiJ1c2VyLWFkbWluIiwiZW1haWwiOiJhZG1pbkBndW5nbmlyLmxvY2FsIiwicm9sZXMiOlsiYWRtaW4iLCJhZG1pbiIsImFkbWluIl0sImlhdCI6MTc3OTEzNTM1MSwiZXhwIjoxNzc5MTM2MjUxfQ.IsBAs0Zw2DHOFxJM_le-4sadNNB9tROAUmCe1pDekic",
        "accept": "*/*",
        "accept-language": "*",
        "sec-fetch-mode": "cors",
        "user-agent": "node",
        "pragma": "no-cache",
        "cache-control": "no-cache",
        "accept-encoding": "gzip, deflate"
      },
      "remoteAddress": "127.0.0.1",
      "remotePort": 52859
    }
    [35mres[39m: {
      "statusCode": 200,
      "headers": {
        "content-security-policy": "default-src 'self';base-uri 'self';font-src 'self' https: data:;form-action 'self';frame-ancestors 'self';img-src 'self' data:;object-src 'none';script-src 'self';script-src-attr 'none';style-src 'self' https: 'unsafe-inline';upgrade-insecure-requests",
        "cross-origin-opener-policy": "same-origin",
        "cross-origin-resource-policy": "same-origin",
        "origin-agent-cluster": "?1",
        "referrer-policy": "no-referrer",
        "strict-transport-security": "max-age=31536000; includeSubDomains",
        "x-content-type-options": "nosniff",
        "x-dns-prefetch-control": "off",
        "x-download-options": "noopen",
        "x-frame-options": "SAMEORIGIN",
        "x-permitted-cross-domain-policies": "none",
        "x-xss-protection": "0",
        "vary": "Origin",
        "access-control-allow-credentials": "true",
        "x-ratelimit-limit": "120",
        "x-ratelimit-remaining": "110",
        "x-ratelimit-reset": "43",
        "x-correlation-id": "15280c1a-771e-4deb-bad3-4fbbafea92f3",
        "content-type": "application/json; charset=utf-8",
        "content-length": "1280069",
        "etag": "W/\"138845-LcYBXS9nZ3Bc1Gb5sE5KvbCMy4A\""
      }
    }
    [35mresponseTime[39m: 189
[16:16:10.518] [32mINFO[39m (55920): [36mrequest completed[39m
    [35mreq[39m: {
      "id": 70,
      "method": "GET",
      "url": "/api/map-layers/layer-air-traffic/geojson",
      "query": {},
      "params": {
        "path": [
          "map-layers",
          "layer-air-traffic",
          "geojson"
        ]
      },
      "headers": {
        "host": "localhost:4000",
        "connection": "keep-alive",
        "authorization": "Bearer eyJhbGciOiJIUzI1NiIsInR5cCI6IkpXVCJ9.eyJzdWIiOiJ1c2VyLWFkbWluIiwiZW1haWwiOiJhZG1pbkBndW5nbmlyLmxvY2FsIiwicm9sZXMiOlsiYWRtaW4iLCJhZG1pbiIsImFkbWluIl0sImlhdCI6MTc3OTEzNTM1MSwiZXhwIjoxNzc5MTM2MjUxfQ.IsBAs0Zw2DHOFxJM_le-4sadNNB9tROAUmCe1pDekic",
        "accept": "*/*",
        "accept-language": "*",
        "sec-fetch-mode": "cors",
        "user-agent": "node",
        "pragma": "no-cache",
        "cache-control": "no-cache",
        "accept-encoding": "gzip, deflate"
      },
      "remoteAddress": "127.0.0.1",
      "remotePort": 63192
    }
    [35mres[39m: {
      "statusCode": 200,
      "headers": {
        "content-security-policy": "default-src 'self';base-uri 'self';font-src 'self' https: data:;form-action 'self';frame-ancestors 'self';img-src 'self' data:;object-src 'none';script-src 'self';script-src-attr 'none';style-src 'self' https: 'unsafe-inline';upgrade-insecure-requests",
        "cross-origin-opener-policy": "same-origin",
        "cross-origin-resource-policy": "same-origin",
        "origin-agent-cluster": "?1",
        "referrer-policy": "no-referrer",
        "strict-transport-security": "max-age=31536000; includeSubDomains",
        "x-content-type-options": "nosniff",
        "x-dns-prefetch-control": "off",
        "x-download-options": "noopen",
        "x-frame-options": "SAMEORIGIN",
        "x-permitted-cross-domain-policies": "none",
        "x-xss-protection": "0",
        "vary": "Origin",
        "access-control-allow-credentials": "true",
        "x-ratelimit-limit": "120",
        "x-ratelimit-remaining": "106",
        "x-ratelimit-reset": "43",
        "x-correlation-id": "6510e1e6-5b06-4b22-aced-135a267baab6",
        "content-type": "application/json; charset=utf-8",
        "content-length": "777",
        "etag": "W/\"309-32AKnVSWMzLr1P4EfPnR/cRT6rc\""
      }
    }
    [35mresponseTime[39m: 11
[16:16:10.765] [32mINFO[39m (55920): [36mrequest completed[39m
    [35mreq[39m: {
      "id": 69,
      "method": "GET",
      "url": "/api/map-layers/layer-dgac-notams/geojson",
      "query": {},
      "params": {
        "path": [
          "map-layers",
          "layer-dgac-notams",
          "geojson"
        ]
      },
      "headers": {
        "host": "localhost:4000",
        "connection": "keep-alive",
        "authorization": "Bearer eyJhbGciOiJIUzI1NiIsInR5cCI6IkpXVCJ9.eyJzdWIiOiJ1c2VyLWFkbWluIiwiZW1haWwiOiJhZG1pbkBndW5nbmlyLmxvY2FsIiwicm9sZXMiOlsiYWRtaW4iLCJhZG1pbiIsImFkbWluIl0sImlhdCI6MTc3OTEzNTM1MSwiZXhwIjoxNzc5MTM2MjUxfQ.IsBAs0Zw2DHOFxJM_le-4sadNNB9tROAUmCe1pDekic",
        "accept": "*/*",
        "accept-language": "*",
        "sec-fetch-mode": "cors",
        "user-agent": "node",
        "pragma": "no-cache",
        "cache-control": "no-cache",
        "accept-encoding": "gzip, deflate"
      },
      "remoteAddress": "127.0.0.1",
      "remotePort": 50958
    }
    [35mres[39m: {
      "statusCode": 200,
      "headers": {
        "content-security-policy": "default-src 'self';base-uri 'self';font-src 'self' https: data:;form-action 'self';frame-ancestors 'self';img-src 'self' data:;object-src 'none';script-src 'self';script-src-attr 'none';style-src 'self' https: 'unsafe-inline';upgrade-insecure-requests",
        "cross-origin-opener-policy": "same-origin",
        "cross-origin-resource-policy": "same-origin",
        "origin-agent-cluster": "?1",
        "referrer-policy": "no-referrer",
        "strict-transport-security": "max-age=31536000; includeSubDomains",
        "x-content-type-options": "nosniff",
        "x-dns-prefetch-control": "off",
        "x-download-options": "noopen",
        "x-frame-options": "SAMEORIGIN",
        "x-permitted-cross-domain-policies": "none",
        "x-xss-protection": "0",
        "vary": "Origin",
        "access-control-allow-credentials": "true",
        "x-ratelimit-limit": "120",
        "x-ratelimit-remaining": "107",
        "x-ratelimit-reset": "43",
        "x-correlation-id": "f71c02e6-44ea-40a1-87cd-488b6afccd4f",
        "content-type": "application/json; charset=utf-8",
        "content-length": "4290140",
        "etag": "W/\"41765c-f6oDZlzihgxReKfOVDbkPNQMx0U\""
      }
    }
    [35mresponseTime[39m: 447
